:020000041000EA
:1000000000B5324B212058609868022188439860DF
:10001000D860186158612E4B002199600221596106
:100020000121F02299502B49196001219960352056
:1000300000F044F80222904214D00621196600F024
:1000400034F8196E01211966002018661A6600F04E
:100050002CF8196E196E196E052000F02FF8012189
:100060000842F9D1002199601B49196000215960AB
:100070001A491B48016001219960EB211966A021F2
:10008000196600F012F800219960164914480160C1
:100090000121996001BC002800D000471248134993
:1000A000086003C880F30888084703B5996A0420EC
:1000B0000142FBD001200142F8D103BD02B5186610
:1000C0001866FFF7F2FF186E186E02BD00000240BE
:1000D000000000180000070000035F00212200005C
:1000E000F4000018222000A00001001008ED00E03C
:1000F00000000000000000000000000074B24E7A12
:1001000000200420F7010010C3010010C5010010F9
:10011000C1010010C1010010C1010010C101001097
:10012000C1010010C1010010C1010010C701001081
:10013000C1010010C1010010C9010010CB01001065
:10014000CD010010CD010010CD010010CD01001037
:10015000CD010010CD010010CD010010CD01001027
:10016000CD010010CD010010CD010010CD01001017
:10017000CD010010CD010010CD010010CD01001007
:10018000CD010010CD010010CD010010CD010010F7
:10019000CD010010CD010010CD010010CD010010E7
:1001A000CD010010CD010010CD010010CD010010D7
:1001B000CD010010CD010010CD010010CD010010C7
:1001C00000BE00BE00BE00BE00BE00BEEFF3058054
:1001D000103800BEF2EB88713C3E05105C3E051005
:1001E0003402001090A31AE700201F49086006C8D7
:1001F00081F3088810471D48006800282FD10DA4FE
:100200000ECC002902D000F012F8F9E71849194A7B
:10021000002000E001C19142FCD1174988471749ED
:1002200088471749884700BEFDE701C901C29A42C5
:10023000FBD370475C3E0510C0000020B02C0020AE
:100240004C6A051000000420000004204C6A0510D0
:10025000001004200010042000000000704709482E
:100260000DF012FA0047000008ED00E0000000D099
:10027000B02C00200C5903207DBE00105503001047
:10028000B1BF00105756000006005250ABB3605388
:10029000109A041006005250861C0302209A041083
:1002A000060052505422A29D2C9A04100500525070
:1002B000DE65F4684C6A0510F8B5C0460448054B85
:1002C00010B5834203D0044B002B00D0984710BDDB
:1002D000B02C0020B02C0020000000000648074988
:1002E000091A8B10C90FC91810B5491003D0044B57
:1002F000002B00D0984710BDB02C0020B02C00205F
:100300000000000010B5074C2378002B09D1FFF73F
:10031000D5FF054B002B02D0044800E000BF0123AD
:10032000237010BDB83100200000000010950410AB
:10033000054B10B5002B03D00449054800E000BF71
:10034000FFF7CCFF10BDC04600000000BC3100200C
:100350001095041070B519200AF05CF8D0238022A3
:100360001B0692045A6224480EF012FD0EF070FE35
:1003700022480EF00DFD00F05FF821480EF008FD58
:1003800007F038F81F480EF003FD08F04DFB1E483B
:100390000EF0FEFC07F06CFA09F0B4FB0022052415
:1003A0001A4B1A7006F064FB19480EF0F1FC194D57
:1003B000013C210028000EF03FFEFA2080000AF0E8
:1003C00039FE002CF4D10A200EF096FC0122002107
:1003D00011480AF0F7FA114810F0EAFF0122104B19
:1003E000104C1A702378012BFCD108F0D9FC23782B
:1003F000012BFAD0F6E7C0461095041020950410A2
:100400002C9504103895041048950410F4580320D6
:100410005895041064950410EC570320E58F0010E4
:10042000F3580320F858032010B5024811F0E8FAF9
:1004300010BDC04604380320092370B586B005936B
:1004400004330493023B0393013B0293023B324D7E
:10045000324C0193324B22003249334800932B0037
:1004600005F0C4FF142005F0BDFFFA2080000AF05B
:10047000E1FD2E4E21003200280006F0CFF933783E
:10048000682B08D02A4C20000EF082FCFA20800055
:100490000AF0D0FDF7E773783D2BF3D1012221005C
:1004A000280006F0DFF9234E32002100280006F074
:1004B00013FA3378002BF7D101222100280006F02F
:1004C0008FF80121200006F06DF80321200005F0CF
:1004D000FFFF0321280006F029F91321200006F070
:1004E00069FA1221200006F0A3FA0021200006F08C
:1004F00081FA0321200006F00BFA0221200006F009
:1005000023FA5521200006F001F81821280006F0F2
:10051000A7F806B070BDC046B01F032040330020CE
:1005200040420F009C20002094200020BC58032053
:100530007895041009590320F0B5C646334C344D64
:10054000344E22002900300000B506F079F96378B6
:10055000DB439B0720D023781B0702D480BCB8461E
:10056000F0BD2D4C0622002120000EF093FA210050
:10057000300006F035F90023E05E05F09FFF274DBF
:1005800028600223E05E05F099FF68600423E05EC6
:1005900005F094FFA860E1E7214B06229846180079
:1005A00000210EF077FA1F4F0622002138000EF0CE
:1005B00071FA4146280006F0F5F83900280006F0E7
:1005C000D3F843460020185E05F064FF4346164DFD
:1005D00028600220185E05F05DFF43466860042035
:1005E000185E05F057FFA8600023F85E05F05CFF79
:1005F0000E4D28600223F85E05F056FF6860042364
:10060000F85E05F051FFA860A5E7C046004E032044
:1006100040330020B01F0320003E03200C43032082
:10062000F03D0320F83D0320803C0320A03C032044
:10063000F0B55746DE464E464546E0B58BB00891CC
:100640009246190005900993DA1703238C4613404C
:1006500063449B109B009846002B00DC90E05246C0
:10066000159B00249B000193149B9B1A159A9B1ABF
:10067000089A9B00029353681268190194460491EA
:10068000069251469A00039252468D000021013A8B
:1006900092000792002289465900DE00CB189B0089
:1006A0009B461300424665440092019A94469C443E
:1006B000039B1A199F195346002B1EDD069B0598B4
:1006C00019196346804600989B0043448046009475
:1006D000086818600098081A845804315C608459CE
:1006E0009C60C059D86010338D42F1D143460799C0
:1006F000009363468C4604339C440421029B5A4475
:1007000063448C461400049A3E00E1449446009AE7
:100710005E4465444A45C8DC1A00009B9846099B24
:10072000434526DD1499159C089B0D1B514609CBAA
:100730006D1A00291DDD41469E004B439B00C018E9
:1007400053469C00059B47469C46099BAB469846F2
:10075000159B994600234A4491006144C558CD50E9
:1007600004339C42FAD1524401375A448019B845A7
:10077000F0D10BB0F0BCBB46B246A946A046F0BDD6
:100780000022CCE7F0B54746CE4680B51F00002BCF
:100790001DDD002A1BDD9300C0180B68002498465D
:1007A0004B689100D200494252428C4691469B00D0
:1007B000614645182900A20042441668D21840C17B
:1007C0008142FAD14A460134A81AA742F0D1C0BCEE
:1007D000B946B046F0BDC046F0B5DE464E46574677
:1007E00045460023E0B5136083688BB0049305236E
:1007F0009B4600235E46099202680293013B0790E4
:100800000691039208930523049C9B1B5C43984626
:10081000029BA4009C46039B64449C46644423685A
:100820005D0063686D085F007F08291C381C0DF0AF
:10083000EDFE002800D1CCE03D1C0127731C9A4638
:10084000022B37D9A368291C5B005B08181C99464A
:100850000DF0DCFE002801D04D4602275346032B45
:1008600028D0E368291C5B005B08181C99460DF032
:10087000CDFE002801D04D4603275346042B19D046
:100880002369281C5B005B08191C99460DF0B0FE1B
:10089000002801D04D4604275346062B0AD164692F
:1008A000281C64006408211C0DF0A2FE002801D061
:1008B0000527251C069B029A474400219F50281CAF
:1008C0000DF08EFE002800D185E0089B013300D199
:1008D000FEE0062347469B1B9C46079A05939268B9
:1008E000574367440492BF000599049B0C009A008B
:1008F0005C43029B00929C46039BA5001A00654442
:100900008C4691469B46924690463B1D6444A4000B
:10091000994404335D445C449A44BB440433103727
:10092000944698443B000027634401935B46296842
:1009300018680DF026FE011C20680DF008FE2060EE
:10094000012E2DD94B46286819680DF01AFE011C9E
:1009500060680DF0FCFD6060022E21D053462868CF
:1009600019680DF00EFE011CA0680DF0F0FDA060EE
:10097000032E15D04346286819680DF002FE011CAD
:10098000E0680DF0E4FDE060052E09D1019B2968C7
:1009900018680DF0F6FD011C20690DF0D8FD2061EE
:1009A000009B01379C4665446444BE42BED1029B15
:1009B000013E04330293059B052B00D023E71A0068
:1009C000069B5A610BB0F0BCBB46B246A946A04696
:1009D000F0BD002732E7474530D0039902988C4696
:1009E000BF0067448446079A3C6892680B5892009F
:1009F0000C5061443B608918BB1808681C680C6087
:100A0000186089189B1808681C680C6018608918A1
:100A10009B1808681C680C60186089189B18086887
:100A20001C680C60186089189B1818680A680860B0
:100A30001A60099A13680093013313604746079BB5
:100A4000039A9B685F4304930623991B43468C4695
:100A5000FB189B0067449C58BF00D5192868059176
:100A6000211C0DF07AFD2860012E00D83CE7039B85
:100A70003D1D9C4665442868211C0DF06EFD2860D4
:100A8000022E00D130E7039B3D009C4608356544AB
:100A90002868211C0DF061FD2860032E00D123E79A
:100AA000039B3D009C460C3565442868211C0DF0D5
:100AB00054FD2860042E00D116E7039A3D009446A9
:100AC000103565442868211C0DF047FD28600BE7B0
:100AD000062347469B1B9C4605934346079A08936B
:100AE0009268574367440492BF00FDE6F0B557464D
:100AF000DE464E464546E0B599B01493249B8246A7
:100B0000259C26985D1C00D1229B651C00D1229C4F
:100B1000239DEE1703253540239EB4466544AD1052
:100B2000AF000725229E0E97AE4335000096149E17
:100B3000002E00DC88E29B00169323011093030132
:100B4000D31817936B1EDB0801330391D9015B01A6
:100B50000F93A3007C432018800011931318159362
:100B60000023D346139108930E9B002B00DCC2E1B7
:100B70000F9A039B944663441293179BD8460193A4
:100B8000002302930298434601000CCB089C594372
:100B9000A4466144890051180991411C594361449C
:100BA000890051180A91811C5943614489005118E8
:100BB0000B91C11C4B4363449B00D318019E0C93C3
:100BC000009B3400002B00DC45E2039B0025994686
:100BD00000234C46AA46AB46A946069504952F1C11
:100BE000059507950D9325683168281C0DF0C9FC03
:100BF00059460DF0AFFC71688346281C0DF0C1FC0E
:100C000051460DF0A7FCB1688246281C0DF0B9FCD6
:100C100007990DF09FFCF1680790281C0DF0B1FCBE
:100C200005990DF097FC059065683169281C0DF059
:100C3000A8FC391C0DF08EFC7169071C281C0DF0F6
:100C4000A0FC04990DF086FCB1690490281C0DF0FD
:100C500098FC06990DF07EFCF1690690281C0DF0B9
:100C600090FC49460DF076FC8146A568316A281C47
:100C70000DF087FC59460DF06DFC716A8346281C07
:100C80000DF07FFC51460DF065FCB16A8246281CD0
:100C90000DF077FC07990DF05DFCF16A0790281CB8
:100CA0000DF06FFC05990DF055FC0590E568316B72
:100CB000281C0DF066FC391C0DF04CFC716B071CF8
:100CC000281C0DF05EFC04990DF044FCB16B0490FF
:100CD000281C0DF056FC06990DF03CFCF16B0690BB
:100CE000281C0DF04EFC49460DF034FC8146256968
:100CF000316C281C0DF045FC59460DF02BFC716C35
:100D00008346281C0DF03DFC51460DF023FCB16CD0
:100D10008246281C0DF035FC07990DF01BFCF16C88
:100D20000790281C0DF02DFC05990DF013FC059083
:100D30006569316D281C0DF024FC391C0DF00AFC8E
:100D4000716D071C281C0DF01CFC04990DF002FCB1
:100D5000B16D0490281C0DF014FC06990DF0FAFBFF
:100D6000F16D0690281C0DF00CFC49460DF0F2FBCD
:100D70008146A569316E281C0DF003FC59460DF023
:100D8000E9FB716E8346281C0DF0FBFB51460DF00C
:100D9000E1FBB16E8246281C0DF0F3FB07990DF0C4
:100DA000D9FBF16E0790281C0DF0EBFB05990DF0B7
:100DB000D1FB0590E569316F281C0DF0E2FB391C71
:100DC0000DF0C8FB716F071C281C0DF0DAFB0499AD
:100DD0000DF0C0FBB16F0490281C0DF0D2FB0699FA
:100DE0000DF0B8FBF16F0690281C0DF0CAFB4946C8
:100DF0000DF0B0FB8146803620340D9B009A0833FD
:100E00000D939A4200DDEEE6139B019C9C46051C67
:100E10005946381C64440DF09DFB5146071C04984C
:100E20000DF098FB0799061C06980DF093FB0599A9
:100E30008146281C0DF08EFB129B051C9A46229AB7
:100E4000009B9A4230DDAB460493534620CB216889
:100E5000281C9A460DF095FB011C381C0DF07AFBFE
:100E60006168071C281C0DF08CFB011C301C0DF068
:100E700071FBA168061C281C0DF083FB011C484671
:100E80000DF068FBE1688146281C0DF07AFB011C1F
:100E900058460DF05FFB8346049B229A01331034C1
:100EA00004939A42D1D1051C311C0A9E30680DF082
:100EB0004EFB391C099F041C38680DF048FB291CA7
:100EC0000C9D3860346028680DF041FB0B9E49464C
:100ED000041C30680DF03BFB1099019A8C46029B74
:100EE000624401920E9A0433306002932C609A425D
:100EF00000DD47E6C3460F9A039B944663440E9A6F
:100F00000293239B9246159D934200DC90E05B4642
:100F10005C6853465C43089B2F009C465B461B68FD
:100F200064449C46009BA4006444002B00DC99E0D0
:100F30000023039F99463B00A04600262F001C007B
:100F4000396820680DF01DFB311C0DF003FB061CF9
:100F5000796860680DF015FB311C0DF0FBFA061C7A
:100F6000B968A0680DF00DFB311C0DF0F3FA061CFA
:100F7000F968E0680DF005FB311C0DF0EBFA061C7A
:100F8000396920690DF0FDFA311C0DF0E3FA061CF9
:100F9000796960690DF0F5FA311C0DF0DBFA061C79
:100FA000B969A0690DF0EDFA311C0DF0D3FA061CF9
:100FB000F969E0690DF0E5FA311C0DF0CBFA061C79
:100FC0002037203408239C46009BE1444B45B7DC86
:100FD00044460F9BEF18029B0193229A009B9A4272
:100FE00017DD99460023984643464246F958019B2F
:100FF00098580DF0C6FA011C301C0DF0ABFA061C17
:1010000001239C460333E1449C46229BE0444B452C
:10101000EAD12068311C0DF09AFA01239C46119BFD
:10102000E2449C46239B20606544534500D06EE714
:101030001699039A8C46089B62440392149A0133D2
:1010400008939A4200D08FE519B0F0BCBB46B24677
:10105000A946A046F0BD0025039BA9469A462E1C32
:101060002F1CECE6039B00260193B6E7F0B557462C
:10107000DE464E4645469C24E0B5BDB006AF3C1961
:10108000FB63842320609824BA6694225B003C1999
:10109000FB1821601C68BA182369FB67A3681360FA
:1010A000834202DD9423FB18186094239821FB18D7
:1010B0007918FA6F1B680D68534355432268002A5C
:1010C00000D1DBE29B007B668C23FB181A60902228
:1010D0000023BA1813606368AA003A66002B00D197
:1010E000ECE28822BB670023BA181360C84D2B7846
:1010F000BFF35B8FDB0700D4FDE2C64CA4220423C0
:10110000BA1813609433FB181B686068002B18DD55
:101110009C237A1DFB18FF321B681268190093424A
:1011200000DAFFE209010CF009FB0323C2171340A8
:10113000A4221B189B109B00BA181360042B00DA22
:10114000EBE29C23FB181C68002C00DC72E2FB6BBA
:10115000FD6F18006A425043F86118008021661B39
:101160007043F866180001335A4392007918BA6147
:10117000621E0E601100594389008846B96E1B013A
:101180008C46E04441467964A90049423961A10096
:101190007C1CFF3424685B42A446A4246144396467
:1011A000791DFF313C1909682468FB606143B9620D
:1011B000B02183005B4279180B600300921B5043FF
:1011C000DB43AC229B00BA181360C4227B1DFF33A3
:1011D0001B68BA189B0078611360A022FB6FBA18D5
:1011E00013609C22BA181268934202DDA023FB18F8
:1011F0001A609823FB181B68002B00DC9FE1A023DA
:10120000FB181A68002A00DC99E19823FB181B6878
:10121000396C3B65A423FB181B6853439B00FB629E
:10122000BB6FFB649300CB1A79697B628C46FB6EC3
:10123000B82163447B63002379180B60D021BB6421
:101240003B679C33FB181B6879189B1ABB60130023
:1012500079600321013B043A8B43D31A3B63A422F8
:10126000BA183B6D1268FB65934200DDFA65B8223F
:10127000BA181268FB6D9446C8226344BA1813600A
:101280009C237A6AFB1894461B6884227B673B6F19
:10129000BA189B0063443B627B6B7B657B6CBB65D0
:1012A000A023FB181B6813608423B422FB181B685F
:1012B000BA181360042B03DDB4220423BA18136098
:1012C0008423FB181B68002B00DCA5E0B422C82097
:1012D000B824BA187B6F116838183C190068246864
:1012E0005A1ABA63A04200DC9CE094464E1EB96EC6
:1012F0009B008A46043B9B467B6D791C63449B00A4
:10130000FF3109689A44BB6C63448C46A8219B005A
:10131000634479180B609300C0225B42BA181360D3
:10132000BC22BB6DBA181360BC23FE20FB181B68DF
:10133000800519680DF011F9CC23FB181860A8235B
:10134000FB181C68B823FB181B68B1461E00C0239D
:10135000FB181B685A469846A04443469958CC232C
:10136000FB1818680DF00DF943465A4698504B4645
:10137000051C002B22DD534619680DF002F9011CF3
:1013800020680DF0E4F84B462060012B16D0534640
:10139000281C59680DF0F5F8011C60680DF0D7F8AD
:1013A0004B466060022B09D05346281C99680DF00B
:1013B000E8F8011CA0680DF0CAF8A060C423FB186F
:1013C0001B6801369C46C823FB181B6864449E4278
:1013D000BDD1AC22BC23BA181268FB189446BC22BB
:1013E0001B68BA18634413600423B0225B429C4616
:1013F000BA181268E3449446B4224E46BA181268EA
:10140000731EE244961BB2420CDD1E008CE7C04600
:101410005422032018380320B422BA187B6F1268B4
:101420009B1ABB638423B422BD6BBA18AC46FB186D
:1014300010681B687A1CFF3212681C1A3B6F7968AF
:10144000634494469B0063440B607B1DFF331B6821
:1014500080464B60A0230194FB181E680200009692
:10146000FB6DF86C9B4689468246FFF7E1F8002C3D
:101470002ADD2B00BA6849469446FD6BBA6E6B4371
:101480008C20634494464D604D469B00381800689C
:1014900063440B60424623008146FFF773F929003D
:1014A0007B1DFF333D6A1B680D604B600D005B4682
:1014B0000396464601935246230049462800049469
:1014C00002960096FFF712FB84238422F968FB182A
:1014D0008C46B0211B68BA18043B13607A6F7918E8
:1014E000043A09687A67BA6D62448C46BA657A6DC7
:1014F00062447A653A6B934200D0D5E6A422B823C1
:10150000BA181268B8219446FB181B68791863440E
:101510000B60396D8A1AF96A3A658C46FA6CB96AB9
:1015200062448C46FA643A6F62443A67BA6C624429
:10153000BA649822BA1812689A4200DD8FE68023B6
:101540009C22FB181B68BA181360002B72DD9423D1
:10155000FB181B68002B00DCFEE78023BA6EFB182B
:1015600092461D68FB6E00249B009A44D023FE180F
:1015700000239B46013B99469423FB181B68A84611
:101580009D4200DD9846CC22A300BA181360FA6B86
:101590008C207260A0225344BA18381831001268A7
:1015A000006833604346FFF7EDF87A1CCC23FF3226
:1015B0001268FB1894461B688C21634433607B1DC2
:1015C000FF331B68791873605B4604934B460393A3
:1015D00002939823FB181B6830000193A023FB188B
:1015E0001B680093BA6F43460968FFF77FFA94239C
:1015F000FB181B689C46ED1A8023FB181B6864448B
:10160000A342B9DCFA69FB6E9446BA696344944616
:10161000FB663A697B6C634494467B643B6CFA6F6F
:1016200063443B648023FB181B689B1A8022BA1812
:101630001360D2E580233A6E9B029A4208D9882330
:10164000FB181B68002B03D0043B18680DF00AFA46
:1016500080237A6E9B029A4208D99023FB181B685C
:10166000002B03D0043B18680DF0FCF9BD4637B0E1
:10167000F0BCBB46B246A946A046F0BD9A00802306
:101680007A669B029A424FD813006A461633DB08EB
:10169000DB00D31A9D4627200F23684498438133EB
:1016A000FB18186090238C22FB181B68BA18136073
:1016B0006368AA003A66002B00D012E580239B02E3
:1016C0009A424FD813006A461633DB08DB00D31A60
:1016D0009D4627200F23684498437933FB181860F0
:1016E0008823FB181B682D4DBB672B78BFF35B8FDE
:1016F000DB0700D501E528000FF080FE284C00280C
:1017000000D1FBE48023DB01236080231B0328003E
:101710006360A3600FF08EFEF0E4A4220423BA18E5
:1017200013600EE51100FDE4100010300DF07CF99F
:101730009023FB18021E1860B4D00F2301009943B8
:101740000B0010218C468C209C446146DA60236893
:101750003818016058425841902340420140FB181C
:101760001960B8E4100010300DF05EF98823FB1802
:1017700018600028B4D00F23010099430B001021FA
:101780008C46D86060689C44434258416146882337
:101790004042B967FB1801401960A7E454220320B6
:1017A00018380320F0B55746DE464E464546E0B5AC
:1017B000B3B006AF8C24BB62E023FA6288223C19E6
:1017C000FB1821601C68BA182369786513608422AD
:1017D000A368BA181360834202DD8423FB181860E3
:1017E000842388228C21FB18BA18791812681B6888
:1017F0000D68534355432268002A00D150E29B00F4
:10180000FA6780223B650023BA1813606368AA0058
:10181000FA64002B00D161E2FB660023BB67E74D51
:101820002B78BFF35B8FDB0700D470E2E44C90228F
:101830000423BA1813608833FB181B686068002BF8
:1018400016DDDC22BA187B6D12681900934200DAAB
:1018500074E209010BF072FF0323C21713409022B8
:101860001B189B109B00BA181360042B00DA60E26F
:101870007B6D002B00DCF1E18822B96ABA18080000
:101880001268BB6350439B1AB86098207B634B1C63
:1018900099001B01FB61DC234A43381801607A6020
:1018A0009020DC22FB181B68BA189B009B46FB6A41
:1018B00038183B63002312680068BB6542437A61B5
:1018C0000A1F3A627B679422BB6BBA1813608822A6
:1018D000BA181268934202DD9423FB181A608C2315
:1018E000FB181B68002B00DC45E19423FB181A68E9
:1018F000002A00DC3FE18C239021FB181B6879183B
:10190000BB6413000968DA464B43D821791809688B
:101910009B008C463B61FB6E9C21FB657B6F7918BD
:101920009B006344FB6000230B60A8213B66791891
:10193000130039600321013B043A8B43D31ABB6186
:101940009022BA18BB6C1268BB66934200DDBA667F
:101950009C22BA181268BB6E9446FA686344944697
:101960009B463B6E9B006344FB633B6B3B647B6F1E
:101970007B66BB6D7B649423FB181B683B679423D9
:10198000FB181A683B6FD21A7A62A022BA18136049
:10199000042B03DDA0220423BA1813603B6F002B35
:1019A00058DD9C23FB181B689B4553DDA023A42214
:1019B000FB181B68BA18013B9946FB6B13603B6C24
:1019C00098464B46002B2EDDA423FB181C689C2355
:1019D000FB181E68434625685968281C0CF0D1FD89
:1019E000011C60680CF0B3FD4B466060012B16D003
:1019F0004346281C99680CF0C4FD011CA0680CF03B
:101A0000A6FD4B46A060022B09D04346281CD9688E
:101A10000CF0B7FD011CE0680CF099FDE0600136A8
:101A200054445E45D6D14B465A1E9823FB181B687A
:101A3000A4219C46A423FB181B68791804330B606F
:101A4000A023FB1819684B46E044CB1A994201DDEC
:101A50009146B6E7A022BA181468D8223B6F796E77
:101A60003E6E8C461D1B3300BA18106863448446D2
:101A700039689B0063440B60DC23FB181B68220061
:101A80004B607B6A884601939423FB18186800908A
:101A9000BB6EF86DFEF7CCFD002D36DD7B6E41464A
:101AA0009C46786C220064440319F86A9B008446C3
:101AB000B86A63444860A02038180260F86F0B6071
:101AC0002B00C1468046FEF75DFED822BA183319B6
:101AD00014689B00A4464C4663442360DC23FB1837
:101AE00019687B6A616004939423FB181E68A02325
:101AF0000396FB181A6841460292BB6E009201934E
:101B000048462B00FA6DFEF7F1FF396A7A6C8C4675
:101B1000F96962448C467A647A6E3B6F04327A6665
:101B20003A6C043B62443A64FA6B3B671032FA63E6
:101B3000BA69934200D022E790229C23BA18126817
:101B40009C219446FB181B68791863440B60B96CA0
:101B50008A1A7969BA648C463A6E396962448C464D
:101B60003A66FA6D6244FA658C22BA1812689A4293
:101B700000DDE5E6D3468822BA1812687B6F9446EA
:101B80007A6D63447B67934268DA8423FB181B6891
:101B9000002B17DC8823B968FB188C46BA6B1B68CE
:101BA000D21ABA63BA6D6244BA657A6BD31A7A688C
:101BB0007B6394463B6B63443B6384E6542203207F
:101BC00018380320FA6ABB6D92469B009A44A823FA
:101BD000FE18A93B99467D6B7C6F8423FB181B681C
:101BE000A8469D4200DD9846A422A300BA181360BF
:101BF000BA6A534472609422BA1831001268F86FBE
:101C000033604346FEF7BEFDD822A423BA181268FB
:101C1000FB1894461B68300063443360DC23FB18D8
:101C20001B687360002304934B46039302938C2339
:101C3000FB181B6801939423FB181B680093FA6E32
:101C40004346F96FFEF752FF8423FB181B689C463E
:101C5000ED1A7B6D6444A342BFDC9BE78023FA6CE2
:101C60009B029A4206D9BB6F002B03D0043B186835
:101C70000CF0F8FE80233A6D9B029A4208D980232B
:101C8000FB181B68002B03D0043B18680CF0EAFE1D
:101C9000BD462DB0F0BCBB46B246A946A046F0BD3D
:101CA0009A0080233A659B029A4249D813006A46FB
:101CB0001633DB08DB00D31A9D4627200F23684428
:101CC00098437133FB1818608023FB181B68AA0027
:101CD000FB676368FA64002B00D09DE580239B02BC
:101CE0009A4249D813006A461633DB08DB00D31A40
:101CF0009D4627200F2368449843B867BB6F2A4D41
:101D0000FB662B78BFF35B8FDB0700D58EE52800E1
:101D10000FF074FB254C002800D188E58023DB01FF
:101D2000236080231B0328006360A3600FF082FB05
:101D30007DE590220423BA18136099E5110088E527
:101D4000100010300CF070FE8023FB181860002883
:101D5000BAD00F23010099430B0010218C46D860A4
:101D60009C44236861465842584180234042F967A9
:101D7000FB180140196049E5100010300CF054FECA
:101D8000B8670028BAD00F23010099430B00102137
:101D90008C46D86060689C4443425841614640424A
:101DA000F9660140B9673AE5542203201838032048
:101DB00030B587B00D4B02AD00951A6869460292A6
:101DC0009A880400AA809B796A46AB710723019325
:101DD0000023D3732CF0A4FA0098A84203D00299F0
:101DE00001310CF073FE200007B030BD8C9504105B
:101DF000F0B5DE4657464E464546E0B50E00016852
:101E0000C7688946416805698A4681688DB08B46F6
:101E1000416980690793069050681368926805913C
:101E20000A90291C30680B92099308950CF08FFBDF
:101E30000599039070680CF08AFB0699051CB06840
:101E40000CF085FB80268046360607980CF032FCA5
:101E5000B446039B009001916344180051460CF076
:101E600090FB5946061C281C0CF08BFB011C301CF7
:101E70000CF06DFB391C061C404604970CF081FBEE
:101E8000011C301C0CF063FB0CF014FC0022684BAE
:101E90000BF0BFFE009A019B0BF0BBFE060048460C
:101EA0000F000CF007FC02000B0030003900169CFC
:101EB0000BF088FE0BF0A6FF4946206003980CF05B
:101EC00060FB5946061C40460CF05BFB011C301CB5
:101ED0000CF040FB0499061C281C0CF052FB011C62
:101EE000301C0CF034FB0CF0E5FB0022504B0BF0E7
:101EF00090FE009A019B0BF08CFE060050460F00EE
:101F00000CF0D8FB02000B00300039000BF05AFE39
:101F10000BF078FF49466060281C0CF032FB5146FC
:101F2000061C40460CF02DFB011C301C0CF00FFB76
:101F30000499061C03980CF024FB011C301C0CF0C7
:101F400009FB0CF0B7FB0022394B0BF062FE009A44
:101F5000019B0BF05EFE060058460F000CF0AAFB3A
:101F600002000B00300039000BF02CFE0BF04AFF92
:101F70004946A06040460CF004FB5146061C281C54
:101F80000CF0FFFA011C301C0CF0E4FA5946051C59
:101F900003980CF0F6FA011C281C0CF0D8FA0CF08F
:101FA00089FB0022224B0BF034FE009A019B0BF0C0
:101FB00030FE060004980F000CF07CFB02000B00C2
:101FC000300039000BF0FEFD0BF01CFF089B099957
:101FD000E060181C98460CF0D4FA079D291C0CF000
:101FE000D0FA011C40460CF0B2FA059F0A99206114
:101FF000381C0CF0C6FA291C0CF0C3FA011C381C62
:102000000CF0A5FA069E0B996061301C0CF0B9FA31
:10201000291C0CF0B6FA011C301C0CF098FAA061D7
:1020200000200DB0F0BCBB46B246A946A046F0BDAC
:102030000000E03FF0B5DE4657464E4645468A462C
:102040004168E0B58846C768816891B006688946EE
:102050004046391C141C04930CF093FA4946051CA5
:10206000301C0CF08EFA0A90011C281C09950CF00B
:102070006EFA0CF01FFB02000B000BF0A3FD0690A4
:102080000791201C02940CF015FB0B0002000400C9
:102090000D00069807990BF0BCFD0BF0B3FE5246FD
:1020A000391C106048460CF06CFA83464146301CDF
:1020B0000CF067FA5A460E90011C58460B920CF031
:1020C00049FA0CF0F7FA02000B000BF07BFD02005E
:1020D0000B00200029000C920D930BF09AFD0BF0E1
:1020E00091FE5446311C6060301C0CF04AFA4146A7
:1020F000041C40460CF045FA051C011C201C0CF089
:1021000026FA4946089048460CF03BFA391C8346AB
:10211000381C0CF036FA5946019008980CF017FA62
:1021200001990CF017FA02990F900CF02AFA534615
:102130004946986040460CF024FA391C8046301C11
:102140000CF01FFA81461A980CF0B4FA06001B989E
:102150000F000CF0AFFA02900391291C201C0CF028
:10216000F9F959460CF0F3F901990CF0F0F90499DA
:102170000CF007FA0CF09EFA04000D0040464946A8
:102180000CF0E8F90CF096FA02000B000BF01AFDC7
:1021900032003B000BF03DFD02000B002000290047
:1021A0000BF010FD029A039B04000D00069807999E
:1021B0000BF02FFD02000B00200029000BF002FDA8
:1021C0000BF020FE5346D86004980CF073FA04001C
:1021D0000D00404649460CF0BAF90CF06BFA0200CB
:1021E0000B000BF0EFFC22002B00049405950BF084
:1021F00010FD04000D00089859460CF0ABF9019948
:102200000CF0A5F91A990CF0BCF90CF053FA020085
:102210000B00200029000BF0D5FC029A039B040060
:102220000D000C980D990BF0F4FC02000B0020003F
:1022300029000BF0C7FC0BF0E5FD53460A99186125
:1022400009980CF087F90CF035FA02000B000BF03E
:10225000B9FC049A059B0BF0DCFC04000D000B9804
:102260000E990CF074F90CF025FA02000B000BF03B
:10227000A9FC32003B000BF0CCFC02000B0020005C
:1022800029000BF09FFC04000D000F981B990CF027
:1022900078F90CF00FFA02000B00200029000BF077
:1022A00091FC0BF0AFFD53465861002011B0F0BC1B
:1022B000BB46B246A946A046F0BDC046F0B50400F4
:1022C000DE4657464E4645460800E0B54568096873
:1022D000AA46856895B0AB46C5684669876910917E
:1022E0000E950169556810689268049690461A68C0
:1022F000069711925A689B6812921393FE239B05CE
:10230000236099460CF023F90CF0D4F90090019168
:102310001E980CF0CFF906000F00009801990022DA
:10232000924B0BF076FC32003B000BF072FC0BF092
:1023300069FD04990390E061281C0CF008F90CF089
:10234000B9F90022894B049005910BF062FC320030
:102350003B000BF05EFC0BF055FD0699051CA063DD
:1023600040460CF0F4F80CF0A5F900227F4B0690E3
:1023700007910BF04EFC32003B000BF04AFC0BF0D7
:1023800041FD0A90606550460CF094F90022784BAC
:10239000089009910BF03DFC32003B000BF039FC3A
:1023A0000BF030FD0B90206758460CF083F90022AB
:1023B0006F4B0C900D910BF02CFC32003B000BF09E
:1023C00028FC0BF01FFD8C238246E0500E980CF089
:1023D00071F90022664B0E900F910BF01AFC32003F
:1023E0003B000BF016FC0BF00DFDA8238346E050DC
:1023F0000022009801995E4B0BF00BFC32003B0071
:102400000BF007FC0BF0FEFC494600906060216277
:10241000002206980799564B0BF0FBFB32003B005D
:102420000BF0F7FB0BF0EEFCA5658046E06310981F
:102430000CF040F900224D4B0BF0EBFB32003B005F
:102440000BF0E7FB0BF0DEFC59469023051C6067A0
:102450000022E1500C980D99444B0BF0DAFB32004E
:102460003B000BF0D6FB0BF0CDFCAC230022E05080
:10247000049805993E4B0BF0CCFB32003B000BF06F
:10248000C8FB0BF0BFFC49460A9A83466262009A79
:10249000A0602164E2650E980F990022334B0BF087
:1024A000B8FB32003B000BF0B4FB0BF0ABFC942309
:1024B0000B99A067E5501C33E1504146E160594655
:1024C000A162494621665146039BE167636408980F
:1024D00009990022254B0BF09CFB32003B000BF0CE
:1024E00098FB0BF08FFC9823E0501C33E55000253F
:1024F0001E9911982561E562A56465660CF041F8A6
:10250000011C48460CF023F88023E0501C33E550B2
:102510001C33E550343B1E99129865612563E564D0
:10252000A566E5500CF02DF8011C48460CF00FF89C
:10253000A023E0501C33E550343BA561656325655D
:10254000E566E5501C33E5501E9913980CF019F818
:10255000011C48460BF0FBFFC023E050002015B0E3
:10256000F0BCBB46B246A946A046F0BD0000E0BFA5
:102570000000E03FF0B5DE4657464E464546E0B522
:102580009A460B68141C8A689B464B68C9688BB0D6
:102590000500101C8846009301920CF08BF8029005
:1025A0000391201C0CF086F8C02306000F0002984F
:1025B000039900221B060BF02CFB32003B000BF0B2
:1025C00028FB0BF01FFC0890286040460CF072F8C6
:1025D00002000B000BF0F6FA32003B000BF019FB87
:1025E0000BF010FC041CA86158460CF063F8C023E3
:1025F00000221B06049005910BF00BFB32003B0000
:102600000BF007FB0BF0FEFB286300980CF052F870
:1026100002000B00069007910BF0D4FA32003B0049
:102620000BF0F7FA0BF0EEFB002190238946A8642B
:102630002966A967E95068600498059902000B00B3
:102640000BF0C0FA32003B000BF0E3FA0BF0DAFBC0
:102650006C630490E8610298039902000B000BF090
:10266000B1FA32003B000BF0D4FA0BF0CBFB494639
:102670009423E8646966E967E950C02306980799DE
:10268000049A1B06AA6000220BF0C3FA32003B003A
:102690000BF0BFFA0BF0B6FB089B4946AB638023F7
:1026A00028622C65A966E9501833E9504046149910
:1026B0000BF067FF019F1599061C381C0BF061FF9A
:1026C0005146041C58460BF05CFF311C0BF042FFD6
:1026D000211C06940BF03BFF011C0BF03BFF514605
:1026E0000990E86000980BF04CFF1499041C381C0A
:1026F0000BF047FF011C201C0BF02CFF1599041C4C
:1027000040460BF03EFF011C201C0BF023FF011C78
:102710000BF020FF14990290686200980BF031FFD3
:102720001599089058460BF02CFF019A8024944686
:1027300024066444071C514620000BF022FF089930
:102740000BF008FF391C0BF002FF011C0BF002FF1D
:102750001499E86358460BF014FF159904900098FB
:102760000BF00FFF802212064244041C5146100059
:102770000BF007FF04990BF0EDFE211C0BF0EAFEB5
:10278000011C0BF0E7FE4A468423EA666865EA50BE
:102790001833EA505146286101980BF0F2FE08996F
:1027A0000BF0D5FE391C0BF0D5FE011C0BF0D2FE50
:1027B000071CA8628020029B00062B6451465844E7
:1027C0000BF0DFFE311C0BF0C2FE06990BF0C2FECF
:1027D000011C0BF0BFFE8823A86548462867E85017
:1027E0001833E850514640466F610BF0CAFE049919
:1027F0000BF0ADFE211C0BF0AAFE011C0BF0AAFE93
:10280000099AE8626A64029B4A46EB654B466B672D
:102810008C230020EA501833EA500BB0F0BCBB46C2
:10282000B246A946A046F0BD0123F0B5E3214746D4
:10283000CE469C46294B804605009946284E80B5D9
:102840008900076846444144FA0F6F68D2077B004D
:102850005B08346813435A08624064461C4201D046
:102860004B465A4004C50436A942EDD1E323424603
:102870009B00C626D458194B01259C46F6004644B9
:10288000E20F4C68D20763005B08076813435A08DD
:102890007A401D4201D063465A40043004C1B04220
:1028A000EED14246C62140460E4BC900D3581268AD
:1028B000DB0F52005208DB07415813435A084A40C5
:1028C000DB0701D5054B5A404146064BCA50002252
:1028D0000433CA50C0BCB946B046F0BDDFB0089959
:1028E00034060000BC090000F0B54546DE465746F8
:1028F0004E46E0B53B4CD723A54434AA94466344E6
:102900001B091B018A6805930B68019237921A68AC
:10291000049006929A69339107921A6B38AC089228
:102920009A6C09921A6E0B929A6F0C9290229A5896
:102930000D925A680E92DA690F925A6B1092DA6C05
:1029400011925A6E1292DA6F139294229A5814923C
:102950009A6815921A6A16929A6B17921A6D1892C3
:102960009A6E199280229A581A9298229A581B921B
:10297000DA681C925A6A1D92DA6B1E925A6D1F9287
:10298000DA6E209284229A5821929C229A5822929E
:102990001A6923929A6A24921A6C25929A6D269249
:1029A0001A6F279288229A582892A0229A58299220
:1029B0005A692A92DA6A2B925A6C2C92DA6D2D920D
:1029C0005A6F2E928C229A582F92A4229B583093A1
:1029D0004B68984638AB3293C423454643440A9328
:1029E00002E0C0469CFDFFFFEA68A96991462A699A
:1029F000AB6890466A69099803914946019302922F
:102A00000BF0BFFD414682460B980BF0BAFD011C4E
:102A100050460BF09FFD029982460C980BF0B1FDD9
:102A2000039983460D980BF0ACFD011C58460BF042
:102A300091FD011C50460BF08DFD6F688246391CDC
:102A400007980BF09EFD0199834608980BF099FDBD
:102A5000011C58460BF07EFD2E688346311C0698FB
:102A60000BF08FFD011C58460BF074FD011C504605
:102A70000BF070FD4946206011980BF082FD414635
:102A8000824612980BF07DFD011C50460BF062FD52
:102A90000299824613980BF074FD039983461498AB
:102AA0000BF06FFD011C58460BF054FD011C504605
:102AB0000BF050FD391C82460F980BF062FD019916
:102AC000834610980BF05DFD011C58460BF042FD4B
:102AD000311C83460E980BF054FD011C58460BF038
:102AE00039FD011C50460BF035FD494660601898D1
:102AF0000BF047FD4146824619980BF042FD011C40
:102B000050460BF027FD029982461A980BF039FDCA
:102B1000039983461B980BF034FD011C58460BF0BB
:102B200019FD011C50460BF015FD391C8246169804
:102B30000BF027FD0199834617980BF022FD011C2D
:102B400058460BF007FD311C834615980BF019FD14
:102B5000011C58460BF0FEFC011C50460BF0FAFC21
:102B60004946A0601F980BF00CFD41468246209814
:102B70000BF007FD011C50460BF0ECFC029982465D
:102B800021980BF0FEFC0399834622980BF0F9FC88
:102B9000011C58460BF0DEFC011C50460BF0DAFC21
:102BA000391C82461D980BF0ECFC019983461E9857
:102BB0000BF0E7FC011C58460BF0CCFC311C8346A3
:102BC0001C980BF0DEFC011C58460BF0C3FC011CEA
:102BD00050460BF0BFFC4946E06026980BF0D1FC54
:102BE0004146824627980BF0CCFC011C50460BF066
:102BF000B1FC0299824628980BF0C3FC03998346E6
:102C000029980BF0BEFC011C58460BF0A3FC011CDC
:102C100050460BF09FFC391C824624980BF0B1FC07
:102C20000199834625980BF0ACFC011C58460BF02B
:102C300091FC311C834623980BF0A3FC011C5846E1
:102C40000BF088FC011C50460BF084FC2D99206190
:102C500048460BF096FC2E99814640460BF091FCBD
:102C6000011C48460BF076FC2F99804602980BF029
:102C700088FC3099814603980BF083FC011C484680
:102C80000BF068FC011C40460BF064FC391C8046CC
:102C90002B980BF076FC2C99071C01980BF071FC1B
:102CA000011C381C0BF056FC311C071C2A980BF039
:102CB00068FC011C381C0BF04DFC011C40460BF05D
:102CC00049FC0A9B1C3560611834AB4200D08BE68E
:102CD000379B1A68629308929A6909921A6B0A9252
:102CE0009A6C0B921A6E0C929A6F0D9290229A58CF
:102CF0000E925A680F92DA6910925A6B1192DA6C3E
:102D000012925A6E1392DA6F149294229A58159274
:102D10009A6816921A6A17929A6B18921A6D1992FB
:102D20009A6E1A9280229A581B9298229A581C9254
:102D3000DA681D925A6A1E92DA6B1F925A6D2092BF
:102D4000DA6E219284229A5822929C229A582392D7
:102D50001A6924929A6A25921A6C26929A6D059C99
:102D600027921A6F2034289288229A58A1462992D5
:102D7000A0229A582A925A692B92DA6A2C925A6C9B
:102D80002D92DA6D2E925A6F2F928C229A58309291
:102D9000A4229B5831935CAB06933EAB0793329BC6
:102DA000984643464246414640461B689569019312
:102DB000069B146B096E926C40CB876F0291101CBE
:102DC0000B99039206930BF0DCFB0C998246029858
:102DD0000BF0D7FB011C50460BF0BCFB0D99824653
:102DE000381C0BF0CEFB0E998346301C0BF0C9FB50
:102DF000011C58460BF0AEFB011C50460BF0AAFB21
:102E000009998246281C0BF0BCFB0A998346201CBA
:102E10000BF0B7FB011C58460BF09CFB089983464E
:102E200001980BF0AEFB011C58460BF093FB011C04
:102E300050460BF08FFB4B461299186003980BF02D
:102E4000A0FB1399824602980BF09BFB011C504695
:102E50000BF080FB14998246381C0BF092FB1599FD
:102E60008346301C0BF08DFB011C58460BF072FBA7
:102E7000011C50460BF06EFB10998246281C0BF08B
:102E800080FB11998346201C0BF07BFB011C5846EC
:102E90000BF060FB0F99834601980BF072FB011C4D
:102EA00058460BF057FB011C50460BF053FB4B46AA
:102EB0001999586003980BF064FB1A99824602989E
:102EC0000BF05FFB011C50460BF044FB1B99824644
:102ED000381C0BF056FB1C998346301C0BF051FB41
:102EE000011C58460BF036FB011C50460BF032FB20
:102EF00017998246281C0BF044FB18998346201C26
:102F00000BF03FFB011C58460BF024FB169983463F
:102F100001980BF036FB011C58460BF01BFB011C03
:102F200050460BF017FB4B462099986003980BF026
:102F300028FB2199824602980BF023FB011C504686
:102F40000BF008FB22998246381C0BF01AFB2399E0
:102F50008346301C0BF015FB011C58460BF0FAFAA7
:102F6000011C50460BF0F6FA1E998246281C0BF005
:102F700008FB1F998346201C0BF003FB011C5846DD
:102F80000BF0E8FA1D99834601980BF0FAFA011C40
:102F900058460BF0DFFA011C50460BF0DBFA4B46AB
:102FA0002799D86003980BF0ECFA2899824602988A
:102FB0000BF0E7FA011C50460BF0CCFA2999824637
:102FC000381C0BF0DEFA2A998346301C0BF0D9FA34
:102FD000011C58460BF0BEFA011C50460BF0BAFA21
:102FE00025998246281C0BF0CCFA26998346201C92
:102FF0000BF0C7FA011C58460BF0ACFA2499834633
:1030000001980BF0BEFA011C58460BF0A3FA011C04
:1030100050460BF09FFA4B462E99186103980BF01F
:10302000B0FA2F99824602980BF0ABFA011C504679
:103030000BF090FA30998246381C0BF0A2FA3199C5
:10304000071C301C0BF09DFA011C381C0BF082FA97
:10305000011C50460BF07EFA2C99061C281C0BF024
:1030600090FA2D99051C201C0BF08BFA011C281CD2
:103070000BF070FA2B99041C01980BF082FA011CDA
:10308000201C0BF067FA011C301C0BF063FA4B4656
:10309000586104239C461433E0449C46079BE1445A
:1030A000984500D07DE6339B059DDC68296A206841
:1030B0000BF050FA049EA96B306060680BF04AFA7E
:1030C0007060A068296D0BF045FAB060E068A96EE9
:1030D0000BF040FA8023F0602069E95898460BF025
:1030E00039FA98233061E95860690BF033FA70615E
:1030F000A069696A0BF02EFAB061E069E96B0BF028
:1031000029FAF061206A696D0BF024FA3062E96EE9
:10311000606A0BF01FFA84277062A06AE9590BF00D
:1031200019FA9C23B062E958E06A0BF013FAF062D6
:10313000206BA96A0BF00EFA3063606B296C0BF000
:1031400009FA7063A06BA96D0BF004FAB063E06B31
:10315000296F0BF0FFF9F0638826206CA9590BF05A
:10316000F9F9049B1864A023606CE9580BF0F2F99C
:10317000049BE96A5864A06C0BF0ECF9049B696C41
:103180009864E06C0BF0E6F9049BE96DD864206D5F
:103190000BF0E0F9049B696F1865606D0BF0DAF9CC
:1031A0008C25049A059B5065A06D59590BF0D2F9F6
:1031B000A423049A9065059AE06DD1580BF0CAF9E2
:1031C000049B059AD865116B206E0BF0C3F9049B24
:1031D000059A1866916C606E0BF0BCF9049B059A19
:1031E0005866A06E116E0BF0B5F9049B059A9866AF
:1031F000E06E916F0BF0AEF9049B059AD8669023B0
:10320000206FD1580BF0A6F9049B059A1867A823E4
:10321000606FD1580BF09EF9049B059A5867A16F17
:10322000506B0BF097F9049B059A9867E16FD06C8F
:103230000BF090F94146049B059AD8676158506E8F
:103240000BF088F94146049B059A5850E159D06F1C
:103250000BF080F9049BD8519423059FA159F8588D
:103260000BF078F9049B9851AC236159F8580BF096
:1032700071F9049B585199239B009D44F0BCBB46B7
:10328000B246A946A046F0BDF0B5DE4657464E46CA
:1032900045460400E0B5036987B0580063694008FB
:1032A000590049080BF056F9E368590049080BF03A
:1032B00051F96368051C5800A36840085900490883
:1032C0000BF048F92368590049080BF043F9011C39
:1032D000281C0BF03FF9A36A051C5800E36A40085C
:1032E000590049080BF036F9636A590049080BF098
:1032F00031F9E369061C5800236A4008590049085F
:103300000BF028F9A369590049080BF023F9011CB7
:10331000301C0BF01FF9236C071C5800636C40082D
:10332000590049080BF016F9E36B590049080BF0F6
:1033300011F9636B061C5800A36B4008590049083B
:103340000BF008F9236B590049080BF003F9011C35
:10335000301C0BF0FFF8061C011C381C0BF048F960
:10336000002800D13E1C311C281C0BF041F900281C
:1033700000D12E1CA36D5800E36D40085900490888
:103380000BF0E8F8636D590049080BF0E3F8E36CC3
:10339000051C5800236D4008590049080BF0DAF865
:1033A000A36C590049080BF0D5F8011C281C0BF040
:1033B000D1F8236F071C5800636F40085900490873
:1033C0000BF0C8F8E36E590049080BF0C3F8636EC0
:1033D000051C5800A36E4008590049080BF0BAF8C4
:1033E000236E590049080BF0B5F8011C281C0BF09E
:1033F000B1F888238046E0580433E1584000490082
:10340000490840080BF0A6F88423E1584900490810
:103410000BF0A0F8E36F051C58008023E15840082A
:10342000490049080BF096F8A36F590049080BF0C2
:1034300091F8011C281C0BF08DF8051C011C40465E
:103440000BF0D6F8002800D14546291C381C0BF09B
:10345000CFF8002800D13D1C291C301C0BF0C8F807
:10346000002800D1351CC0232100E55001AABA3B39
:1034700002A8A83104930294FDF7AEF90121C422F9
:10348000019B98260B405B428B430133A354343A93
:103490009246002250469C2722509432A1509346D7
:1034A000923AA2510132E2519D32944660469C3AD2
:1034B0002250A03291469F3A90464A464046230009
:1034C000A05048461832A258903392009A181568B6
:1034D0002550404610606046B8222058A2588046C9
:1034E000604692009A181568255040461060B42234
:1034F000E059A258844692009A1810685D46E0513F
:1035000060461060B022A258A75992009A1810681D
:10351000A0511760AC225846A258265892009A181B
:10352000106860511660A822A258554692009B1858
:1035300052461868A25860511A60C523E15407B07A
:10354000F0BCBB46B246A946A046F0BDC02300224F
:1035500010B5C25000220433C2520B68040003604D
:103560004B6843608B688360CB68C3600B69036101
:103570004B6943618B698361CB69C3610B6A0362E9
:103580004B6A43628B6A8362CB6AC3620B6B0363D1
:103590004B6B43638B6B8363CB6BC3630B6C0364B9
:1035A0004B6C43648B6C8364CB6CC3640B6D0365A1
:1035B0004B6D43658B6D8365CB6DC3650B6E036689
:1035C0004B6E43668B6E8366CB6EC3660B6F036771
:1035D0004B6F43678B6F8367CB6FC3678023CA587A
:1035E000C2500433CA58C2500433CA58C2500433BC
:1035F000CA58C250FFF748FE200010BDF0B5DE46A5
:103600004E4645465746E0B5214C9146A5443AAA58
:1036100094460A0031931F4B3B9063441B091B01E6
:103620003A919846D3AB13CA13C313CA13C3126893
:10363000D3A91A60184B194A1B6847A80493184B62
:1036400047AC1B680193174B1B6805930093049BC1
:10365000FEF790FF47ABD3934B46D49347ABD5933C
:103660003AAA8323944686201B0163441B68C0004A
:103670004044A2AAD3A9D6930990FFF735F96BABC2
:10368000089343460A934B463094A1461C000BE036
:1036900014F7FFFF47030000AC1F03200AE81C419A
:1036A000A41F0320A81F03204B464E461B68B76F7C
:1036B0000493089B494640CB48464A460893A823B2
:1036C000896C006E9569126B06910790E158301C69
:1036D00005920AF056FF8C238246E158381C0AF006
:1036E00050FF011C50460AF035FF216F82460798B3
:1036F0000AF047FF616D834606980AF042FF011CFD
:1037000058460AF027FF011C50460AF023FFA16B20
:10371000824605980AF035FFE1698346281C0AF0C5
:1037200030FF011C58460AF015FF216883460498B3
:103730000AF027FF011C58460AF00CFF011C5046F6
:103740000AF008FF43461860AC23301CE1580AF029
:1037500018FF90238246E158381C0AF012FF011C22
:1037600050460AF0F7FE616F824607980AF009FF9B
:10377000A16D834606980AF004FF011C58460AF022
:10378000E9FE011C50460AF0E5FEE16B8246059811
:103790000AF0F7FE216A8346281C0AF0F2FE011C9B
:1037A00058460AF0D7FE6168834604980AF0E9FE9D
:1037B000011C58460AF0CEFE011C50460AF0CAFE13
:1037C00043465860B023301CE1580AF0DAFE9423D7
:1037D0008246E158381C0AF0D4FE011C50460AF01B
:1037E000B9FEA16F824607980AF0CBFEE16D8346D1
:1037F00006980AF0C6FE011C58460AF0ABFE011CF2
:1038000050460AF0A7FE216C824605980AF0B9FEE0
:10381000616A8346281C0AF0B4FE011C58460AF06F
:1038200099FEA168834604980AF0ABFE011C584635
:103830000AF090FE011C50460AF08CFE4346986048
:10384000B423301CE1580AF09CFE98238246E158CC
:10385000381C0AF096FE011C50460AF07BFEE16F10
:10386000824607980AF08DFE216E834606980AF07C
:1038700088FE011C58460AF06DFE011C50460AF0F5
:1038800069FE616C824605980AF07BFEA16A834658
:10389000281C0AF076FE011C58460AF05BFEE1681F
:1038A000834604980AF06DFE011C58460AF052FE49
:1038B000011C50460AF04EFE4346D860B823301C27
:1038C000E1580AF05EFE9C238246E158381C0AF05B
:1038D00058FE011C50460AF03DFE80238246E15806
:1038E00007980AF04EFE616E834606980AF049FE7C
:1038F000011C58460AF02EFE011C50460AF02AFE12
:10390000A16C824605980AF03CFEE16A8346281CB9
:103910000AF037FE011C58460AF01CFE2169834656
:1039200004980AF02EFE011C58460AF013FE011CF2
:1039300050460AF00FFE43461861BC23301CE15884
:103940000AF01FFEA0238246E158381C0AF019FE37
:10395000011C50460AF0FEFD84238246E158079878
:103960000AF00FFEA16E834606980AF00AFE011CBB
:1039700058460AF0EFFD011C50460AF0EBFDE16CE1
:10398000824605980AF0FDFD216B8346281C0AF04B
:10399000F8FD011C58460AF0DDFD61698346049874
:1039A0000AF0EFFD011C58460AF0D4FD011C5046F8
:1039B0000AF0D0FD4346E16E586106980AF0E1FD39
:1039C00088238246E15807980AF0DBFD011C504627
:1039D0000AF0C0FDA4238246E158381C0AF0D1FD4C
:1039E000C023071CE158301C0AF0CBFD011C381C19
:1039F0000AF0B0FD011C50460AF0ACFD616B061CDC
:103A0000281C0AF0BEFD216D051C05980AF0B9FDC1
:103A1000011C281C0AF09EFDA169051C04980AF0EF
:103A2000B0FD011C281C0AF095FD011C301C0AF099
:103A300091FD4346986104239C461833E1449C461B
:103A40004DABE0444B4500D02EE60A9BA146D8245E
:103A50009846A427A4004444BF0047442000099985
:103A6000FFF774FD210090223800C8240BF018F8ED
:103A7000FC21A400444489004144182220000BF09A
:103A80000FF8CE2081218000C90041441822404413
:103A90000BF006F88422D423D200424412689B0023
:103AA00043441A60D523874A4546424412889B0006
:103AB0004344FE211A8000232268B0359200AA18E0
:103AC0008905116093611363936413669367C92238
:103AD00092004244126844469200AA181360916111
:103AE0001363936413669367CA2292004244126878
:103AF00006269200AA1813609361116393641366FB
:103B00009367CB2292004244126806209200AA18C2
:103B1000136093611363916413669367CC229200E0
:103B2000424412689200AA1813609361136393646D
:103B300011669367CD229200424412689200AA183F
:103B400013609361136393641366A8235B009B4621
:103B5000916742465946E41820334344A660E66024
:103B6000266153508022920042444B396260924653
:103B700004933A0006230294FF3901960095FDF75D
:103B800011FE42465946049BA660E66026615350EA
:103B900053464B3963603A0006230294062001968F
:103BA0000095FF39FDF762FA43461B688C220793A4
:103BB0004346DB69D3AC089343469B6B099343466A
:103BC0005B6D0A9343461B6F0B9343469B5804322D
:103BD0000C9343465B68179343461B6A189343460E
:103BE000DB6B0D9343469B6D0E9343465B6F0F93C8
:103BF00043469B580432109343469B6811934346B7
:103C00005B6A129343461B6C13934346DB6D14931C
:103C100043469B6F159343469B5804321693434685
:103C2000DB68199343469B6A069343465B6C1A9381
:103C300043461B6E1B934346DB6F1C9343469B58C6
:103C4000183A1D9343461B691E934346DB6A1F9334
:103C500043469B6C209343465B6E219343469B589F
:103C60001C32229343469B58183A239343465B6980
:103C7000249343461B6B25934346DB6C26934346B4
:103C80009B6E279343469B581C32289343469B5870
:103C9000183A299343469B692A9343465B6B2B93BF
:103CA00043461B6D2C934346DB6E2D9343469B5836
:103CB0001C322E9343469B58A8462F934B46329373
:103CC00002E0C0462404000043461F685B68424689
:103CD0009946434641469B68D2680E694D690898EB
:103CE0004946049305920AF04CFC049982460998CF
:103CF0000AF047FC011C50460AF02CFC391C824695
:103D000007980AF03EFC011C50460AF023FC311CC7
:103D100082460B980AF035FC291C83460C980AF061
:103D200030FC011C58460AF015FC059983460A9898
:103D30000AF027FC011C58460AF00CFC011C5046F6
:103D40000AF008FC4946206018980AF01AFC049909
:103D500082460D980AF015FC011C50460AF0FAFB49
:103D6000391C824617980AF00CFC011C50460AF0D8
:103D7000F1FB311C82460F980AF003FC291C834694
:103D800010980AF0FEFB011C58460AF0E3FB059967
:103D900083460E980AF0F5FB011C58460AF0DAFB40
:103DA000011C50460AF0D6FB4946606012980AF0A2
:103DB000E8FB0499824613980AF0E3FB011C504685
:103DC0000AF0C8FB391C824611980AF0DAFB011C84
:103DD00050460AF0BFFB311C824615980AF0D1FB11
:103DE000291C834616980AF0CCFB011C58460AF0A1
:103DF000B1FB0599834614980AF0C3FB011C584691
:103E00000AF0A8FB011C50460AF0A4FB4946A0603A
:103E100006980AF0B6FB049982461A980AF0B1FB9C
:103E2000011C50460AF096FB391C824619980AF08C
:103E3000A8FB011C50460AF08DFB311C82461C98E1
:103E40000AF09FFB291C83461D980AF09AFB011C6F
:103E500058460AF07FFB059983461B980AF091FBB0
:103E6000011C58460AF076FB011C50460AF072FB12
:103E70004946E0601F980AF084FB04998246209826
:103E80000AF07FFB011C50460AF064FB391C824695
:103E90001E980AF076FB011C50460AF05BFB311CB1
:103EA000824622980AF06DFB291C834623980AF06B
:103EB00068FB011C58460AF04DFB05998346219882
:103EC0000AF05FFB011C58460AF044FB011C5046F7
:103ED0000AF040FB4946206125980AF052FB0499FC
:103EE000824626980AF04DFB011C50460AF032FB30
:103EF000391C824624980AF044FB011C50460AF003
:103F000029FB311C824628980AF03BFB291C83467A
:103F100029980AF036FB011C58460AF01BFB05994C
:103F2000834627980AF02DFB011C58460AF012FB25
:103F3000011C50460AF00EFB494660612B980AF0BE
:103F400020FB049981462C980AF01BFB011C484673
:103F50000AF000FB391C81462A980AF012FB011C6A
:103F600048460AF0F7FA311C071C2E980AF009FBA4
:103F7000291C061C2F980AF004FB011C301C0AF0B7
:103F8000E9FA0599051C2D980AF0FBFA011C281C7A
:103F90000AF0E0FA011C381C0AF0DCFA18239C46EF
:103FA000A061FDAB1C34E044A34200D08CE6329B00
:103FB000D49A9946D39BD599D69CD79DD89ED99F04
:103FC00006930792DA9BDB9A08910994DC99DD9CB1
:103FD0000A950B96DE9DDF9E0C970D93E09FE19B6B
:103FE0000E92E29A0F9110941195129613971493D2
:103FF0001592E399E49CE59DE69EE79FE89BE99A8C
:1040000016911794EA99EB9C18951996EC9DED9EE4
:104010001A971B93EE9FEF9B1C921D91F09AF199BA
:104020001E94F29C2096219722932392249125940A
:104030001F95F39DF49EF59FF79AF69BF899F99CCE
:1040400026952796FA9DFB9E2897FC9F2A923A9ADE
:1040500029932B912C942D952E962F97D3AB32CA62
:1040600032C332CA32C31168D3AC1960FD49FE4B6A
:1040700009681B680191FD49FD4A0968200000910B
:1040800041A9FDF7D7FF319F419938680AF05FFADF
:104090004299834678680AF05AFA43998246B8688A
:1040A0000AF055FA4499041CF8680AF050FA459948
:1040B000051C38690AF04BFA4699061C78690AF023
:1040C00046FA071C011C2A980AF05BFA311C80464C
:1040D00023980AF056FA011C40460AF03BFA291CC4
:1040E00080461C980AF04DFA011C40460AF032FA4C
:1040F000211C804615980AF044FA514604900E9807
:104100000AF03FFA011C04980AF024FA5946049078
:1041100007980AF036FA011C04980AF01BFA011CF1
:1041200040460AF017FA3A9A51680AF013FA391C15
:1041300004902B980AF025FA311C804624980AF046
:1041400020FA011C40460AF005FA291C80461D98F9
:104150000AF017FA011C40460AF0FCF9211C8046BF
:1041600016980AF00EFA514605900F980AF009FACF
:10417000011C05980AF0EEF95946059008980AF0D6
:1041800000FA011C05980AF0E5F9011C40460AF006
:10419000E1F93A9A91680AF0DDF9391C05902C98FA
:1041A0000AF0EFF9311C804625980AF0EAF9011C63
:1041B00040460AF0CFF9291C80461E980AF0E1F922
:1041C000011C40460AF0C6F9211C804617980AF0E7
:1041D000D8F95146319010980AF0D3F9011C319862
:1041E0000AF0B8F95946319009980AF0CAF9011C49
:1041F00031980AF0AFF9011C40460AF0ABF93A9A3F
:10420000D1680AF0A7F9391C31902D980AF0B9F954
:10421000311C804626980AF0B4F9011C40460AF089
:1042200099F9291C80461F980AF0ABF9011C4046F9
:104230000AF090F9211C804618980AF0A2F951461C
:10424000329011980AF09DF9011C32980AF082F917
:10425000594632900A980AF094F9011C32980AF0F3
:1042600079F9011C40460AF075F93A9A11690AF089
:1042700071F9391C32902E980AF083F9311C80466E
:1042800027980AF07EF9011C40460AF063F9291CC0
:10429000804620980AF075F9011C40460AF05AF948
:1042A000211C804619980AF06CF9514633901298F7
:1042B0000AF067F9011C33980AF04CF9594633901B
:1042C0000B980AF05EF9011C33980AF043F9011CBF
:1042D00040460AF03FF93A9A51690AF03BF95146D3
:1042E000339013980AF04DF9211C80461A980AF071
:1042F00048F9011C40460AF02DF9594680460C98B1
:104300000AF03FF9011C40460AF024F9311C8046AE
:1043100028980AF036F9391C34902F980AF031F9B0
:10432000011C34980AF016F9291C349021980AF0DF
:1043300028F9011C34980AF00DF9011C40460AF0D6
:1043400009F93A9A91690AF005F9391C80462998C9
:104350000AF017F9311C071C22980AF012F9011C07
:10436000381C0AF0F7F8291C061C1B980AF009F9FA
:10437000011C301C0AF0EEF8211C051C14980AF0F0
:1043800000F95146041C0D980AF0FBF8011C201C92
:104390000AF0E0F85946041C06980AF0F2F8011CED
:1043A000201C0AF0D7F8011C281C0AF0D3F83A9A0E
:1043B000D3AC11680AF0CEF83B9B049A18605A609F
:1043C000059A9A60319ADA60329A1A61339A5A6180
:1043D00042469A614B461B684A46A2934B465B682D
:1043E000A3934B469B68A4934B46DB68A5934B462F
:1043F0001B69A6934B465B69A7934B469B69A893A1
:104400004B46DB69A9934B461B6AAA934B465B6AF2
:10441000AB934B469B6AAC934B46DB6AAD934B46E2
:104420001B6BAE934B465B6BAF934B469B6BB09352
:104430004B46DB6BB1934B461B6CB2934B465B6CAC
:10444000B3934B469B6CB4934B46DB6CB5934B4696
:104450001B6DB6934B465B6DB7934B469B6DB89304
:104460004B4607E0A41F0320AC1F0320A81F032016
:104470000AE81C41DB6DB9934B461B6EBA934B4661
:104480005B6EBB934B469B6EBC934B46DB6EBD9302
:104490004B461B6FBE934B465B6FBF934B469B6F68
:1044A000C0934B46DB6FC1938023D358C2938423C0
:1044B000D358C3938823D358C4938C23D358C5931C
:1044C0009023D358C6939423D358C7939823D35893
:1044D000C8939C23D358C993A023D358CA93A42329
:1044E000D358CB93A823D358CC93AC23D358CD9394
:1044F000B023D358CE93B423D358CF93B823D358F3
:10450000D093BC23D358D193C023D358D293309B9C
:104510003092984643461F685B6842469946434638
:1045200041469B68D2680E694D690D9849460493CF
:1045300005920AF026F80499824614980AF021F8A8
:10454000011C50460AF006F8391C824606980AF00B
:1045500018F8011C504609F0FDFF311C82462298D4
:104560000AF00FF8291C834629980AF00AF8011C62
:10457000584609F0EFFF059983461B980AF001F8A9
:10458000011C584609F0E6FF011C504609F0E2FF05
:10459000494620600E9809F0F4FF04998246159868
:1045A00009F0EFFF011C504609F0D4FF391C824688
:1045B000079809F0E6FF011C504609F0CBFF311CBB
:1045C0008246239809F0DDFF291C83462A9809F0CA
:1045D000D8FF011C584609F0BDFF059983461C9879
:1045E00009F0CFFF011C584609F0B4FF011C5046EA
:1045F00009F0B0FF494660600F9809F0C2FF0499C6
:104600008246169809F0BDFF011C504609F0A2FF32
:10461000391C8246089809F0B4FF011C504609F085
:1046200099FF311C8246249809F0ABFF291C834670
:104630002B9809F0A6FF011C584609F08BFF05993D
:1046400083461D9809F09DFF011C584609F082FF22
:10465000011C504609F07EFF4946A060109809F001
:1046600090FF04998246179809F08BFF011C504671
:1046700009F070FF391C8246099809F082FF011C7D
:10468000504609F067FF311C8246259809F079FFF2
:10469000291C83462C9809F074FF011C584609F028
:1046A00059FF059983461E9809F06BFF011C584677
:1046B00009F050FF011C504609F04CFF4946E060EC
:1046C000119809F05EFF04998246189809F059FF85
:1046D000011C504609F03EFF391C82460A9809F039
:1046E00050FF011C504609F035FF311C82462698C8
:1046F00009F047FF291C83462D9809F042FF011C51
:10470000584609F027FF059983461F9809F039FF9D
:10471000011C584609F01EFF011C504609F01AFF03
:1047200049462061129809F02CFF04998246199895
:1047300009F027FF011C504609F00CFF391C824686
:104740000B9809F01EFF011C504609F003FF311CB5
:104750008246279809F015FF291C83462E9809F0F8
:1047600010FF011C584609F0F5FE05998346209874
:1047700009F007FF011C584609F0ECFE011C5046E9
:1047800009F0E8FE49466061139809F0FAFE0499C1
:1047900081461A9809F0F5FE011C484609F0DAFE38
:1047A000391C81460C9809F0ECFE011C484609F0C2
:1047B000D1FE311C071C289809F0E3FE291C061CB9
:1047C0002F9809F0DEFE011C301C09F0C3FE05998C
:1047D000051C219809F0D5FE011C281C09F0BAFE21
:1047E000011C381C09F0B6FE18239C46FFABA061E3
:1047F00014331C34E044A34200D08BE6309BA2ADBE
:1048000099463C93C4234C46C8464B4408930794AE
:104810004246D26843464146914642469E694C68AC
:10482000096892685F691B690491301CFD990693C1
:10483000059209F0A6FEF6998246381C09F0A1FE01
:10484000011C504609F086FEEF998246069809F051
:1048500098FEE8998346484609F093FE011C5846A5
:1048600009F078FE011C504609F074FEE199824679
:10487000059809F086FEDA998346201C09F081FE2E
:10488000011C584609F066FED3998346049809F046
:1048900078FE011C584609F05DFE011C504609F0E7
:1048A00059FE011C286809F052FE2860FE99301C50
:1048B00009F067FEF7998246381C09F062FE011C78
:1048C000504609F047FEF0998246069809F059FED5
:1048D000E9998346484609F054FE011C584609F000
:1048E00039FE011C504609F035FEE29982460598D2
:1048F00009F047FEDB998346201C09F042FE011CAB
:10490000584609F027FED4998346049809F039FEE9
:10491000011C584609F01EFE011C504609F01AFE03
:10492000011C686809F013FEFF996860301C09F0EB
:1049300028FEF8998246381C09F023FE011C5046D7
:1049400009F008FEF1998246069809F01AFEEA99E4
:104950008346484609F015FE011C584609F0FAFD49
:10496000011C504609F0F6FDE3998246059809F0CE
:1049700008FEDC998346201C09F003FE011C584602
:1049800009F0E8FDD5998346049809F0FAFD011C69
:10499000584609F0DFFD011C504609F0DBFD011C03
:1049A000A86809F0D4FDFFAB5968A860301C043337
:1049B00009F0E7FDF9998246381C09F0E2FD011C77
:1049C000504609F0C7FDF2998246069809F0D9FDD4
:1049D000EB998346484609F0D4FD011C584609F07E
:1049E000B9FD011C504609F0B5FDE49982460598D1
:1049F00009F0C7FDDD998346201C09F0C2FD011CAA
:104A0000584609F0A7FDD6998346049809F0B9FDE8
:104A1000011C584609F09EFD011C504609F09AFD04
:104A2000011CE86809F093FDFFAB9968E860301C51
:104A3000083309F0A6FDFA998246381C09F0A1FD59
:104A4000011C504609F086FDF3998246069809F04C
:104A500098FDEC998346484609F093FD011C5846A1
:104A600009F078FD011C504609F074FDE599824675
:104A7000059809F086FDDE998346201C09F081FD2A
:104A8000011C584609F066FDD7998346049809F041
:104A900078FD011C584609F05DFD011C504609F0E7
:104AA00059FD011C286909F052FDFFABD968286146
:104AB000301C0C3309F065FDFB998246381C09F067
:104AC00060FD011C504609F045FDF49982460698A8
:104AD00009F057FDED998346484609F052FD011C47
:104AE000584609F037FD011C504609F033FDE699A0
:104AF0008246059809F045FDDF998346201C09F0A0
:104B000040FD011C584609F025FDD89983460498BC
:104B100009F037FD011C584609F01CFD011C5046E8
:104B200009F018FD011C686909F011FDEE99686132
:104B3000484609F026FDF5998146069809F021FDC1
:104B4000011C484609F006FDFC998146381C09F015
:104B500018FDFFAB1969071C301C103309F011FD5B
:104B6000011C381C09F0F6FC011C484609F0F2FC57
:104B7000E099061C201C09F004FDE799041C059827
:104B800009F0FFFC011C201C09F0E4FCD999041C6D
:104B9000049809F0F6FC011C201C09F0DBFC011C48
:104BA000301C09F0D7FC011CA86909F0D0FC1C23BB
:104BB0009C46089BE044A8611C35984500D027E638
:104BC000079BA29A99461A60A39A5A60A49A9A607F
:104BD000A59ADA60A69A1A61A79A5A61A89A9A6168
:104BE000A99ADA61AA9A1A62AB9A5A62AC9A9A6244
:104BF000AD9ADA62AE9A1A63AF9A5A63B09A9A6320
:104C0000B19ADA63B29A1A64B39A5A64B49A9A64FB
:104C1000B59ADA64B69A1A65B79A5A65B89A9A65D7
:104C2000B99ADA65BA9A1A66BB9A5A66BC9A9A66B3
:104C3000BD9ADA66BE9A1A67BF9A5A67C09A9A678F
:104C4000C19ADA674A468023C299D150C399043386
:104C5000D150C4990433D150C5990433D150C69969
:104C60000433D150C7990433D150C8990433D1507B
:104C7000C9990433D150CA990433D150CB99043324
:104C8000D150CC990433D150CD990433D150CE9921
:104C90000433D150CF990433D150D0990433D1503B
:104CA000D1990433D150D2990433D1503AAA9446C1
:104CB0004F4BA2AA63441B6813CB13C24D4BD3AC1A
:104CC00063441B6807CB07C43A9B3B9D00934A4B48
:104CD00028006344A2A91B68D3AAFDF789F82B001A
:104CE000D3AA23CB23C213CB13C23AA91B688C4689
:104CF00013603EAA11003E4B63441B6831CB31C1A7
:104D00003C4BA2A963441B6831CB31C13A4BD3A9B8
:104D100063441B6871A80093A2ABFDF7CFFAD3AB35
:104D200007931C00719B0993789B10937F9B1793AB
:104D3000869B1E938D9B2593949B2C939B9B3393D7
:104D4000729B0A93799B1193809B1893879B1F9367
:104D50008E9B2693959B2D939C9B3493739B0B93D7
:104D60007A9B1293819B1993889B20938F9B279307
:104D7000969B2E939D9B3593749B0C937B9B1393D7
:104D8000829B1A93899B2193909B2893979B2F93A7
:104D90009E9B3693759B0D937C9B1493839B1B93D7
:104DA0008A9B2293919B2993989B30939F9B379347
:104DB000769B0E937D9B1593849B1C938B9B2393D7
:104DC000929B2A93999B3193A09B3893779B0F9347
:104DD0007E9B1693859B1D938C9B2493939B2B9377
:104DE0009A9B3293A19B3C9D39934B463C9305E0A3
:104DF00028080000380800003C080000E868AE6998
:104E00008146A96828692B686A6880460691301C2B
:104E100033990493059209F0B4FB6F6982462C998B
:104E2000381C09F0AEFB011C504609F093FB259994
:104E30008246404609F0A5FB1E998346484609F084
:104E4000A0FB011C584609F085FB011C504609F0E7
:104E500081FB17998246069809F093FB10998346C7
:104E6000059809F08EFB011C584609F073FB09995F
:104E70008346049809F085FB011C584609F06AFB3B
:104E8000011C504609F066FB34992060301C09F083
:104E900078FB2D998246381C09F073FB011C5046A3
:104EA00009F058FB26998246404609F06AFB1F9993
:104EB0008346484609F065FB011C584609F04AFB49
:104EC000011C504609F046FB18998246069809F0E5
:104ED00058FB11998346059809F053FB011C58466D
:104EE00009F038FB0A998346049809F04AFB011C33
:104EF000584609F02FFB011C504609F02BFB359951
:104F00006060301C09F03DFB2E998246381C09F088
:104F100038FB011C504609F01DFB2799824640468C
:104F200009F02FFB20998346484609F02AFB011C13
:104F3000584609F00FFB011C504609F00BFB19996C
:104F40008246069809F01DFB12998346059809F0E0
:104F500018FB011C584609F0FDFA0B99834604988A
:104F600009F00FFB011C584609F0F4FA011C5046E9
:104F700009F0F0FA3699A060301C09F002FB2F9975
:104F80008246381C09F0FDFA011C504609F0E2FA8D
:104F900028998246404609F0F4FA2199834648460A
:104FA00009F0EFFA011C584609F0D4FA011C5046EA
:104FB00009F0D0FA1A998246069809F0E2FA139994
:104FC0008346059809F0DDFA011C584609F0C2FA3B
:104FD0000C998346049809F0D4FA011C584609F04C
:104FE000B9FA011C504609F0B5FA3799E060301C57
:104FF00009F0C7FA30998246381C09F0C2FA011C40
:10500000504609F0A7FA29998246404609F0B9FAB4
:1050100022998346484609F0B4FA011C584609F023
:1050200099FA011C504609F095FA1B998246069898
:1050300009F0A7FA14998346059809F0A2FA011C11
:10504000584609F087FA0D998346049809F099FAB1
:10505000011C584609F07EFA011C504609F07AFA04
:1050600038992061301C09F08CFA31998246381C3D
:1050700009F087FA011C504609F06CFA2A99824619
:10508000404609F07EFA23998346484609F079FAAA
:10509000011C584609F05EFA011C504609F05AFA04
:1050A0001C998246069809F06CFA15998346059872
:1050B00009F067FA011C584609F04CFA0E9983462C
:1050C000049809F05EFA011C584609F043FA011CE5
:1050D000504609F03FFA49466061249809F051FAB8
:1050E000414681462B9809F04CFA011C484609F0CC
:1050F00031FA391C8046329809F043FA311C071CFA
:10510000399809F03EFA011C381C09F023FA011CF9
:10511000404609F01FFA0599061C169809F031FA65
:105120000699071C1D9809F02CFA011C381C09F07F
:1051300011FA0499071C0F9809F023FA011C381C76
:1051400009F008FA011C301C09F004FA089B1C3510
:10515000A0611C349D4200D050E63C9BA2AC994615
:10516000F6AB0693DAAB08934B463C943D93079B12
:10517000586D1A688146996B186F0492069A80469A
:10518000059148461E99DD691768D66909F0F9F955
:1051900025998246404609F0F4F9011C504609F071
:1051A000D9F92C998246381C09F0EBF933998346DA
:1051B000301C09F0E6F9011C584609F0CBF9011C36
:1051C000504609F0C7F910998246281C09F0D9F910
:1051D00017998346059809F0D4F9011C584609F03F
:1051E000B9F909998346049809F0CBF9011C58468E
:1051F00009F0B0F9011C504609F0ACF920601F9984
:10520000484609F0BEF926998246404609F0B9F9A8
:10521000011C504609F09EF92D998246381C09F070
:10522000B0F934998346301C09F0ABF9011C58469B
:1052300009F090F9011C504609F08CF91199824649
:10524000281C09F09EF918998346059809F099F9E8
:10525000011C584609F07EF90A998346049809F022
:1052600090F9011C584609F075F9011C504609F0E7
:1052700071F920996060484609F083F927998246C0
:10528000404609F07EF9011C504609F063F92E9959
:105290008246381C09F075F935998346301C09F0AF
:1052A00070F9011C584609F055F9011C504609F0E7
:1052B00051F912998246281C09F063F9199983461D
:1052C000059809F05EF9011C584609F043F90B995D
:1052D0008346049809F055F9011C584609F03AF93B
:1052E000011C504609F036F92199A060484609F0A2
:1052F00048F928998246404609F043F9011C504676
:1053000009F028F92F998246381C09F03AF93699A4
:105310008346301C09F035F9011C584609F01AF98A
:10532000011C504609F016F913998246281C09F011
:1053300028F91A998346059809F023F9011C584663
:1053400009F008F90C998346049809F01AF9011C30
:10535000584609F0FFF8011C504609F0FBF8229965
:10536000E060484609F00DF929998246404609F067
:1053700008F9011C504609F0EDF830998246381CB6
:1053800009F0FFF837998346301C09F0FAF8011C40
:10539000584609F0DFF8011C504609F0DBF8149973
:1053A0008246281C09F0EDF81B998346059809F000
:1053B000E8F8011C584609F0CDF80D998346049889
:1053C00009F0DFF8011C584609F0C4F8011C5046EA
:1053D00009F0C0F823992061484609F0D2F82A99CB
:1053E0008246404609F0CDF8011C504609F0B2F85B
:1053F00031998246381C09F0C4F838998346301C2C
:1054000009F0BFF8011C584609F0A4F8011C5046E9
:1054100009F0A0F815998246281C09F0B2F81C99E9
:105420008346059809F0ADF8011C584609F092F83A
:105430000E998346049809F0A4F8011C584609F017
:1054400089F8011C504609F085F8494660612498A6
:1054500009F097F8414681462B9809F092F8011C13
:10546000484609F077F8391C8046329809F089F8E7
:10547000311C071C399809F084F8011C381C09F00C
:1054800069F8011C404609F065F8291C061C1698AD
:1054900009F077F80599051C1D9809F072F8011CB0
:1054A000281C09F057F80499051C0F9809F069F8B1
:1054B000011C281C09F04EF8011C301C09F04AF8A8
:1054C000069A079B04320692089A0433A061079358
:1054D0001C34934200D04AE63AAA94463D9B764A51
:1054E0009946754B624463441B6812681B68D3ACD1
:1054F0000793714B63441B68DB6908936E4B6344ED
:105500001B689B6B09936C4B63441B685B6D0A9330
:10551000694B63441B681B6F0B938C23D358664AFB
:105520000C93654B624463441B685B680D93624B4C
:1055300063441B681B6A0E935F4B63441B68DB6B01
:105540000F935D4B63441B689B6D10935A4B6344F0
:105550001B685B6F126811939023D358564A1293BD
:10556000554B624463441B6812689B681393524B0B
:1055700063441B685B6A14934F4B63441B681B6C4A
:1055800015934D4B63441B68DB6D16934A4B634484
:105590001B689B6F17939423D358474A1893464B25
:1055A000624463441B68DB681993434B63441B6884
:1055B0009B6A1A93404B63441B685B6C1B933E4B86
:1055C00063441B6812681B6E1C933B4B63441B684F
:1055D000DB6F1D939823D358374A1E93364B624492
:1055E00063441B6812681B691F93334B63441B6839
:1055F000DB6A2093304B63441B689B6C21932E4BDA
:1056000063441B685B6E22938023D3582A4A2393FA
:105610009C2362441268D358274A2493264B624441
:1056200063441B685B692593234B63441B681B6BB6
:105630002693214B126863441B68DB6C27931E4B37
:1056400063441B689B6E28938423D3581A4A29937A
:10565000A02362441268D358174A2A93164B624417
:1056600063441B6812689B692B93134B63441B684C
:105670005B6B2C93104B63441B681B6D2D930E4B7F
:1056800063441B68DB6E2E938823D3580A4A2F93FA
:10569000A42362441268D35822003093074B63441A
:1056A0001B689846D3AB06939023434431934B46F3
:1056B00044469046329303E0340800002C08000072
:1056C0006368E2689946A36808994846049305927E
:1056D00008F057FF09998246049808F052FF011C10
:1056E000504608F037FF276882460799381C08F0B3
:1056F00048FF011C504608F02DFF266982460B9991
:10570000301C08F03EFF656983460C99281C08F0A0
:1057100038FF011C584608F01DFF0A99834605987A
:1057200008F02FFF011C584608F014FF011C5046DA
:1057300008F010FF414608600E99484608F021FF26
:105740000F998246049808F01CFF011C504608F08F
:1057500001FF0D998246381C08F013FF011C5046CA
:1057600008F0F8FE11998246301C08F00AFF1299E1
:105770008346281C08F005FF011C584608F0EAFE85
:1057800010998346059808F0FCFE011C584608F065
:10579000E1FE011C504608F0DDFE414648601499C8
:1057A000484608F0EEFE15998246049808F0E9FE96
:1057B000011C504608F0CEFE13998246381C08F0B2
:1057C000E0FE011C504608F0C5FE17998246301CC9
:1057D00008F0D7FE18998346281C08F0D2FE011C59
:1057E000584608F0B7FE16998346059808F0C9FE9A
:1057F000011C584608F0AEFE011C504608F0AAFEF7
:10580000414688601A99484608F0BBFE1B998246BB
:10581000049808F0B6FE011C504608F09BFE19994A
:105820008246381C08F0ADFE011C504608F092FE7E
:105830001D998246301C08F0A4FE1E998346281C40
:1058400008F09FFE011C584608F084FE1C99834610
:10585000059808F096FE011C584608F07BFE011CD6
:10586000504608F077FE4146C8602099484608F047
:1058700088FE21998246049808F083FE011C504658
:1058800008F068FE1F998246381C08F07AFE011C59
:10589000504608F05FFE23998246301C08F071FEE6
:1058A00024998346281C08F06CFE011C584608F019
:1058B00051FE22998346059808F063FE011C584664
:1058C00008F048FE011C504608F044FE41460861BD
:1058D0002699484608F055FE27998246049808F014
:1058E00050FE011C504608F035FE25998246381CB2
:1058F00008F047FE011C504608F02CFE299982460C
:10590000301C08F03EFE2A998346281C08F039FE18
:10591000011C584608F01EFE28998346059808F099
:1059200030FE011C584608F015FE011C504608F0D8
:1059300011FE43462C995861484608F022FE2D99E5
:105940008146049808F01DFE011C484608F002FE3E
:105950002B998146381C08F014FE011C484608F0BB
:10596000F9FD2F99071C301C08F00BFE3099061C1E
:10597000281C08F006FE011C301C08F0EBFD2E99D7
:10598000051C059808F0FDFD011C281C08F0E2FD2F
:10599000011C381C08F0DEFD434698611C239C4620
:1059A000319B1834E044A34200D089E6F6AB05935E
:1059B0003C9CDAAB3193069B0899DA691F689146E3
:1059C0009A6B484690465A6D1E6F0492059A20CAFB
:1059D000059208F0D6FD09998246404608F0D1FDAF
:1059E000011C504608F0B6FD07998246381C08F0A5
:1059F000C8FD011C504608F0ADFD0B998246301CD5
:105A000008F0BFFD0C998346281C08F0BAFD011C64
:105A1000584608F09FFD0A998346049808F0B1FDA6
:105A2000011C584608F096FD011C504608F092FDF6
:105A3000011C206808F08EFD0F992060404608F098
:105A4000A0FD0E998246484608F09BFD011C504679
:105A500008F080FD0D998246381C08F092FD011C6B
:105A6000504608F077FD11998246301C08F089FDF8
:105A700012998346281C08F084FD011C584608F042
:105A800069FD10998346049808F07BFD011C584677
:105A900008F060FD011C504608F05CFD011C6068C8
:105AA00008F058FD14996060484608F06AFD1599A1
:105AB0008246404608F065FD011C504608F04AFD4C
:105AC00013998246381C08F05CFD011C504608F012
:105AD00041FD18998246281C08F053FD179983460A
:105AE000301C08F04EFD011C584608F033FD169995
:105AF0008346049808F045FD011C584608F02AFD2D
:105B0000011C504608F026FD011CA06808F022FD8B
:105B10001E99A060281C08F034FD1D998246301C97
:105B200008F02FFD011C504608F014FD1C99824618
:105B3000049808F026FD011C504608F00BFD1B9947
:105B40008246404608F01DFD1A998346484608F0F3
:105B500018FD011C584608F0FDFC19998346381CB5
:105B600008F00FFD011C584608F0F4FC011C5046DB
:105B700008F0F0FC011CE06808F0ECFC2199E06002
:105B8000404608F0FEFC20998246484608F0F9FCA1
:105B9000011C504608F0DEFC1F998246381C08F0B4
:105BA000F0FC011C504608F0D5FC23998246301CBD
:105BB00008F0E7FC24998346281C08F0E2FC011C4D
:105BC000584608F0C7FC22998346049808F0D9FC8F
:105BD000011C584608F0BEFC011C504608F0BAFCF7
:105BE000011C206908F0B6FC26992061484608F09F
:105BF000C8FC27998246404608F0C3FC011C504669
:105C000008F0A8FC25998246381C08F0BAFC011C53
:105C1000504608F09FFC29998246301C08F0B1FCE0
:105C20002A998346281C08F0ACFC011C584608F051
:105C300091FC28998346049808F0A3FC011C58465F
:105C400008F088FC011C504608F084FC011C6069C7
:105C500008F080FC606148462C9908F092FC2D9970
:105C60008146404608F08DFC011C484608F072FC55
:105C70002B998046381C08F084FC011C404608F033
:105C800069FC2F99071C301C08F07BFC3099061C1E
:105C9000281C08F076FC011C301C08F05BFC2E99D7
:105CA000051C049808F06DFC011C281C08F052FC2F
:105CB000011C381C08F04EFC011CA06908F04AFCCD
:105CC000069B319A0433A06106931C34934200D0A2
:105CD00071E6329BA29A99461A60A99A5A60B09AC4
:105CE0009A60B79ADA60BE9A1A61C59A5A61CC9ADC
:105CF0009A61A39ADA61AA9A1A62B19A5A62B89A18
:105D00009A62BF9ADA62C69A1A63CD9A5A63A49AC3
:105D10009A63AB9ADA63B29A1A64B99A5A64C09ACF
:105D20009A64C79ADA64CE9A1A65A59A5A65AC9AAB
:105D30009A65B39ADA65BA9A1A66C19A5A66C89A87
:105D40009A66CF9ADA66A69A1A67AD9A5A67B49A93
:105D50009A67BB9ADA674A468023C299D150C9999B
:105D60000433D150D0990433D150A7990433D15082
:105D7000AE990433D150B5990433D150BC99043352
:105D8000D150C3990433D150CA990433D150D19919
:105D90000433D150A8990433D150AF990433D15072
:105DA000B6990433D150BD990433D150C49904330A
:105DB000D150CB990433D150D29904333B9DD1506B
:105DC0002A686F68111C101C049208F0DAFB391C59
:105DD000041C381C08F0D5FB011C201C08F0BAFB81
:105DE000AE68041C311C301C08F0CBFB011C201CCD
:105DF00008F0B0FBED68041C291C281C08F0C1FB4E
:105E0000011C201C08F0A6FB08F05EFC3B9D041C56
:105E1000011C286808F0A1FB211C2860686808F0B4
:105E20009CFB211C6860A86808F097FB211CA860F7
:105E3000E86808F092FBE8603A9D2A686F68111CD8
:105E4000101C049208F09DFB391C041C381C08F03F
:105E500098FB011C201C08F07DFBAE68041C311C63
:105E6000301C08F08EFB011C201C08F073FBED6851
:105E7000041C291C281C08F084FB011C201C08F0B1
:105E800069FB08F021FC3A9D041C011C286808F0FD
:105E900064FB211C2860686808F05FFB211C6860B7
:105EA000A86808F05AFB211CA860E86808F055FBB8
:105EB000E8600020034B9D44F0BCBB46B246A946B7
:105EC000A046F0BDEC080000F8B5CE46474696481F
:105ED00080B50BF095FD954C954D2000FBF768FFC4
:105EE000200028F045FA934E9C2431000300012243
:105EF00001C1A400980F584068438318013208C1BB
:105F0000A242F7D19C230024002000211B01F25063
:105F1000894D0022894B9C60DD6000241860596027
:105F200018615961FE201A76854B80051C605C6003
:105F30009C60DC60834B1C605C609C60DC60824B1E
:105F40001C605C60814B1C605C60814B1C605C6011
:105F5000804B1C605C609C60DC607F4B1C605C6004
:105F60007E4D9C60DC607E4B29681C6008F0F5FA71
:105F70007C4B1860FE207C4B80051C605C609C6044
:105F8000DC607A4B1C605C60794B1C605C60794B18
:105F90001C605C60784B1C605C609C60DC60774BD4
:105FA0001C605C609C60DC60754B1C605C609C608D
:105FB000DC60744B29681C605C60734B1C605C6027
:105FC000724B1C605C60724B1C605C609C60DC60AF
:105FD000704B1C605C609C60DC606F4B1C6008F068
:105FE000BCFA6E4B18606E4B1C605C609C60DC60A1
:105FF0006C4B1C605C606C4B1C605C606B4B1C6091
:106000005C606B4B1C605C609C60DC60694B1C607E
:10601000694B1C60694B1868011C08F0B2FA684BA8
:106020001860684B1868011C08F0ABFA664B1860E2
:10603000664B1C68664B1868011C08F08BFA654BB0
:10604000196808F09EFA211C08F09BFA624B196847
:1060500008F083FA011CFE20800508F078FA5F4BF7
:1060600018605F4B1C605F4B1E68301C08F03CFBE7
:106070005D4B051C301C1F6808F048FB5B4B8146DC
:10608000391C281C1E6808F07CFA311C80464846E2
:1060900008F077FA011C404608F05CFA211C08F071
:1060A00070FA534B1860534B1B689846524B41464D
:1060B0001B68994680231B06F81808F062FA4F4BBC
:1060C000071C1968301C08F05CFA011C381C08F029
:1060D00041FA4B4B071C1968281C08F052FA494634
:1060E00008F04FFA011C381C08F034FA211C08F0A3
:1060F00048FA444B4946186080231B06F01808F004
:1061000040FA211C08F03DFA3F4B41461860201C24
:1061100008F037FA291C08F020FA3C4B1860C0BC84
:10612000B946B046F8BDC046083803200C4E0320DF
:106130006589076C184303200000F03F982F00206A
:10614000002E0020202E0020184D0320104D03208B
:10615000E83D0320802E0020602E00204C330020DC
:10616000F420032054330020402E0020F44C032060
:10617000C0420320E44C0320502D0020F02D0020CD
:10618000102E0020004D0320084D0320E03D032089
:10619000702E0020502E0020F020032050330020CD
:1061A000302E0020EC4C0320B8420320DC4C0320AE
:1061B000402D00204C58032050580320B4200020CC
:1061C000DC200320B8200020E0200320AC200020A9
:1061D000A420002038210320B0200020903E03207E
:1061E000943E0320BC200020C0200020C4200020BA
:1061F000983E0320503E03204C3E0320483E03209F
:10620000A820002040580320445803204858032069
:10621000F0B54746CE4680B583B01F006B46D971B6
:106220001600073305008288C046C046C0460124D8
:10623000210091400A00D021090688468A61C046A3
:10624000C046C0460D4A190091460122484643F017
:10625000F7F83A003100484643F0F2F8AB88C04600
:10626000C046C0469C4043465C61C046C046C046EE
:10627000002003B0C0BCB946B046F0BD00000440E9
:10628000F0B54746CE4680B583B01F006B4605008B
:10629000D81D40230B4303701600AB88C046C04690
:1062A000C046012422009A401300D02212069046D4
:1062B0009361C046C046C0460D4B01009946180088
:1062C000012243F0BDF83A003100484643F0B8F8E7
:1062D000AB88C046C046C0469C4043465C61C04651
:1062E000C046C046002003B0C0BCB946B046F0BDB1
:1062F00000000440F0B54746CE4680B583B01F008D
:106300006B460500D81D80235B420B4303701600CB
:10631000AB88C046C046C046012422009A40130004
:10632000D022120690469361C046C046C0460E4B2E
:10633000010099460122180043F082F83B00320028
:106340000021484642F0F4FFAB88C046C046C04634
:106350009C4043465C61C046C046C046002003B036
:10636000C0BCB946B046F0BD00000440F0B5474699
:10637000CE4680B583B01F006B460500D81D402374
:106380005B420B4303701600AB88C046C046C04654
:10639000012422009A401300D022120690469361F5
:1063A000C046C046C0460E4B010099460122180067
:1063B00043F046F83B0032000021484642F0B8FF67
:1063C000AB88C046C046C0469C4043465C61C04660
:1063D000C046C046002003B0C0BCB946B046F0BDC0
:1063E0000000044010B504F025FE10BDF0B5D646FF
:1063F0004F464646C0B50C0008A980C99060097890
:1064000000688A460AA9097889460BA9097888464E
:106410000CA90E780DA90D781A4911601A4951601E
:106420001A4A9C601A601A4A39005A6003F018FD33
:106430003900206803F014FD5046012103F0D2FF1B
:106440004846012103F0CEFF0121404603F0CAFF78
:10645000300003F0DFFF280003F0DCFF0123190008
:10646000D022B140AB40FA20120651628000536244
:106470005161536104F0DEFDE0BCBA46B146A84666
:10648000F0BDC04611620010F5620010816200107C
:106490006D63001010B508F0CFF8024908F071F8EC
:1064A00010BDC0465A643B3F10B508F0C5F802491C
:1064B00008F067F810BDC04600008C4210B508F027
:1064C000BBF8024908F05DF810BDC046E17A143F00
:1064D000F0B5040083B001AD0E0001232A001021A5
:1064E00080686768B84700280DD1032118230E4043
:1064F0002978F60099433143A06829702A001021B9
:106500002468173BA04703B0F0BDC046F0B50400B7
:1065100085B001AF0D0001233A0010218068666844
:10652000B04700283CD11F263B786A013340134313
:106530003B703A0001231021A0682768B847002863
:106540002ED101232021A068676802AAB84700283D
:1065500026D16A46127A2B095B0116401E436B4610
:1065600020211E72A0680123266802AAB0470028D5
:1065700016D101231221A068666803AAB04700283B
:106580000ED16B467F211B7BED0919406B46ED0157
:106590000D43A0681D7312210123246803AAA0479C
:1065A00005B0F0BDF0B5040083B001AD0E000123CD
:1065B0002A00202180686768B84700280DD1032190
:1065C00018230E402978F60099433143A0682970BA
:1065D0002A0020212468173BA04703B0F0BDC04625
:1065E000F0B5C6460D0000B582B0060014000123C8
:1065F0006A462221A8686F68B84700282CD16B46EC
:10660000402201271B78904693436A462740BF01EA
:106610003B43A8681370222101232D68A847002856
:106620001AD101232421B068756801AAA84700285F
:1066300012D1E4436B46E2017F241B7924211C40E4
:1066400043461443E4B29C436B463C431C71B06820
:106650000123346801AAA04702B080BCB846F0BD4F
:10666000F0B54746CE46040080B585B001AF0D00B9
:1066700001233A00202180686668B04700284FD186
:1066800001210323EA080A40180052009846833B80
:106690001343AA00944699461C2263461A404B466F
:1066A0002E09304013433A7806004001114003435D
:1066B0000B433B703A0001232021A0682768B847AC
:1066C00000282DD101232221A068676802AAB847BB
:1066D000002825D16B46197A434699436B46AD098C
:1066E0000D431D7222210123A068256802AAA84734
:1066F000002815D101232321A068656803AAA847B3
:1067000000280DD16A46B300167B0C2296431E4327
:106710006B46A0681E7323210123246803AAA047A7
:1067200005B0C0BCB946B046F0BDC046F0B50400E7
:1067300083B001AD0E0001232A0021218068676823
:10674000B84700280DD1032160230E402978760137
:1067500099433143A06829702A00212124685F3BB6
:10676000A04703B0F0BDC046030030B583B00C00B5
:106770006A465D68182106238068A8476B465A78E8
:106780001B7812029B1823806B46DA789B781202E2
:106790009B1863806B465A791B7912029B18A38061
:1067A00003B030BD030030B583B00C006A465D68AD
:1067B000282106238068A8476B465A781B78120266
:1067C0009B1823806B46DA789B7812029B186380B3
:1067D0006B465A791B7912029B18A38003B030BD17
:1067E000030030B583B00C006A465D68282106239B
:1067F0008068A8476B465A781B7812029B18238042
:106800006B46DA789B7812029B1863806B465A7944
:106810001B7912029B18A38003B030BD70B5012311
:1068200005004E6888680F211400B047002805D184
:10683000621C01230F21A8686C68A04770BDC04688
:1068400070B501230500140088684E6801321721D5
:10685000B047002805D1A8680123220027216D68D0
:10686000A84770BDF0B5C6460E0000B582B001AFB6
:106870000500904601233A002221B0687468A047C1
:10688000002824D1012244463B78144093432343FB
:10689000B0683B703A00012322213668B0470028D7
:1068A00015D101236A462121A8686E68B0470028E7
:1068B0000DD16B46A2001C7804239C436B46144305
:1068C0001C706A4601232121A8682C68A04702B0E9
:1068D00080BCB846F0BDC04670B582B0050014005B
:1068E00088684E680123222101AAB04700280DD1F3
:1068F00001232121A8686A466D68A8476B4619786C
:106900001B794907DB070B43DB0F237002B070BD17
:10691000F0B5040083B001AE0D0001233200102158
:1069200080686768B84700280CD1032329003578B0
:1069300019409D432943A06831703200102124681A
:10694000023BA04703B0F0BD70B5040082B00D005B
:1069500001236A46112180686668B047002827D164
:1069600003226B4611001B78294093436A460B4370
:10697000137011210123A0682668B047002817D1A1
:1069800001231221A068666801AAB04700280FD130
:106990006B461979402399436B46ED06ED0FAD0127
:1069A0000D43A0681D7112210123246801AAA0478C
:1069B00002B070BDF0B5040083B001AD0E0001233C
:1069C0002A00202180686768B847002810D1F306A4
:1069D000DB0F9900032307221E402B78314393439A
:1069E0001943A068297001232A0020212468A047A8
:1069F00003B0F0BDF0B5040083B001AD0E0001237B
:106A00002A00212180686768B84700280DD101213C
:106A100004230E402978B60099433143A0682970B9
:106A20002A0021212468033BA04703B0F0BDC046E3
:106A3000F0B5040083B001AE0D0001233200212126
:106A400080686768B847002810D160212B096D0164
:106A5000DB010D401D433378413919400D43A068D7
:106A600001233200212124683570A04703B0F0BD16
:106A7000F8B50421022003F0B5FC0421032003F043
:106A8000B1FC04210E2003F0ADFC04210F2003F023
:106A9000A9FC0421142003F0A5FC0421152003F017
:106AA000A1FC0421062003F09DFC9C21544B554A77
:106AB00004205A509A635A62DA64C8220C39D20010
:106AC0005A50DA629A611A64802214315A504E4B3D
:106AD0004E491A6003F000FD0121042003F0B8FCC8
:106AE0004B4B4C4F1B783A68012B00D171E04A4B5D
:106AF0004A4E5A401204120C494D32602A68494CE1
:106B00005A401204120C4848226002684749534018
:106B10001B041B0C0B603A68454B5A40120C1204C4
:106B200032602A685A40120C1204226002684148FE
:106B300053401B0C1B040B603F4B394C1A6801235C
:106B4000190091433D4A116019003D4A1268914372
:106B50003C4A116019003C4A126891433B4A11605B
:106B60003B4A126893433B4A136004F063FA294995
:106B7000294A0B68294853401B041B0C0360096811
:106B80002B4B5940090C09040160216825485140EC
:106B90000904090C016021685940090C09040160CD
:106BA000214801684A4012042049120C0A60026818
:106BB000FA2053401B0C1B040B60274B80001A6803
:106BC000264B53401B04264A1B0C136004F032FA78
:106BD000F8BD244B114E5A401204120C104D326075
:106BE0002A68104C5A401204120C0F4822600268A6
:106BF0000E4953401B041B0C0B603A681A4B8CE780
:106C000000000540340C0000A8200540D983001086
:106C1000F4580320980005405F05000098100540D7
:106C20003400054034100540200005402010054088
:106C300000005F05B80B00008C0005408C1005407B
:106C40002800054028100540140005401410054098
:106C50003C0005403C100540480005407102000022
:106C6000481005404709000000004709D0B5041C42
:106C700007F020FD1B4A1C4B06000F0007F02AF806
:106C8000002810D130003900184A194B07F00CF8D1
:106C900000280ED0174B184A10685840000C174BAC
:106CA00000041860D0BD164E301C07F0E7FC03044A
:106CB000F1E71449201C07F064FC134907F04AFC73
:106CC0001249041C061C07F0A1FC002801D0104B3F
:106CD000E1E70D49201C07F08BFC0028E4D00D4BA8
:106CE000D9E7C0460AD7A3703D0AEF3F7B14AE47F1
:106CF000E17A843F0000690520000540201005402E
:106D00000090124500007A4400E0AB440070144546
:106D10000000470900005F05D0B5041C07F0CAFC5D
:106D20001B4A1C4B06000F0006F0D4FF002810D1B0
:106D300030003900184A194B06F0B6FF00280ED073
:106D4000174B184A10685840000C174B0004186085
:106D5000D0BD164E301C07F091FC0304F1E7144936
:106D6000201C07F00EFC134907F0F4FB1249041C29
:106D7000061C07F04BFC002801D0104BE1E70D4941
:106D8000201C07F035FC0028E4D00D4BD9E7C046A5
:106D90000AD7A3703D0AEF3F7B14AE47E17A843FE8
:106DA00000006905980005409810054000901245C4
:106DB00000007A4400E0AB4400701445000047092D
:106DC00000005F05D0B5041C07F074FC1B4A1C4B87
:106DD00006000F0006F07EFF002810D130003900B9
:106DE000184A194B06F060FF00280ED0174B184ABE
:106DF000106858400004174B000C1860D0BD164EA8
:106E0000301C07F03BFC83B2F1E71449201C07F06B
:106E1000B8FB134907F09EFB1249041C061C07F03F
:106E2000F5FB002801D0104BE1E70D49201C07F0CD
:106E3000DFFB0028E4D00D4BD9E7C0460AD7A3708A
:106E40003D0AEF3F7B14AE47E17A843F69050000BD
:106E500098000540981005400090124500007A44C3
:106E600000E0AB4400701445470900005F050000D6
:106E7000D0B5041C07F01EFC1B4A1C4B06000F007B
:106E800006F028FF002810D130003900184A194BAD
:106E900006F00AFF00280ED0174B184A1068584019
:106EA0000004174B000C1860D0BD164E301C07F0C4
:106EB000E5FB83B2F1E71449201C07F062FB13499C
:106EC00007F048FB1249041C061C07F09FFB002832
:106ED00001D0104BE1E70D49201C07F089FB002889
:106EE000E4D00D4BD9E7C0460AD7A3703D0AEF3F67
:106EF0007B14AE47E17A843F69050000200005401D
:106F0000201005400090124500007A4400E0AB4498
:106F100000701445470900005F050000D0B5041C4F
:106F200007F0C8FB1B4A1C4B06000F0006F0D2FE00
:106F3000002810D130003900184A194B06F0B4FE71
:106F400000280ED0174B184A10685840000C174BF9
:106F500000041860D0BD164E301C07F08FFB0304F0
:106F6000F1E71449201C07F00CFB134907F0F2FA73
:106F70001249041C061C07F049FB002801D0104BE5
:106F8000E1E70D49201C07F033FB0028E4D00D4B4E
:106F9000D9E7C0460AD7A3703D0AEF3F7B14AE473E
:106FA000E17A843F00006905340005403410054053
:106FB0000090124500007A4400E0AB440070144594
:106FC0000000470900005F05D0B5041C07F072FB04
:106FD0001B4A1C4B06000F0006F07CFE002810D157
:106FE00030003900184A194B06F05EFE00280ED01A
:106FF000174B184A106858400004174B000C1860D3
:10700000D0BD164E301C07F039FB83B2F1E71449AE
:10701000201C07F0B6FA134907F09CFA1249041C29
:10702000061C07F0F3FA002801D0104BE1E70D49E8
:10703000201C07F0DDFA0028E4D00D4BD9E7C0464C
:107040000AD7A3703D0AEF3F7B14AE47E17A843F35
:1070500069050000340005403410054000901245D9
:1070600000007A4400E0AB4400701445470900007A
:107070005F05000010B502480AF0C2FC10BDC04612
:107080000C380320F0B557464546DE464E46E0B57F
:10709000CA4BCB4D18889B462B8CA3B01F93EB8B10
:1070A0001D93AB8B1B936B8B19932B8B1793EB8AD5
:1070B0001593AB8A13936B8A11932B8A0F93EB89E9
:1070C0000D93AB890B936B8909932B890793EB88FD
:1070D0000593AB88BB4F03936B88BB4C02932B8803
:1070E00098466B8C219300239A46994620931E93D1
:1070F0001C931A93189316931493129310930E9350
:107100000C930A930893069304930193AF4B9C4608
:10711000AF4A9369DB0600D55CE14E4610219369C6
:107120001942FCD11368DBB23B700F2B00D13DE15B
:10713000002867D193691942F1D0002E01D05B4637
:1071400018805346002B01D043462B80019B002B17
:1071500001D0029B6B80049B002B01D0039BAB8072
:10716000069B002B01D0059BEB80089B002B01D0D8
:10717000079B2B810A9B002B01D0099B6B810C9BE9
:10718000002B01D00B9BAB810E9B002B01D00D9BE4
:10719000EB81109B002B01D00F9B2B82129B002BAD
:1071A00001D0119B6B82149B002B01D0139BAB82EF
:1071B000169B002B01D0159BEB82189B002B01D056
:1071C000179B2B831A9B002B01D0199B6B831C9B55
:1071D000002B01D01B9BAB831E9B002B01D01D9B62
:1071E000EB83209B002B01D01F9B2B844B46002B55
:1071F00001D0219B6B8423B0F0BCBB46B246A946AC
:10720000A046F0BD2354013080B2C31E9BB2152BA3
:1072100000D9E4E066469B00F3589F46E37D0126D3
:107220001F930123209385E7637DA67D5B09F6000C
:1072300033431D93012301261E937BE7237D667D47
:107240009B08B60133435B055B0D1B9301230126AD
:107250001C936FE7E67C237D76005B021E43A37CD4
:10726000DB0933435B055B0D1993012301261A9358
:1072700060E7637CA67C1B09360133435B055B0D2D
:10728000179301230126189354E7237C667C5B083F
:10729000F60133435B055B0D15930123012616931D
:1072A00048E7E67B237CB6009B021E43A37B9B0939
:1072B00033435B055B0D139301230126149339E7D8
:1072C000637BA67BDB08760133435B055B0D119383
:1072D0000123012612932DE7A38901265B055B0D8F
:1072E0000F930123109325E7A37AE67A5B09F60052
:1072F00033430D93012301260E931BE7637AA67A8D
:107300009B08B60133435B055B0D0B9301230126FC
:107310000C930FE7267A637A76005B021E43E379CB
:10732000DB0933435B055B0D0993012301260A93B7
:1073300000E7E679A37936011B0933435B055B0D52
:107340000793012301260893F4E6A6796379F601F1
:107350005B0833435B055B0D059301230126069310
:10736000E8E626796379B6009B021E43E3789B0921
:1073700033435B055B0D0393012301260493D9E698
:10738000E678A3787601DB0833435B055B0D029357
:10739000012301260193CDE6A37866785B075B0D98
:1073A0001E430123B0469A460126C3E6002800D0BA
:1073B00028E7012623700130BCE6C046F0580320C0
:1073C0006032002002590320D05703209495041006
:1073D000004003404B46002B00D0B0E6B1E6192830
:1073E00005D1237E002021930123994690E60126B2
:1073F000A0E6C04670B59626284C294D36013100CE
:10740000200004F0A9FA3100280004F0A5FA0221B6
:10741000002002F0E7FF0221012002F0E3FF022139
:10742000042002F0DFFF0221052002F0DBFF200034
:107430001C4904F055FB96212800890104F08CFAC0
:10744000C021226B0902184B0A401A602B6B174AA5
:107450000B402000136008210123022204F09CFB52
:10746000002301222800082104F096FB20000121BE
:1074700004F0D0FB2800012104F0CCFB14200C49BF
:1074800003F02AF80121142002F0E2FF5023A36345
:10749000626B183B1340074A136070BD0040034005
:1074A00000800340A086010030500340309003402C
:1074B0008570001034500340F0B5DE4657464E4606
:1074C0004546E0B5C54B9BB01A78002A00D001E1D3
:1074D00001321A702023199301331893023B17933A
:1074E000013B1693013B1593013B1493013B13930E
:1074F000013B1293013B1193013B1093013B0F930E
:10750000013B0E93013B0D93013B0C93013B0B930D
:10751000013B0A93013B0993013B0893013B07930D
:10752000013B0693013B0593013B0493013B03930D
:10753000013B0293033B0193023B9C46013B98466F
:10754000013B9946013B9A46013B09250826062046
:107550009B460022A24FA34BA34C196892001151E5
:107560005A46596892001151524699689200115139
:107570004A46D96892001151424619699200115148
:10758000624659699B699200800011510351019B29
:10759000B6009B009846954BAD001968944B18684F
:1075A00006F0D5FF4346E050924B1968924B18689D
:1075B00006F0CDFF914BA0511968914B186806F069
:1075C000C6FF904A029B12689B0060511A518E4A76
:1075D000039B12689B001A518C4A049B12689B0003
:1075E0001A518B4A059B12689B001A51894A069BC7
:1075F00012689B001A51884A079B12689B001A5117
:10760000864A089B12689B001A51854A099B12689A
:107610009B001A51834A0A9B12689B001A510B9BCC
:107620009D00814B1968814B186806F090FF0C9BF8
:1076300060519D007E4B19687E4B186806F087FFED
:107640000D9B60519D007C4B19687C4B186806F0BF
:107650007EFF7B4A0E9B12689B0060511A51794A4B
:107660000F9B12689B001A51774A109B12689B006F
:107670001A51764A119B12689B001A51744A129B48
:1076800012689B001A51734A139B12689B001A518F
:10769000714A149B12689B001A51704A159B12681C
:1076A0009B001A516E4A169B12689B001A516D4A34
:1076B000179B12689B001A516B4B1A68189B3B80F2
:1076C000199B9B001A511BB0F0BCBB46B246A946A1
:1076D000A046F0BD424F65493A888A4202DD022247
:1076E0001A70F0E7531C9BB29B46931C9BB29A46C0
:1076F000D31C9BB29946131D9BB29846531D9BB257
:10770000D11D9C468BB2019313000A339BB20293A6
:1077100013000B339BB2039313000C339BB20493FF
:1077200013000D339BB2059313000E339BB20693E7
:1077300013000F339BB20793130010339BB20893CF
:10774000130011339BB20993130012339BB20A93B7
:10775000130013339BB20B93130014339BB20C939F
:10776000130015339BB20D93130016339BB20E9387
:10777000130017339BB20F93130018339BB210936F
:10778000130019339BB2119313001A339BB2129357
:1077900013001B339BB2139313001C339BB214933F
:1077A00013001D339BB2159313001E339BB2169327
:1077B00013001F339BB21793130021339BB218930E
:1077C0001300160015002033901D083609359BB2B2
:1077D00080B2B6B2ADB21993BDE6C046F7580320E9
:1077E000EE580320582103205C330020B4200320EE
:1077F0004C210320E42003205021032008210320F2
:1078000054210320483200204C3200205032002006
:10781000BC1F0320C81F0320D41F0320C82003203F
:10782000E820032010210320BC200320B8200320DF
:107830002C21032028210320D0200320CC2003204A
:10784000C020032030210320D4200320B0200320B7
:10785000D8200320EC2003209C3C0320B0420320CE
:107860002021032024210320B4420320F0BA000089
:10787000F0B5C64600B52F4F2F4D304C82B03A1CA4
:107880002F49304802F0E8FA2A1C211C2E4802F049
:10789000E3FA2A1C211C2D4802F0DEFA2A1C211CC6
:1078A0002B4802F0D9FA2B4BF825002498462A4E93
:1078B000AD0541460197231C321C2848009502F073
:1078C00015FA41460197231C321C2548009502F009
:1078D0000DFA0197231C321C22492348009502F01F
:1078E00005FA8023DB059846204F4146231C204A99
:1078F00020480197009502F0F9F941461E4B1F4AB6
:107900001F480197009502F0F1F9231C211C1D4A24
:107910001D480197009402F0E9F91C4B1C490193A2
:107920001C4800953B1C321C02F0E0F902B080BC00
:10793000B846F0BD0AD7233BCDCCCC3C0AD7A33DFB
:107940000AD7A33B703C0320F820032038320020E4
:107950003C2103208FC2753D0050C347284D0320B2
:10796000B04D0320CDCC4C3ED84D03200AD7233C4C
:1079700000E02B46504D03204260E53B00401C4692
:107980001858032000007A44884D03208FC2F53C2C
:107990006F12833994580320F0B5D6464F464646B9
:1079A000C0B5F8F7C9FD802212069446BA4C236888
:1079B0006344180006F07EFEB84AB94B06F029F978
:1079C000B84AB94B06F025F906F01CFA80221206D7
:1079D0009446B64B061C186063686344180006F0B2
:1079E00069FEAE4AAE4B06F014F9AE4AAE4B06F055
:1079F00010F906F007FAAE4B051C1860A06806F0F7
:107A000059FEA64AA64B06F004F9A64AA64B06F074
:107A100000F906F0F7F9A74FA74B041C1860386867
:107A200006F048FEA54AA64B06F0F3F8A54AA64B79
:107A300006F0EFF806F0E6F9A44B1860786806F057
:107A400039FE9E4A9E4B06F0E4F89E4A9E4B06F095
:107A5000E0F806F0D7F99E4B186080231B069C4681
:107A6000B868604406F026FE944A954B06F0D1F8BB
:107A7000944A954B06F0CDF806F0C4F9954B802159
:107A80001860954B090699468C464946934B944F8E
:107A90001A68301C62440A6059689B68914A6344C2
:107AA00011603B60311C904606F06BFD291C061CE2
:107AB000281C06F066FD011C301C06F04BFD211C45
:107AC000051C201C06F05DFD011C281C06F042FD73
:107AD00006F0FAFD844906F099FD002802D0012243
:107AE000824B1A704B461C6843468149201C1E6815
:107AF00006F047FD3D687F49071C301C06F041FD3C
:107B0000011C381C06F026FD7B49071C281C06F0CA
:107B100038FD011C381C06F01DFD784906F01AFDE1
:107B2000774906F02EFD77498246201C06F029FD94
:107B30007549071C301C06F024FD011C381C06F09A
:107B400009FD7249071C281C06F01BFD011C381C8E
:107B500006F000FD6E4906F0FAFC6E4906F011FDD4
:107B60006D498146201C06F00CFD6C49041C301C3C
:107B700006F007FD011C201C06F0ECFC6849041C03
:107B8000281C06F0FEFC011C201C06F0E3FC6549E5
:107B900006F0DDFC644906F0F4FC5549041C50462F
:107BA00006F0EFFC5749051C484606F0EAFC011CAC
:107BB000281C06F0CFFC5849051C201C06F0E1FCEF
:107BC000011C281C06F0C6FC584B061C18604949CD
:107BD0005046984606F0D5FC4B49051C484606F031
:107BE000D0FC011C281C06F0B5FC4C49051C201CCF
:107BF00006F0C7FC011C281C06F0ACFC4C4F051C11
:107C000038603D49504606F0BCFC40498246484633
:107C100006F0B7FC011C504606F09CFC404981462A
:107C2000201C06F0AEFC011C484606F093FC414BBC
:107C3000041C1860311C301C994606F0A2FC291C5B
:107C4000061C281C06F09DFC011C301C06F082FC62
:107C5000211C051C201C06F094FC011C281C06F0AD
:107C600079FC06F031FD4346041C011C186806F03F
:107C700074FC4346211C1860386806F06EFC4B46C5
:107C80003860211C186806F068FC4B461860E0BCA0
:107C9000BA46B146A846F0BD803C032005A3923AFF
:107CA000019D2340FCA9F1D24D62503F4832002093
:107CB0004C320020A03C032050320020182D4454A8
:107CC000FB210940AD43437B3B4DD73E4C21032074
:107CD0005021032054210320C01F03200C43032004
:107CE000D81F0320CC1F032000004844F95803206C
:107CF00079CB48BF68C21EBF27D565BC8DA6DA42C6
:107D0000D559053BAE161E3F3A6448BF456D9D3DB3
:107D10001D889142DC770E3B1B3C70BD8279533D40
:107D2000A1377F3FA0CE3D4409FF0E3BBC1F03207F
:107D3000C81F0320D41F0320F0B5DE4657464E4629
:107D40004546E0B58BB0FFF727FED04B9B89C72B8C
:107D500011D8CE4B1B8AC72B00D830E2FA22520032
:107D6000934208D9FE21CA4B8905186806F038FCF1
:107D7000002800D0D9E2C74B1968C74B186806F035
:107D8000E6FBC64B061C1968C54B186806F0DFFBFE
:107D9000C44B051C1968C44B186806F0D8FBC34BCC
:107DA000041C1F68C24B1B689946C24B1B6898464F
:107DB000C14B9A46B54B98887138FF3806F03CFCA9
:107DC000BE4906F0CAFB5346291C1860484606F017
:107DD000BEFB211C051C404606F0B9FB311C041CEF
:107DE000381C06F0B4FB011CB54801F0B5FFB54BDB
:107DF000291C1860B448984601F0AEFFB34B211C13
:107E00001860B348994601F0A7FF4346B14F061CDE
:107E10003860186806F04EFCAF4AB04B04000D0005
:107E200005F050FF002800D19AE14246AC4BAD4C22
:107E30001360AD4B08930994AC4BAD4C069307947B
:107E4000A94BAC4C02930394A84BAB4C0493059400
:107E5000301C06F02FFCA04AA04B04000D0005F0DA
:107E600031FF002800D16EE19D4BA04E3B60A04F3A
:107E70004B46186806F01EFC974A984B04000D000C
:107E800005F020FF002800D144E1029803994A46FA
:107E9000934B9A4C13600023002205F093FE984BFD
:107EA00002900391009301945346186806F002FC77
:107EB000009A019B04000D000498059905F082FECC
:107EC00032003B0005F07EFE22002B0005F07AFE1A
:107ED00005F098FF32003B0081460298039905F0B7
:107EE00068FE22002B0005F06DFE05F08BFF009A66
:107EF000019B80460498059905F05BFE32003B002B
:107F000005F060FE22002B0005F05CFE05F07AFF14
:107F1000009A019B83460698079905F04AFE3200B5
:107F20003B0005F046FE22002B0005F04BFE05F05D
:107F300069FF089A099B39008246300005F042FE2D
:107F400022002B0005F03EFE05F05CFF009A019B2D
:107F500002900698079905F035FE32003B0005F0C7
:107F600028FE2B00220005F02DFE05F04BFF654B8F
:107F7000071C1E684846311C06F03AFB002800D05A
:107F8000B1464846604906F041FB002801D05E4BEF
:107F90009946311C381C06F02BFB002800D0371CFA
:107FA0005949381C06F032FB002800D0564F404695
:107FB000311C06F01DFB002800D0B0464046524957
:107FC00006F024FB002801D04F4B98460298311C44
:107FD00006F00EFB002800D002964B49029806F0EE
:107FE00015FB002801D0484B02935846311C06F07F
:107FF000FFFA002800D0B3465846434906F006FB76
:10800000002801D0404B9B465046311C06F0F0FA48
:10801000002800D0B24650463B4906F0F7FA002847
:1080200001D0394B9A46301C06F044FB2A4A374BA4
:1080300005F0EFFD284A354B05F0CDFD02000B00A1
:108040002000290005F030FE002800D023E1304B4D
:108050001B78002B00D19FE00020FEF75DFE002082
:10806000FEF706FF0020FEF7AFFF0020FEF756FFE9
:108070000020FEF7FBFD0020FEF7A4FE0BB0F0BCD5
:10808000BB46B246A946A046F0BDC04660320020BD
:10809000D4200020B42003204C210320E42003201E
:1080A000502103200821032054210320C82003204D
:1080B000E8200320102103202021032000C09E443B
:1080C000284D0320B0200320B04D0320D8200320EA
:1080D000D84D0320EC2003209A99999999990D4045
:1080E000CDCC6C4050212A40703D8AE067666661C5
:1080F00020211A4050212AC020211AC0AA9D2640C2
:108100007B14AE54C82000203333733F99991D402F
:10811000F958032020002900874A884B05F0CAFD42
:10812000002800D196E0089809994A46844B854C6E
:1081300013600023002205F045FD834B0890099150
:1081400000930194B0E6200029007B4A7B4B05F0A8
:10815000B1FD002875D07A4B7C4E3B607C4F87E6A2
:1081600020002900744A754B05F0A4FD002847D073
:108170004246734B774C1360774B08930994734BCB
:10818000734C06930794744B744C029303946F4B97
:10819000734C049305945BE64846FEF7BDFD381C1E
:1081A000FEF766FE4046FEF70FFF0298FEF7B6FEAA
:1081B0005846FEF75BFD5046FEF704FE5EE7FE21E3
:1081C000684D8905286806F00BFA041E00D0A3E06C
:1081D000FA23654A5B0052899A4200D8CBE5FE211A
:1081E0002868890506F0FCF9002800D1C3E50522BE
:1081F0005E4B1A7000225E4B1C705E4B1A60BAE533
:108200005D4A5E4B2000290005F003FD5C4A0490A6
:1082100005915C4B2000290005F0FBFC564A0290BA
:108220000391594B2000290005F0F3FC544A0690B5
:108230000791564B2000290005F0EBFC08900991AE
:1082400006E6200029004C4A4F4B05F0E2FC0600F0
:108250000F000DE6200029004D4A4E4B05F0D9FCD9
:1082600000220090019100232000290005F0D1FC9C
:1082700002000B0004000D000298039905F0A2FC17
:10828000220002900391089809992B0005F091FCB7
:108290000890099108E60024201CFEF73DFD201CF3
:1082A000FEF7E6FD201CFEF78FFE201CFEF736FED3
:1082B000201CFEF7DBFC201CFEF784FD364801F095
:1082C0001DFD364801F01AFD354801F017FD354B0C
:1082D0001C60354B1C60354B1C60234BD88806F066
:1082E000A6F9334B1860204B588806F0A0F9314BA3
:1082F00018601D4B188806F09AF92F4B18602F4B09
:108300001A682F4B1A602F4B1A682F4B1A602F4B8D
:108310001A682F4B1A60B1E60023144A13702D4AD5
:1083200013700022134B1A6025E508220F4B1A70B8
:108330000022284B1A701EE59A99999999990DC0B7
:10834000CDCC6CC0AA9D26C07B14AE546766666116
:1083500020211AC050212AC0703D8AE050212A40B5
:1083600020211A40D420002060320020F55803203C
:10837000085903200C210320736891ED7C3FFCBF5A
:10838000AB3E575BB13F0CC07C3FFC3FB13F0C4064
:10839000174850FC18730840284D0320B04D0320A7
:1083A000D84D0320C8200320E820032010210320FB
:1083B000343200209432002014210320B8200320FE
:1083C000BC200320282103202C210320CC200320C3
:1083D000D0200320FA580320F8B54546DE4657461C
:1083E0004E46B54B80209A6AA423E0B5B34CB449FD
:1083F000B44D2260C8502B78002B16D0012B53D0DF
:10840000022B26D0032B00D182E0042B00D1E1E027
:10841000A94BAD499B6A0B609B1AAC4A1360F0BC38
:10842000BB46B246A946A046F8BD0023A84A136041
:10843000A84A1360A84A1360A84A1360A84A1360A8
:10844000A84A1360A84A1360A84A1360A84A136098
:10845000E5E7A84B1A78022A00D1FFE0032A00D1F1
:108460003BE2D0228021A44D12062B788904002BF8
:108470004CD05161A14AA2491278012A00D1D5E01D
:108480005A42534100222B700A80FFF755FC9D4D44
:108490002B78042B00D1BEE19B4A01332B7013884B
:1084A000013313802268B3E7FA260020FEF734FC7C
:1084B0000020FEF7DDFC0020FEF786FD0020FEF721
:1084C0002DFD0020FEF7D2FB0020FEF77BFC8F4C39
:1084D000F6002388B34200D2ABE18D4A934200D824
:1084E0002CE10323804C2B7020688A4906F035F874
:1084F00020607E4C8749206806F02FF820607C4C75
:108500008449206806F029F8206088E79161B1E786
:108510000020FEF701FC0020FEF7AAFC0020FEF779
:1085200053FD0020FEF7FAFC0020FEF79FFB002021
:10853000FEF748FC0021784B714A19701388092B0B
:1085400000D87AE0632B00D9C5E1D021802009064C
:108550008004013388611380704EF38818009846B8
:1085600006F065F85B4B186073881800994606F0B2
:108570005EF8574B37881860380006F058F8564BAD
:1085800018605C4B1A78002A00D182E1012A00D1E0
:10859000E5E1634B32899A4259D8E023B2885B0007
:1085A0009A4254D29F4252D25E4B98454FD92A33B9
:1085B00099454CD95C4A13780133DBB21370322BE6
:1085C00000D8B2E1322313700122584B1A700423F1
:1085D0002B7024E70020FEF79FFB0020FEF748FCED
:1085E0000020FEF7F1FC0020FEF798FC0020FEF7CB
:1085F0003DFB0020FEF7E6FB01223F4D4C4B287867
:108600001A7001F03BFBD02280212B7812068904DE
:10861000002B1AD19161C820394940000A88824252
:1086200000D3FFE001320A802268F1E60A88632A5B
:1086300000D925E7013292B226E7D0218020090631
:10864000800401334861138086E75161E3E700232A
:10865000354A1370354A13702268D9E6C0212F4A73
:1086600089009088884200D3CFE0A0201588C00000
:10867000854200D8C9E0D5888D4200D3C5E0528834
:10868000824200D8C1E02B490A780132D2B20A7086
:10869000322A00D85DE132220A700121264A117087
:1086A00003221A700022144B1A70D02380221B065A
:1086B00092049A61B3E6C0460040054018210320A9
:1086C00000000540F35803208C3200208432002043
:1086D000943200203432002014210320B4200320DF
:1086E000E420032008210320BC2003202C210320A8
:1086F000D0200320F6580320D0200020F758032074
:10870000EA580320F2580320EC580320E8580320CD
:108710006F1700000080BB45F9580320603200202D
:10872000EA03000016060000FC580320FB58032053
:10873000F8580320FE580320FD580320FFF72CF9BA
:108740002588B54241D19A4E9A49306805F005FF17
:108750003060994E80469749306805F0FEFE974B91
:10876000071C994630609349186805F0F6FE4B46A1
:108770001860934B061C994618688E4905F0EDFE6B
:108780004B4618608F4B82469B461868894905F016
:10879000E4FE5B4618608C4B81469B461868854911
:1087A00005F0DBFE5B4642461860884B1A615F614C
:1087B0009E61874B1A6152465F619E61854B1A60CC
:1087C0004A46854B1A60854B1860854A13780133F9
:1087D000DBB2042B00D1B5E01370824E824B3068BF
:1087E000196805F0B7FE814B3060814E196830681A
:1087F00005F0B0FE7F4B30607F4E1968306805F0A1
:10880000A9FE01353060258009E600237B4A1370FC
:108810007B4A137025E600237A482B7040F070FDE8
:108820002B7839E600220A805A42534122682B7085
:10883000EEE5FFF7B1F85E4D734B2868196805F057
:1088400089FE724B28605C4D1968286805F082FE2D
:108850006F4B2860594D1968286805F07BFE6D4BF9
:108860002860574D1968286805F074FE6A4B286027
:10887000544D1968286805F06DFE684B2860524D0C
:108880001968286805F066FE238828600133238074
:10889000C5E5C022B1889200914216D2A021C9003C
:1088A0008F4212D9904510D289450ED953490A7882
:1088B0000132D2B20A70322A74D932220A700121EE
:1088C0004F4A117001221A70A9E500234B4A137018
:1088D0004B4A13705DE611803EE6C021504A890084
:1088E0009088884217D2A0201488C000844212D9F0
:1088F000D4888C420FD2528882420CD93F490A78E0
:108900000132D2B20A70322A16D9322301220B70F8
:108910003B4B1A7083E5002238490A7038490A70C7
:1089200000221A7003232B7079E53E4B1B78012B34
:1089300000D14CE622686BE5314A1278002A00D05B
:108940006DE5EDE700232F48137040F0D9FC258832
:1089500043E72B4A1278012A00D1A1E681E5C02223
:10896000B1889200914217D2A021C9008F4213D939
:10897000904511D289450FD920490A780132D2B2E7
:108980000A70322AC1D81E4A1278002A00D046E561
:1089900002221A702A7042E5002218490A7018490A
:1089A0000A70F5E7164A1278012A8BD0F1E5C04625
:1089B000B42003200000FA44E4200320082103200F
:1089C000C41F0320D01F0320DC1F032058210320D5
:1089D00078210320AC1F0320A81F0320A41F03201D
:1089E000F2580320BC200320B820032028210320B4
:1089F0002C210320CC200320D0200320FE5803206C
:108A0000FD580320EC5703204C2103205021032064
:108A100054210320BC1F0320C81F0320D41F0320A0
:108A200060320020FB580320FE210023F0B557469A
:108A30004E464546DE46754A8905E0B511605360ED
:108A400093609361D36013615361714A71481160FF
:108A5000536093609361D360136153616E4A6F4FAB
:108A600010606F48802584248C269361136393647F
:108A7000136693675360D7615363D3645366D367B8
:108A80009360136290638820535113511350975190
:108A900013659366D3605362D3635765D3661361DE
:108AA00093621364936517675361D3625364D3650C
:108AB00053675C4F5C4A17605C4F93611363936428
:108AC000136693675360D7615363D36413500830C0
:108AD0008346574F53519763564F13515765564F1F
:108AE00053661767554FD3679751936013621365A9
:108AF0009366D3605362D363D36613619362136446
:108B000093655361D3625364D36553674C4A4D4FA9
:108B10001160D16191635365136793511350043011
:108B2000135082465760D7639760576297625764C5
:108B30000430A4271350814604301350804604307B
:108B4000135084461838535111511162936553677D
:108B50001164D3659367D1601366D3671361D362E1
:108B60009364516653611363D36493669361536353
:108B7000136513505846D151D366334A136053607E
:108B80009360324A135050461350484693511C3656
:108B900093510436935104369351D36193635365D3
:108BA00013675360D3639365536793605362D365D0
:108BB0009367D3609362536411601162116411660C
:108BC0001350404613506046135104365151115012
:108BD00038353834183893515351D351D367136112
:108BE000D3629364536653611363D36493661351E2
:108BF000936153631365D3661350C023D150F0BC07
:108C0000BB46B246A946A046F0BDC0465821032047
:108C10007821032082A87B38B02C002017B7513868
:108C20008BE1EA375EBAD93F602D0020D122334074
:108C3000022B873F1F856B3E295C0F3E39B4483DB0
:108C400098320020000080BF54320020EC1F032027
:108C5000F0B5002483B04A480094019406F098F8D7
:108C60000094009B062B27DC0027464E464D474CC0
:108C7000300006F0E1F90197019B062B13DC009808
:108C8000019BDA00D31A1B189B00E85805F012FD6F
:108C900002000B00200006F0CFF9019B0133019385
:108CA000019B062BEBDD0A2006F026F8009B013322
:108CB0000093009B062BDBDD354806F069F80023A6
:108CC0000093009B052B28DC00272E4E2F4D314CA6
:108CD000300006F0B1F90197019B052B14DC0099D7
:108CE000019A53009B185B005B189B00E05805F04D
:108CF000E1FC02000B00280006F09EF9019B013305
:108D00000193019B052BEADD0A2005F0F5FF009B8E
:108D100001330093009B052BDADD1F4806F038F87D
:108D200000230093009B052B28DC0027154E174DD0
:108D30001A4C300006F080F90197019B052B14DCDA
:108D40000099019A53009B185B005B189B00E05848
:108D500005F0B0FC02000B00280006F06DF9019B45
:108D600001330193019B052BEADD0A2005F0C4FFC6
:108D7000009B01330093009B052BDADD03B0F0BDAF
:108D8000EC950410F0950410EC1F0320F4950410EA
:108D9000FC950410B02C002000960410602D0020DB
:108DA000F8B5314D2B88002B0FD0304A934230D983
:108DB00003222F4B00211A7000232E4A2B801370A0
:108DC0002D4A13702D4A1160F8BDFFF741FF2C4862
:108DD00005F0DEFF2B4800F099FF2B4805F0D8FF87
:108DE0002A4800F093FF2A4805F0D2FF294800F0F6
:108DF0008DFF294805F0CCFF284800F087FF284860
:108E000005F0C6FF274800F081FF2B88174A9342E0
:108E1000CED81A4C206805F04DFC02000B00224809
:108E200006F00AF9206805F045FC204A204B04F0C2
:108E3000C9FE04F0E7FF206000241E4F1E4E2B8861
:108E40001B199B00F85805F035FC013402000B009B
:108E5000300006F0F1F8212CF1D10A2005F04CFF8A
:108E60002B8821332B80AFE7EE580320F0BA0000A7
:108E7000F3580320F8580320F658032058330020F5
:108E800004960410284D032018960410B04D0320BA
:108E900030960410D84D032044960410504D032002
:108EA0005C96041018580320749604107B14AE4787
:108EB000E17A843F5C3300207C960410F0B545468F
:108EC000DE4657464E46334B334A1B68E0B51360C7
:108ED000324B33491B6809685360324B324C1B6874
:108EE000A5449360314BFF27196031496F440968ED
:108EF0003F0959602F493F01096899602E49096867
:108F0000D9602E49096819612D49096859610CA970
:108F1000884631CB31C131CB31C106AB994613CA3A
:108F200013C390239A46BA4490222649504605F02E
:108F3000B7FD90223800244905F0B2FD234C12AB56
:108F400026009B461D00A836214901CC05F019FBDF
:108F500001C5B442F8D109AB19001E4A31CA31C16A
:108F600004935B460393534601934B46184A009380
:108F700005924346184A194902971948FAF73EFBE9
:108F800087239B009D44F0BCBB46B246A946A04641
:108F9000F0BDC0464C210320E01F032050210320D8
:108FA0004832002054210320E4FDFFFF94210320D8
:108FB0004C32002050320020BC1F0320C81F032069
:108FC000D41F0320B02C0020602D002098320020F8
:108FD0000AD7233C54320020EC1F032058210320E1
:108FE00078210320F0B5DE4657464E464546E0B5AB
:108FF000024B87B09B46024B9A4694E058210320CF
:10900000CC2003200023F74AF7481360F74A136087
:10901000F74A136000F072FEF64800F06FFEF64863
:1090200000F06CFEF54BD88805F001FBF44B18609E
:10903000F24B588805F0FBFAF24B1860EF4B18889A
:1090400005F0F5FAF04B1860F04B1B680293029A9A
:10905000EF4B1A60EF4B1B680293029AEE4B1A60BB
:109060005246EE4B12681A60E14B186805F022FB7D
:10907000EB4B040018680D0005F01CFBE94AEA4BB5
:1090800004F0C7FD0022E94B04F0A5FD0600884668
:109090000F0002000B002000290004F013FE00283E
:1090A00000D14CE23000414604F0ACFED04B1860D9
:1090B000CC4B186805F0FEFA04000D0002000B000E
:1090C0003000390004F0F6FD002800D120E2300025
:1090D000390004F097FEC34B1860C44B186805F0C4
:1090E000E9FA04000D0002000B003000390004F022
:1090F000E1FD002800D1F4E13000390004F082FEE7
:10910000BA4B1860BD4B5B89C82B00D8DEE1FEF777
:10911000D3F9C74BC74A9B6A1360C74A12689B1AA8
:109120000292C64A1360C64840F062F90021C44862
:1091300040F03EF9BE4BC04A9B6A1360FFF7BEFE8B
:109140005B461C685E68211C201C9F68DD6805F07A
:1091500018FA311C0290301C05F013FA391C0390E8
:10916000381C05F00EFA291C0490281C05F009FA99
:10917000291C0590381C05F004FA311C8046201C7F
:1091800005F0FFF9011C404605F0E4F9011C05F06B
:10919000E1F903998146029805F0D9F9049905F09F
:1091A000D6F9059905F0D6F98046011C484605F028
:1091B000BFFA964B49461860484605F0E2F9414629
:1091C0008146404605F0DDF9011C484605F0C2F92C
:1091D00005F07AFA291C8046301C05F0D2F9391CBA
:1091E0008146201C05F0CDF9011C484605F0AFF979
:1091F000011C05F0AFF980231B069C4641466044E4
:1092000005F096FA834B03991860029805F0A2F9CD
:10921000049905F09CF9059905F099F9391C8046E7
:10922000301C05F0AEF9291C061C201C05F0A9F91C
:10923000011C301C05F08EF9011C05F08BF941462C
:1092400005F076FA7F4B1B6802935346029A1A6028
:109250007D4B1B78642B00D188E1684BD88804F0E3
:1092600051FD0022794B04F0A4FC04F0CBFD05F085
:1092700021FA774A774B04F0CCFC02000B0004F093
:10928000A1FC0022744B04F0A6FC744B0400186887
:109290000D0005F00FFA0B0002002900200004F079
:1092A00091FC04F0AFFD6E4B1860544B588804F0ED
:1092B00029FD00226B4B04F07CFC04F0A3FD05F0BB
:1092C000F9F9634A634B04F0A4FC02000B0004F0BC
:1092D00079FC0022644B04F07EFC644B04001868A7
:1092E0000D0005F0E7F902000B002000290004F052
:1092F00069FC04F087FD5E4B1860404B188804F051
:1093000001FD0022574B04F054FC04F07BFD05F0F6
:10931000D1F94F4A4F4B04F07CFC02000B0004F0E3
:1093200051FC0022504B04F056FC04F06BFD514BF5
:1093300000211860F8225346920519604E4B2E48C2
:1093400000924E4A019300F0D1FC4D4800F080FDA0
:109350004C4800F07DFD4C4800F07AFD4B4B1868FE
:1093600005F0A8F94A4B040018680D0005F0A2F9B1
:10937000484A494B04F04DFC464A474B04F02BFC4D
:1093800002000B002000290004F08EFC002800D011
:1093900038E6214B19681F4B186805F0D8F8344B94
:1093A000011C186805F0D3F81C4B051C19685346BE
:1093B000186805F0CCF82F4B011C186805F0C7F8A9
:1093C000134B041C1968114B186805F0C0F8244BA6
:1093D000011C186805F0BBF8011C034800F0BCFC38
:1093E0005CE0C046C8200320504D0320E820032045
:1093F0001021032018580320884D032060320020DC
:10940000343200209432002014210320B82003209D
:10941000BC200320282103202C210320D02003205E
:10942000D82000206E861BF0F9210940008066409C
:1094300000400540903200201C210320883200208B
:10944000EC57032074210320F558032000588F4067
:10945000E0F09C762F1B044000D89340C4200320EA
:10946000C02003200000904000809440342103205D
:1094700030210320D42003200AD7233C0050C347C7
:10948000F8200320383200203C2103202021032033
:10949000CC2000209A99999999991D40384B291C04
:1094A0001860384800F058FC374B211C18603748CA
:1094B00000F052FC364B1860364B1B78072B00D15E
:1094C000D4E5354B1868324B1860CFE5334B1B7829
:1094D000002B00D11DE60023304A1370304A138060
:1094E00017E68021090641440B00320020002900C4
:1094F00004F0E0FB002800D104E63000390004F05D
:1095000081FC80231B069C461F4B60441860F9E5D4
:109510008021090641440B0032002000290004F09C
:10952000C9FB002800D1D8E53000390004F06AFCFE
:1095300080231B069C46124B60441860CDE58021B9
:10954000090641440B0032002000290004F0B2FB60
:10955000002800D1ACE53000414604F053FC8023E4
:109560001B069C460A4B60441860A1E5FE210D4B8A
:109570008905186805F034F8002800D0EEE694E676
:10958000C820032018580320E8200320884D03201A
:1095900010210320F5580320D4200320F75803207E
:1095A000EE580320D420002010B52F4808F028FAE8
:1095B00001F02EFE05F070F82C4B2D4A18600023A8
:1095C000136053609360D360136153619361D361FF
:1095D0001362284A136053609360274A13605360F4
:1095E0009360264A136053609360D36013615361A4
:1095F0009361234A136053609360D3601361536196
:109600009361204A2048136053609360D3601361D4
:1096100053611E4A13605360936000F011FC1C48B4
:1096200000F050FB1B4800F04DFB1B4800F04AFBCC
:109630001A4800F047FB1A4800F044FB194800F0B4
:1096400041FB194800F03EFB184800F03BFB18486E
:1096500000F038FB174800F0F3FB174800F0F0FB70
:10966000164800F0EDFB10BD10380320FC57032016
:10967000E84203207C3E03209C3E03207821032007
:109680005821032094210320703C0320E01F032075
:10969000284D0320B04D0320D84D0320504D03200A
:1096A00018580320884D0320545803209458032051
:1096B000C0580320F8200320383200203C2103202A
:1096C000F0B54746CE4680B587B01D000EAB0F0003
:1096D00002CB0400884607604260856040461B78E4
:1096E000E060994610AB1E783A4811AB197812AB7E
:1096F0001B7882426BD890004A4636021643090412
:109700001B060E431E4305F0D5F9266160614C46E9
:109710003149280002F0B0FA63425C41C023644240
:109720009B051C402D4B06009C462D4B3800E9182C
:109730004B1E99410631644400F054FE01233A0067
:1097400041462800009302F0FBFA802380215B024F
:109750000293F31CF2011B031343224A8905BF0243
:1097600013400F43052003930597049400F034FE43
:1097700004F05DFF1C4904F0F0FE071C04F07EFFBE
:1097800084B20023002C0ED0200004F050FF011CF6
:10979000381C04F0DCFE8721C90504F0F2FE04F059
:1097A0006DFFC3B21B022404320041461C43280053
:1097B00002AB029402F01CFB414601238B402A6855
:1097C00013432B6007B0C0BCB946B046F0BD0120C2
:1097D000404291E7FEFFFF1F849604100000064000
:1097E0000000E0AFFFFFFF9F0024F44A70B586B091
:1097F00004000AA820C80078012806D002281CD03E
:1098000000280ED0200006B070BD03900220032671
:10981000029000200496019000952000FFF750FF71
:10982000F0E703260496013E0396013E019002965E
:1098300020000095FFF744FFE4E703900120032692
:10984000029003300190049620000095FFF738FF46
:10985000D8E7C0464368F0B58B4239D943698E00DA
:109860009C46FF23140C017C1C40150A66441D40D5
:109870009C46170E2300032907D032D801294BD06C
:109880008B1E59424B415B422B40417C1B020329FA
:1098900030D003291DD8012941D0022900D12B4302
:1098A000817C1B02032950D0032929D801293ED0ED
:1098B000022900D12B43C17C1B02032943D0032979
:1098C00026D801293BD0022900D12B431B0233604B
:1098D000F0BD0429E4D1817C3B431B020329E3D181
:1098E00033E00B1F59424B41417C5B423B401B0222
:1098F0000329CED1817C23431B020329D4D124E048
:109900000429D8D1C17C3B431B020329D7D11AE0DB
:109910000429DBD13B43D9E763461340B5E7FF2178
:1099200011400B43817C1B020329BDD10DE0FF21B7
:1099300011400B43C17C1B020329C0D103E0FF216E
:109940000A401343C2E72343C0E7C17C23431B0201
:109950000329B4D1F7E7C04670B54568002D12D091
:10996000C668012133001033994082684069AD0018
:1099700004362D18B600046853681942FCD104302F
:10998000B450A842F7D170BD70B5E1255C4C2D02F2
:109990002A0000212000FFF75DFF2A00012120009E
:1099A000FFF758FF2A0002212000FFF753FF2A008B
:1099B00003212000FFF74EFF2A0004212000FFF7BB
:1099C00049FF2A0005212000FFF744FF2A00062155
:1099D0002000FFF73FFF2A0007212000FFF73AFF92
:1099E0002A0008212000FFF735FF2A000921200066
:1099F000FFF730FF2A000A212000FFF72BFF2A0083
:109A00000B212000FFF726FF2A000C212000FFF782
:109A100021FF2A000D212000FFF71CFF2A000E2144
:109A20002000FFF717FF2A000F212000FFF712FF89
:109A30002A0010212000FFF70DFF2A00112120002D
:109A4000FFF708FF2A0012212000FFF703FF2A007A
:109A500013212000FFF7FEFE2A0014212000FFF74B
:109A6000F9FE2A0015212000FFF7F4FE2A00162136
:109A70002000FFF7EFFE2A0017212000FFF7EAFE83
:109A80002A0018212000FFF7E5FE2A0019212000F6
:109A9000FFF7E0FE2A001A212000FFF7DBFE2A0074
:109AA0001B212000FFF7D6FE2A001C212000FFF713
:109AB000D1FE2A001D212000FFF7CCFE2A001E2126
:109AC0002000FFF7C7FE2A001F212000FFF7C2FE7B
:109AD0002A0020212000FFF7BDFE2A0021212000BE
:109AE000FFF7B8FE2A0022212000FFF7B3FE2A006C
:109AF00023212000FFF7AEFE2000FFF72DFF70BDF1
:109B0000CC42032010B55C4C002200212000FFF75E
:109B1000A1FE002201212000FFF79CFE002202216D
:109B20002000FFF797FE002203212000FFF792FE9E
:109B3000002204212000FFF78DFE002205212000D5
:109B4000FFF788FE002206212000FFF783FE002297
:109B500007212000FFF77EFE002208212000FFF7EA
:109B600079FE002209212000FFF774FE00220A215D
:109B70002000FFF76FFE00220B212000FFF76AFE96
:109B800000220C212000FFF765FE00220D2120009D
:109B9000FFF760FE00220E212000FFF75BFE00228F
:109BA0000F212000FFF756FE002210212000FFF7B2
:109BB00051FE002211212000FFF74CFE002212214D
:109BC0002000FFF747FE002213212000FFF742FE8E
:109BD000002214212000FFF73DFE00221521200065
:109BE000FFF738FE002216212000FFF733FE002287
:109BF00017212000FFF72EFE002218212000FFF77A
:109C000029FE002219212000FFF724FE00221A213C
:109C10002000FFF71FFE00221B212000FFF71AFE85
:109C200000221C212000FFF715FE00221D2120002C
:109C3000FFF710FE00221E212000FFF70BFE00227E
:109C40001F212000FFF706FE002220212000FFF741
:109C500001FE002221212000FFF7FCFD002222212D
:109C60002000FFF7F7FD002223212000FFF7F2FD7F
:109C70002000FFF771FE10BDCC42032010B5012873
:109C800002D0FFF73FFF10BDFFF77EFEFBE7C046A7
:109C9000012300B583B001930023242200931021F7
:109CA000024B0348FFF7A2FD03B000BD00002050A7
:109CB000CC42032010B5024807F0A2FE10BDC046FA
:109CC00014380320064B074A0360074BC260436009
:109CD00000238360436203620361C2617047C04630
:109CE00077CC2B320AD7233C20BCBE4C8360009B30
:109CF0000160C360019B4260C361704700234362FF
:109D000003620361436183617047C046D0B50400BC
:109D100088B0006804F0CEFC0600E0690F0004F093
:109D2000C9FC06900791E06804F0C4FC049005911A
:109D3000A06804F0BFFC02900391606804F0BAFCD4
:109D40003200009001913B00024805F075F908B01F
:109D5000D0BDC04694960410F8B5C369DE46574698
:109D60004E4645469B460369E0B50400181C9A46DA
:109D70000D1C04F0EFFB594604F003FCFC2189059F
:109D800004F0FFFB616804F0E8FB616A04F0E2FBA9
:109D9000294F061C391C04F039FC002806D1274F36
:109DA000301C391C04F024FC002842D067623E1CA1
:109DB000A368E1689946081C04F0CCFB494604F00E
:109DC000E0FB8046011C584604F0C4FB5946071CC2
:109DD000404604F0BCFB216A04F0D3FB391C04F0BC
:109DE000BCFB49468046484604F0B4FB51468146D8
:109DF000281C04F0ACFB011C484604F0C2FB391CD3
:109E000004F0ABFB011C404604F0A4FB311C071C12
:109E100020622561281C04F09DFB391C04F09AFB8C
:109E2000216804F0AEFBF0BCBB46B246A946A04692
:109E3000F8BD6662BCE7C0460060EA460060EAC65C
:109E400000230360014B4360836070470AD7233BC4
:109E5000002303607047C046416082607047C0467F
:109E6000F0B557468246484B454653445A42534103
:109E70008022DE464E46920294465B42E0B51B0CC1
:109E8000424A1B0463441360414A0D00414985B0B6
:109E9000136018008A689043FBD18146062000F0C9
:109EA0009BFA53465A6802231A40019252460432E2
:109EB00011000292C02280468020920111430B6063
:109EC0000391EF0D02216E02AB0DAA02400005E0E6
:109ED000904507D392197B4181424FD00C0002314B
:109EE000002BF5D02B008026270245463F1BA046BD
:109EF00076001C0003E04346FF1A012E40D03900D3
:109F00002800B346013E03F019FC8442F3D24446D4
:109F100059463302A8469946614353464A461C6156
:109F20001B6850465340FF22120213408022520108
:109F3000024313608023029C01989B011C43206014
:109F400002255046039E406835605646072736680E
:109F500028407740CF263E4016602060504624308F
:109F60001843032303604046256003F0E7FB05B078
:109F7000F0BCBB46B246A946A046F0BD0C00B1E716
:109F800044461900A846C8E70040FCBF00E0004076
:109F900000F0004000C00040024B18688007C00F6E
:109FA0007047C04600C00640EFF3108072B6034A07
:109FB0001368002BFCD0BFF35F8F70472C0100D0DB
:109FC000BFF35F8F0022024B1A6080F31088704746
:109FD0002C0100D070B5EFF3108C72B60D4D2B68CC
:109FE000002BFCD0BFF35F8F0724CB08C618C05CE2
:109FF00001230C40A3401C000440034207D103434B
:10A000003370BFF35F8F2C608CF3108870BD10002D
:10A0100001F0ECFF2C0100D0F8B54746CE4688464B
:10A0200080B5EFF3108C72B6214D2C68002CFCD05B
:10A03000BFF35F8F9A422CD8D4080727055D061915
:10A0400001241740BC402C421FD00721012789461C
:10A0500009E0D408055D06194C4639001440A140BA
:10A060000C00294211D001329342F2D20120404229
:10A07000BFF35F8F00220E4B1A608CF3108800280C
:10A080000FDBC0BCB946B046F8BD2C43100034709D
:10A09000EEE7BFF35F8F00232B608CF31088012065
:10A0A00040424346002BECD0089801F09FFFC04689
:10A0B0002C0100D00021044B044ABFF35F8F02C380
:10A0C0009342FAD17047C046000100D0800100D011
:10A0D000044A1078431CDBB2172B00D910231370ED
:10A0E0007047C046DC20002000B5054B83B001005E
:10A0F000009318221F230348FFF78EFF03B000BD13
:10A10000C4960410B43D032030B50C2083B001F098
:10A11000BBFBFFF741FF00280ED0994B994A1A600C
:10A120005A609A60DA601A615A619A61DA611A6259
:10A13000954A5A6203B030BD944CA06701F0F8FB19
:10A140000122934B1A60636C012BFCD10322914BCB
:10A150001A608E4A936B012BFCD1013301218E4A88
:10A160008E480093043301F03FFB05238C4A009393
:10A1700001218C4801F038FB8B4B5A68FF2A02D82A
:10A18000802252005A6080227D4C824B216912014C
:10A19000854D1A60002907D0606903F0CFFA431C8F
:10A1A0005800C0180338FDD2E0217F4B02201A6806
:10A1B0001140802252012A4311601968484003214E
:10A1C0000140116004219A681142FCD08022802154
:10A1D00092012A4309011160802252005A60734B98
:10A1E0002361734B5968FF2900D85A600321684ADC
:10A1F0006F4B116002399A681142FCD0E0201A6856
:10A200001040802252011A43106018684840032110
:10A2100001400220116066498A681042FCD0802209
:10A2200092011343802212011A608022614B520076
:10A230004A606361604B5968FF2900D85A608022E8
:10A240005E4BE16912015C4D1A60002907D060691C
:10A2500003F074FA431C5800C0180338FDD2E02202
:10A2600055490B681A4080235B012B431A608023F9
:10A2700080229B012B4312011A608022414B520025
:10A280004A60E3614E4B5968FF2900D85A6080222A
:10A290004C4B216A12014A4D1A60002907D06069AF
:10A2A00003F04CFA431C5800C0180338FDD2E022DA
:10A2B00043490B681A4080235B012B431A608023BB
:10A2C00080229B012B4312011A60802380225B00B5
:10A2D0004B602C4BD20223623B4B5968914200D217
:10A2E0005A608022394B616A1201374D1A60002989
:10A2F00007D0606903F022FA431C5800C0180338E5
:10A30000FDD2E02230490B681A4080235B012B43C9
:10A310001A60802380229B012B4312011A60802344
:10A32000DB024B60184B6362294B5A68FF2A02D844
:10A33000802252005A608022264BA1691201244DCE
:10A340001A60002907D0606903F0F8F9431C58002F
:10A35000C0180338FDD2E0221D490B681A40802343
:10A360005B012B431A60802380229B012B43120147
:10A370001A6080235B004B600E4BA361DAE6C04697
:10A38000B83D0320006CDC021BB7000000800040D9
:10A390003CB0004030B00040002F685900800240BF
:10A3A000008C864700C0024030800040001BB70090
:10A3B0003C800040405973075480004054B0004036
:10A3C0006080004060B000406C8000406CB0004095
:10A3D0004880004048B00040014B8000C0587047A2
:10A3E000B83D0320094A830094464022634410B5D7
:10A3F0001C68C0006240C0241440802252011343F4
:10A400001C60034B9C466044416010BD04C0014089
:10A41000004001400123D0228340120693629361E1
:10A42000094A83009446402263441968C0004A40A8
:10A43000C02111408022520113431960034B9C46F6
:10A44000052360444360704704C001400040014060
:10A4500001238340002904D0034A1360034A136098
:10A460007047034A1360FBE780E200E000E100E090
:10A4700080E100E001228240034B1B6813405A1E1A
:10A480009341D8B27047C04600E100E00123834009
:10A49000014A13607047C04600E200E0084B1030EC
:10A4A0009B688000C358002B07D0064A00209B1AE7
:10A4B0002F229A424041C0B270470020FCE7C046BC
:10A4C00000ED00E0E0200020024B10309B6880008F
:10A4D000C058704700ED00E070B50D00EFF3108636
:10A4E00072B60F4A1368002BFCD0BFF35F8F0D4B81
:10A4F00010309B6884001B590B4A934203D09D4245
:10A5000001D001F08BFD074B9B681D51BFF35F8F9E
:10A51000BFF35F8F0022024B1A6086F3108870BD74
:10A52000240100D000ED00E0CD010010F0B5574649
:10A530004E46DE464546E0B585B00600029117005E
:10A54000EFF3108B72B6674A1368002BFCD0BFF391
:10A550005F8F0025644B5D579A46002D00DAA4E01A
:10A560006B00624C03935B199B009846A146C14463
:10A570004B4652469B79103613705D4BB2009B6878
:10A58000019299580B1B2F2B34D95A4B994200D06A
:10A59000A4E0039B584A9C46584B6544AD00635366
:10A5A000434602336519E418554B0121043B1B1B3C
:10A5B0001B055B0D13436B80524BEF71AB80FF2388
:10A5C000AB71029BAB604B460B431900484B019AA1
:10A5D0009B689950BFF35F8FBFF35F8F0022414BA1
:10A5E0001A608BF3108805B0F0BCBB46B246A94692
:10A5F000A046F0BD01200A008243D379BB422FD888
:10A6000045464E46130040491B1B5B415943090D0B
:10A610003A4B63533A4B02356519043B5B1B1B05F0
:10A62000354D5B0D2B4373800426B446E04444440F
:10A63000131F1B1B4C46A17102991B05A1604946C3
:10A640005B0D2B43A380314BE77101431360BDE7E2
:10A650005800C01880002018C679BE422BD90200CD
:10A660000623D356002BF3DA101D82462848804675
:10A6700004267642B446E14450464E46361A30052A
:10A68000400D824656461C48957106439680039AB3
:10A69000944665441D4AAD00641922604246A37188
:10A6A000029BA280E771A36090E701F0B7FC002550
:10A6B00053465D5754E7101D8246908840050015AB
:10A6C00084464046D444664604302018301AE026BA
:10A6D0000005400D360230438046C9E701F09EFC7C
:10A6E00057E7C046240100D004590320E020002091
:10A6F00000ED00E0CD01001000E0FFFF00A1FFFF32
:10A700001021002001BDFFFFAAAA000001488047D8
:10A7100001BD0000F0B5DE4657464E464546E0B561
:10A720000C0083B0EFF3108972B6584A1368002BFF
:10A73000FCD0BFF35F8F564B9A68030010339F0025
:10A74000D559544A9046954232D0A54243D0524EF4
:10A75000AA1B2F2A2CD801228240924651464F4AEA
:10A7600012681140019151464D4A1160BFF35F8F4D
:10A77000EFF305829346002A33D101232A009A433E
:10A7800093689C4208D177E04B005B189B00F3185C
:10A790009968A1422AD01A00062151560029F3DAFD
:10A7A000019B002B19D052463E4B1A603B4B1A605E
:10A7B000374B9B68DD51BFF35F8FBFF35F8F002284
:10A7C000324B1A6089F3108803B0F0BCBB46B24626
:10A7D000A946A046F0BD1500EAE75246304B1A6084
:10A7E000E6E79342C9D001F019FCC6E706215956A5
:10A7F000002921DB4A005018800034188046A068E8
:10A800009860E079D871062020569871002824DBE2
:10A81000A488F01A6405241544440019E0240005B6
:10A82000400D24022043988052181F4B9200B61806
:10A830001A781970B271B3E7594600290FD1FF3168
:10A8400091711A49918018490A789A71184A9B1B8C
:10A850005B415A43120D0A70A2E71648E3E7164A15
:10A860001649D21A083A5002400D01439980144902
:10A8700052080A43DA8093E7062151561300002953
:10A88000B8DA5A46002AEAD14546DCE7240100D06E
:10A8900000ED00E0CD010010E020002000E100E02C
:10A8A00080E100E080E200E00459032001BDFFFFE9
:10A8B000AAAA000001BD00001A21002000F0FFFF3D
:10A8C00000F8FFFF70B5EFF3058101240443EFF3B7
:10A8D000108C72B6214A1368002BFCD0BFF35F8F37
:10A8E0001F4B05001F4AED1A6D416A43120D1E4DA4
:10A8F0008900AE6852B27658A6421CD0062159563D
:10A9000091421CD012215956914222D01E215956F3
:10A91000914220D02A2159560324914210D0134B42
:10A9200019781A708171BFF35F8F00220B4B1A6088
:10A930008CF3108870BDAB680D4C5C50EFE70024C1
:10A940006100091989005B18FF21997109499980F3
:10A95000E5E70124F4E70224F2E7C046240100D031
:10A96000E0200020AAAA000000ED00E00459032026
:10A97000CD01001001BDFFFF054B064A1360064ADA
:10A98000136053609360D3601361536193617047A8
:10A990008080808000E400E004E400E000B5074B24
:10A9A00083B001000093002205230548FFF734FB24
:10A9B000002801DB1F23181A03B000BDE096041025
:10A9C0000B59032070B504000E001500FFF780FB43
:10A9D0000100200000F006F8A680E580BFF35F8F3D
:10A9E00070BDC046024B9C466144890001607047BF
:10A9F0004000003410B50400FFF76AFB010020009E
:10AA0000FFF7F0FFFF232371BFF35F8F10BDC04638
:10AA100010B50400FFF75CFB01002000FFF7E2FF28
:10AA2000FF23A380BFF35F8F10BDC04610B50400A5
:10AA30000120FFF759FB044B9C46604480002060D6
:10AA4000BFF35F8F10BDC04640000034034B9C46EF
:10AA5000614489000160BFF35F8F7047400000349C
:10AA600083680B4810B584466144624409011201B1
:10AA70009A18591854684B6801209C4201D802D09A
:10AA80000020C0B210BD12680B689A42F9D8F7E7EF
:10AA9000FFFFFF0F0A4B1968EFF3108072B60A68C8
:10AAA000002AFCD0BFF35F8F1B68BFF35F8F0022CB
:10AAB0001A6080F3108840BF002000217047C04614
:10AAC000F8570320F8B557464E464546DE46E0B5F2
:10AAD00099460CAB1C780DAB1B78060090469A4645
:10AAE0000768002C11D1BC7B002C42D065003B686C
:10AAF0002D19033D59194B78BB73002B00D1FB7303
:10AB000000238B704B700B7004E065003B682D19BF
:10AB1000033D5919B2682A4B94464246E3181B017B
:10AB200063441A604A465A600A9A9A600B9ADA603D
:10AB300000238B704B700B707B7B9B46002B2BD0C4
:10AB400022005946B8687B6898473A68002816D0B2
:10AB50005B4658465B005B445519033BA870D1180F
:10AB6000D35C002B00D06B705B460C707B73A345ED
:10AB700013D0F0BCBB46B246A946A046F8BD5B4622
:10AB80005B005B44033BD3189C705119525D002A53
:10AB900000D05A705B460B707C7342464B46307D4A
:10ABA00000F0C0FB051E06D05346002B03D1210048
:10ABB000306800F0DBFD0E9B002BDAD01D70D8E76B
:10ABC000FFFFFF0FF0B5DE4657464E4645460023D1
:10ABD000E0B58BB00893674B8200D45800239B46A6
:10ABE000099000F015FB626806000F00EFF3108576
:10ABF00072B61368002BFCD0BFF35F8F23689C46AE
:10AC00005B7B9946002B00D169E0A2685A4B9046C5
:10AC10004B441B01984443461A685B6810001900B6
:10AC2000801BB941002900DC63E0099800F07AFB41
:10AC300000230022984600230692079300239A4699
:10AC40006368BFF35F8F5A461A6085F310885346D6
:10AC5000002B08D10028C4D10BB0F0BCBB46B246D3
:10AC6000A946A046F0BD089B414618024B46184332
:10AC7000D047626806000F00EFF3108572B61368C4
:10AC8000002BFCD0BFF35F8F002F50DB33003B4322
:10AC900002D02369002B61D12368D97B002907D01A
:10ACA0004A00521819688C4649466244033A51706A
:10ACB0009A7B002A01D14A469A734A46DA734B4678
:10ACC000E168013BCA5C0132CA545B462361636898
:10ACD000BFF35F8F5A461A6085F3108881E700231F
:10ACE00000229846002306920793002300209A46EC
:10ACF000A6E7002902D1002800D096E7002160468F
:10AD000000F0B2FC43461A685B680692079343461C
:10AD10009B689A464346DB689846E3684B44013B90
:10AD20001B7808931B0203432361002088E72369F3
:10AD3000002BB1D0069A079B921BBB41002B15DB61
:10AD400059460491012103914946029141460191DE
:10AD5000514620000091FFF7B5FEB6E700F058FA23
:10AD600032003B0012184B41002BE9DA0122034B61
:10AD70005242E5E7784D0320FFFFFF0FFFFFFF7F03
:10AD800010B5144C6368002B04D00A211248FFF759
:10AD900029FE10BD2300114A1021206800F07EFB1F
:10ADA000032000F029FA032000F026FB03200C49C1
:10ADB00000F072FAFFF78CF90A4B9C4603232375C7
:10ADC000D0231B061B6860446375074B80006060DE
:10ADD000DC60DAE728210020F857032061AA001080
:10ADE000C5AB001040000034784D03200048704788
:10ADF00028210020F0B54E464546DE465746E0B5D0
:10AE000085B0019310AB1B7806000393002399468D
:10AE1000984600927268EFF3108B72B61368002B9D
:10AE2000FCD0BFF35F8F3568AC7B002C3DD0670052
:10AE30002B683F19033FDB195A78AA73002A00D107
:10AE4000EA73B168474A8C4600980199A21812012A
:10AE50006244106051600E9991600F99D160424632
:10AE60009A705A701A706B7B9A46002B67D022003A
:10AE70001900A8686B6898472A68002852D0534682
:10AE800050465B005344D719033BB870D118D35CCC
:10AE9000002B00D07B7053460C706B7354454FD021
:10AEA000F3681B19013B187800E000207368BFF3BA
:10AEB0005F8F42461A608BF31088002C4FD04B46B0
:10AEC000002B08D10002204305B0F0BCBB46B246BF
:10AED000A946A046F0BD039B002B3ED00E9B002050
:10AEE0000F999847030004000D000B4335D000294B
:10AEF0000ADA009A019B121BAB4100920193002BCE
:10AF00000ADB039B994685E700F082F924184D413E
:10AF100000940195002DF4DA0123134C5B42009359
:10AF20000194EEE753465B005344033BD3189C70F7
:10AF3000D119D25D002A00D05A7053460B706C7341
:10AF4000307D009A019B00F0EDF981460028A7D0E2
:10AF50002100306800F00AFCA2E70020B4E70120DD
:10AF60004042B1E7FFFFFF0FFFFFFF7F407D7047CB
:10AF7000F0B504000D0006267642F717C6463619CE
:10AF80006F4100B584B08F4214D811D000F040F961
:10AF900032003B00121A8B41002B15DC002B3ED0F7
:10AFA0002000290000F068F904B080BCB846F0BD6C
:10AFB0008642EBD90026002700F02AF932003B0038
:10AFC000121A8B41002BE9DD002302930193154BEC
:10AFD0003200009314483B00FFF70CFF0028DFDB32
:10AFE00000239846BC46114A114F7B6A9C4504D801
:10AFF000B96A8E42D4D99C45D2D11168EFF3108042
:10B0000072B60B68002BFCD0BFF35F8F1368BFF3E1
:10B010005F8F4146196080F3108820BFE5E7002A62
:10B02000BED0D1E795AA001028210020F8570320B0
:10B030000040054070B5060000F0EAF8FA2204006E
:10B040000D00002330000021920003F063FA001984
:10B050006941002902DBFFF78BFF70BD0120014928
:10B060004042F8E7FFFFFF7FF0B5EFF30583CE46E0
:10B07000474680B505000C0085B0002B12D02C4A45
:10B080000020536A9C4203D8926A0130AA4204D33A
:10B0900005B0C0BCB946B046F0BDE01A421E9041B2
:10B0A000C0B2F5E7234E02930193234B02000093B5
:10B0B00030000B00FFF79EFE031EE0DD20BF71682D
:10B0C000EFF3108772B60A68002AFCD0BFF35F8FD7
:10B0D000DAB294463068427B62451DD0FF221A40A6
:10B0E00051008946016891448846494641440339E4
:10B0F0008978002913D0F1681B0A88464244013A36
:10B100001278DBB29A420FD07368BFF35F8F0022D0
:10B110001A6087F31088B2E7FF221A40EBE7326922
:10B120009342F1D13161EFE7614600F01FFBEBE79D
:10B13000004005402821002095AA0010F0B5EFF34B
:10B140000582D6464F4646461000C0B51038EFF38C
:10B15000108872B6214C2368002BFCD0BFF35F8FA0
:10B160000123190081401E4D1F006963AA461D4D31
:10B1700029601D4D2E78AC463500C5402F402B422E
:10B1800009D1BFF35F8F276088F31088E0BCBA460F
:10B19000B146A846F0BD5346144D5F6A83005D5921
:10B1A000AF420ED3124A8E439B5862461670BFF3CD
:10B1B0005F8F0022226088F31088002BE6D098472A
:10B1C000E4E70C4B92009C46624413681360BFF3A3
:10B1D0005F8F0023236088F31088D7E7280100D011
:10B1E000004005403C7005400A59032008580320E0
:10B1F0008C3C0320D03F054010B50100024A0348B3
:10B20000FEF7E8FE10BDC04608970410035903205E
:10B21000034B596A0A00986A596A8A42FAD1704700
:10B220000040054070B504000D00124A536A190031
:10B23000966A536A8B42FAD13000190024184D41A6
:10B24000AB4211D80ED02B000A494A6A9A42FCD36D
:10B2500007D1084A02E0516A994202D1916AA1429B
:10B26000F9D370BDA642EED9012301246442E5174B
:10B270005B42E9E700400540064A536A9942FCD820
:10B2800007D1044B02E05A6A914202D19A6A824283
:10B29000F9D370470040054070B504000D00EFF38E
:10B2A000108672B61A4A1368002BFCD0BFF35F8F6A
:10B2B000002D1BD02000FFF707F9164981420AD064
:10B2C0002000FFF709F901212000FFF7C1F8012351
:10B2D000A340114A1360114BA400E550BFF35F8FE8
:10B2E00000220B4B1A6086F3108870BD0B4BA20036
:10B2F000D5500122A2400A4920000B7893430B70DD
:10B300000449FFF707FA00212000FFF7A1F8E5E75D
:10B31000280100D03DB10010386005408C3C03206E
:10B320000A590320F0B54F46D6464646C0B5070039
:10B330002C4C616A0D00A66A616AA942FAD18B425F
:10B3400008D805D00120E0BCBA46B146A846F0BDF9
:10B35000B242F7D9EFF3108A72B623480168002988
:10B36000FCD0BFF35F8F0125BD4020491D4C8846AE
:10B37000097889462943C9B28C464146604608701F
:10B38000391D1B48890065630A51B9000B50216AB9
:10B390000020294219D0616A0800A66A616A8142C8
:10B3A000FAD18B4219D801D1B24216D8CC4516D069
:10B3B0000C4B1F201D625D6301230740BB400D4AFB
:10B3C0001E38136043464A461A70BFF35F8F00224F
:10B3D000054B1A608AF31088B5E70020F5E70120D5
:10B3E000F3E7C04600400540280100D00A59032079
:10B3F0000858032080E200E0EFF3108C72B60A498F
:10B400000B68002BFCD0BFF35F8F01238340074AFA
:10B410000748136202789A430270BFF35F8F0023DC
:10B420000B608CF310887047280100D00040054065
:10B430000A59032070B5050014001600002915D024
:10B440000C00002A12D080686B6898472968002891
:10B450000ED073009B196200033B1219CB18033AFC
:10B460009C7088188A5C002A15D10670200070BD77
:10B4700063001B197200033B9219CB18033A9E70AC
:10B4800088188A5C002A02D104703400EEE75A70F2
:10B4900004703400EAE75A700670E7E730B583605D
:10B4A0000023CCB243730133047342608373C473CB
:10B4B0000D000068012C06D9421C0133DBB2137069
:10B4C00003329C42F9D1FF2129404B005918002337
:10B4D00040180338437030BDF8B5CE4647460600E5
:10B4E0000C0080B5002907D04D0003686D18033D9E
:10B4F0005A195778002F04D12000C0BCB946B04675
:10B50000F8BD7900C91903398846434459788946FA
:10B5100000215970517073683A0021008068984783
:10B520003368002814D042469A18947059195B5D0C
:10B53000002B00D053700F70270049463000FFF7F2
:10B54000CBFF390002003000FFF774FF0400D3E79F
:10B55000424641465D19AF709A185B5C002B00D0E3
:10B560006B701470E9E7C046F0B557464546DE46B5
:10B570004E46E0B50D006B0001685B19DF1E04004C
:10B58000C85D83B00192CA19002850D043001B182F
:10B59000033BCB185E78B446002E1AD1019E002ED4
:10B5A00042D0E67B002E04D073009B19CB18033BDE
:10B5B0005D70A37B002B00D1A573E57300282FD10C
:10B5C0000023537003B0F0BCBB46B246A946A04668
:10B5D000F0BD72006244033A89184A78904600220E
:10B5E0004A7091465A70010032002000FFF722FF96
:10B5F00043468246002B07D05B0021684344033B4F
:10B60000CB185A78002A16D1424651462000FFF73F
:10B6100011FF2168019BCA19002BC2D10028CFD08D
:10B6200043001B18033BCB1800219970C8E7019B0E
:10B63000002BB6D1C4E750008018033809184878A9
:10B64000834648464870587041462000FFF7F2FE96
:10B65000594680462000FFF73FFF41460200200088
:10B66000FFF7E8FE8046CFE7F0B557464546DE4691
:10B670004E46E0B583B00191457B04006B00006845
:10B680005B19DF1EC15DC219002952D04B005B1847
:10B69000033BC3185E78B446002E1CD1019E002ED9
:10B6A00044D0E67B002E04D073009B19C318033BE3
:10B6B0005D70A37B002B00D1A573E573002931D108
:10B6C000002328005370617303B0F0BCBB46B24640
:10B6D000A946A046F0BD72006244033A8018427841
:10B6E00090460022427091465A7020003200FFF7C7
:10B6F000A1FE43468246002B07D05B0021684344ED
:10B70000033BCB185A78002A17D1424651462000F5
:10B71000FFF790FE019B01002068C219002BC0D1E9
:10B720000029CDD04B005B18033BC3180020987054
:10B73000C6E7019B002BB4D1C2E750008018033844
:10B74000091848788346484648705870414620009A
:10B75000FFF770FE594680462000FFF7BDFE4146C8
:10B7600002002000FFF766FE8046CEE770B50400B9
:10B7700000292CD0437B8B422ED00568480040180E
:10B78000033828188278002A21D053009B18033BE5
:10B79000EA5CEE188A4202D11BE0002A08D053006E
:10B7A0009B18033BEB185A788A42F6D142785A70BC
:10B7B00000230122837043702000FFF7D5FE617BD8
:10B7C00002002000FFF736FE6073012000E0002039
:10B7D00070BD43783370EBE701221900FFF7C4FE18
:10B7E00060730120F4E7C046F8B5040021481D004D
:10B7F00017000E0001F0A2FF0100380001F09EFFCB
:10B80000069B29041B0319432368002B20DB1A4BDA
:10B810001A4DE21853425A4180235B019C461203A1
:10B82000174B62441A60174B1A601700AB689F43AE
:10B83000FBD1C022231D92011A4321232660A06060
:10B8400013602368002BFCDA0823E1601360F8BD65
:10B850003F2322681340B342D9D1A3681B051B0DB7
:10B860008342D4D1EE22E368D20213408B42CED180
:10B87000EDE7C046001BB7000040FDBF00C0004020
:10B8800000E0004000F000408023024A9B00034398
:10B89000D36270470080054010B5140080221B4B16
:10B8A000D2051A6000281AD00123194A1843194BEF
:10B8B000DA61194A42401A62596298628022134B37
:10B8C000D2051A601549164A1160E022D2041A60A6
:10B8D000002C07D18022134B12061A6010BD0D4BAD
:10B8E000D861EBE763011B1B9A0080231219120138
:10B8F0005B049A4200D30C4A0C4B1A60054B5A6009
:10B900008022084BD2051A60E8E7C04600B0054027
:10B91000D3C007B0008005402D3FF84FFCFF010069
:10B920000820014000A00540FFFFFF00E442032083
:10B93000AA23064A1B0113602F230549D360054B38
:10B9400019605368002BFCDA7047C0460040024083
:10B9500000B0FA0000600240F8B5CE464746040049
:10B9600080B506200E00FEF737FD051E51D0524B64
:10B970005249E21853425A418023DB039C46920508
:10B980004F4B62441A604F4B1A6010008B6898430B
:10B99000FBD1494B8021E3185A4253414A4A5B008C
:10B9A000490099520620FEF717FD3100C00001F052
:10B9B000C5FEC30932D14022012190466162A362D3
:10B9C000256BEB0736D427008026E36A00232C374B
:10B9D00076013E43336006202563FEF7FDFC4146B9
:10B9E000800001F0ABFE236B05009846DB073BD4DB
:10B9F0006022E36A5A406E23134033604346236358
:10BA0000802310229B013B431A60304B23630323A6
:10BA1000A3642800C0BCB946B046F8BD2C4A934286
:10BA20003FD900232B492C4A6162A362256B9046C3
:10BA3000EB07C8D52200C02330329B011343234AB1
:10BA400006201A60666AA26AB601B618FEF7C4FC40
:10BA5000224901F073FEB6020100300001F06EFED3
:10BA60000021FFF7DFFBAEE72200C02330329B014D
:10BA70001343164A06201A60636AA26A9B0199461C
:10BA80009144FEF7A9FC4B4614499B02994601F0EC
:10BA900055FE0100484601F051FE0021FFF7C2FBB0
:10BAA000A6E77F229901884610400130400819001E
:10BAB0008044030082E7C0460080FCBF00C0004015
:10BAC00000E0004000F000407C580320010300002B
:10BAD000FEFF0000FFFF0000C0FF3F004E0E000011
:10BAE000F8B5040006200D00FEF776FC2900C00022
:10BAF00001F024FEC30924D0224A934239D90023FD
:10BB0000214A224E6262A362256BEB0720D52200F8
:10BB1000C02330329B0113431D4A06201A60676A16
:10BB2000A26ABF01BF18FEF757FC1A4901F006FED2
:10BB3000BF020100380001F001FE0021FFF772FB97
:10BB400006E0402601226262A362256BEB07DED489
:10BB5000E36A220080232C325B011343002206207B
:10BB60001A602563FEF738FC3100800001F0E6FD25
:10BB7000F8BD7F221040013040089E011A0036189F
:10BB80000300E0E7FEFF0000FFFF0000C0FF3F00F2
:10BB9000010300004E0E00000539013AF8B5D2004D
:10BBA0004C0105001443002B05D002222243012B37
:10BBB0002AD105331C432E6BF3070BD4EA6A80238A
:10BBC00062406E2414402A005B012C3213431C6037
:10BBD0002E63F8BD2A00C02330329B0113430B4A69
:10BBE00006201A606F6AAA6ABF01BF18FEF7F4FB4D
:10BBF000074901F0A3FDBF020100380001F09EFDDE
:10BC00000021FFF70FFBD9E71400D4E70103000080
:10BC10004E0E0000F8B54B1E9941066B05000C0155
:10BC2000F3070BD41023E96A2A004C401C40802300
:10BC30002C325B0113431C602E63F8BD0200C0234D
:10BC400030329B0113430A4A1A60476A826ABF0175
:10BC50000620BF18FEF7C0FB064901F06FFDBF02CA
:10BC60000100380001F06AFD0021FFF7DBFAD9E797
:10BC7000010300004E0E0000F0B5D6464F46464682
:10BC80008846C0B505240600FEF78EF943461F79A5
:10BC90001C57284B8146F01843425841264B9A4680
:10BCA00083009C4653466246985801222023BA409E
:10BCB000DB1B013A002C32DB9C422DDCA24015003C
:10BCC000104229D1002F1AD043465A78197812020F
:10BCD000114342469B78D2781B040B4312061A4349
:10BCE0009046002241465300C95A4B0B00D1091916
:10BCF000131912339B00013299519742F2D85346DF
:10BD0000624605439D504846FEF75AF92000E0BCC4
:10BD1000BA46B146A846F0BD084800F067F9002BC6
:10BD200002DAF9E7013BF7D315009D401C000542FC
:10BD3000F8D1C7E70000D0AF683C03202C9704106F
:10BD4000F0B557464E464546DE468946E0B583B0D7
:10BD50000CA90D784946490088464944C90046184F
:10BD600037003400DC3701903868CC3483462068D3
:10BD7000C02482460198CC318446A4016144214309
:10BD80008024A4020C60691E8D411F216D420D406C
:10BD900016498C466544052B0ED9A02149058C46D1
:10BDA0001F21D8366046540104430532053B3C60F0
:10BDB0000A403560052BF5D8414652019B061343D6
:10BDC0004944019AC90050180200DC321360030094
:10BDD000D8331D605B4613605346CC30036003B01C
:10BDE000F0BCBB46B246A946A046F0BD80E00000CC
:10BDF000F0B501258D400468AC434D0004606C181B
:10BE0000E40004192600C836002B28D01F68DC3453
:10BE100037605F6877609F68DB68B76023606D1884
:10BE2000EB001D008024D035451964012C4380258A
:10BE30002D062560256001250F4C2E008C40846066
:10BE40000C1DA640802408318D401F21A40104430D
:10BE5000C0180A40D830266025600260F0BD8027F7
:10BE60007F023760F8277F027760C027DC343F030A
:10BE7000B7602360D3E7C046010101012C4B2D4A76
:10BE800070B51A602C4A2D4B2D491A6014008B682E
:10BE90009C43FBD12B4D2C4EB54208D2013E761B64
:10BEA000B60808CD984723000134B342F9D1FEF714
:10BEB0002BF9264A214B1A60214A9368DB43DB01A8
:10BEC000DD09002BF9D14022214B224C224E9A67EA
:10BED0005A671A67DA66B44208D223682000002B3A
:10BEE00020D00834FEF794FDB442F6D31B4E1C4C10
:10BEF000C022A168300002F0D3FDA660FEF7DAF898
:10BF0000FEF73AFDFEF73CFF164C174EB44208D23E
:10BF1000013E361BB60808CC98472B0001359E42DF
:10BF2000F9D170BD0834FEF765FDB442D5D3DDE725
:10BF300000E00040BFCDFBFEFE7F3C0000F0004073
:10BF400000C00040682C0020782C0020FFFFFF017B
:10BF500000F00140582C0020682C00200000002038
:10BF600000ED00E0782C0020B02C002000BEFDE7A2
:10BF7000094A03001068002805D00849C3188B42FD
:10BF800007D81360704706480449C31810608B42F5
:10BF9000F7D901204042F5E7AC3E03200000042021
:10BFA0000C59032000207047012040427047C046D2
:10BFB00010B5FFF7DBFFC04610B50C0082B01900CA
:10BFC000002A0AD0064B0192009302002300054884
:10BFD00001F01AFB0120FFF7C9FF034B1A00F2E73B
:10BFE0004097041050970410449504100FB400B506
:10BFF000084883B002F0CCFE049B002B07D005A9B3
:10C000001800019101F020FB034802F0C1FE01205D
:10C01000FFF7ACFF809704109097041010B501480B
:10C02000FFF7E4FF949704109A4200D288547047B7
:10C030007047C046F8B557464E464546DE46E0B521
:10C0400099460A9B07009A460D9B88469346150021
:10C050000B9E9B0710D10C9B9E420DD29D1B140082
:10C060000E005D4422004B46013431002020B847C9
:10C07000A542F7D1B0460B9E002E27D04446751935
:10C080005346AA1B013E985D21004B46B847002E3F
:10C09000F6D123002C0098460D9B9B070FD55B46DD
:10C0A000E51A0C9BAB420AD94646984622004B46FD
:10C0B000310020200135B8470134A845F6D82000CA
:10C0C000F0BCBB46B246A946A046F8BD2C00E3E74B
:10C0D000F0B54F464646D646C0B584B098460EAB3E
:10C0E0001B78129F994694460D9C109B119EBA078F
:10C0F00025D4002E4BD19C4200D3BFE001223A4010
:10C1000092461F2C00D9B8E00C9A551E302201E04F
:10C11000202C03D001342A55A342F9D85246002AD4
:10C120000DD0A6420BD9202C44D00C9A551E30229B
:10C1300001E0202C3ED001342A55B442F9D1FA0650
:10C140004DD57A053FD4002C39D10F9B102B00D14F
:10C1500079E00F9B022B00D18AE030230C9A012456
:10C1600013704B46002B3FD02D230C9A13550134EE
:10C170000C9B624600930397434602960194FFF797
:10C1800059FF04B0E0BCBA46B146A846F0BD012252
:10C1900015003D40AA463A422FD04A46002A02D115
:10C1A0000C323A4200D0013E9C42BAD21F2CABD98D
:10C1B000202E27D92024FA06DAD57A0503D4A34203
:10C1C0002DD0A6422BD00F9B102B32D0022B20D08B
:10C1D000202CCDD030220C9B1B191A700134202C3E
:10C1E000C6D04B46002BBFD17B070DD43B07BFD534
:10C1F00020230C9A13550134BAE79C429FD21F2C7E
:10C2000000D881E720249AE72B230C9A1355013498
:10C21000AEE7202CACD00C9B1B1901343AE0631E16
:10C22000012C92D00F9A102A2AD0022A2FD01C005B
:10C23000D0E7BB060ED4202C9AD00C9B1A190134DF
:10C2400078231370C4E7BB060DD478230C9A01241D
:10C250001370BFE7202C00D18AE758220C9B1B19D2
:10C260001A700134B4E758230C9A01241370B1E713
:10C270000C9A603301241370ACE7202400265EE79B
:10C28000023CBA06E9D40C9A12191C00D8E70C9AA1
:10C290009246534462221A709AE7C04610B50028AD
:10C2A00000D110BD02F028FDFBE7C0460B0010B521
:10C2B000002802D049681B68984710BDF0B5DE46DB
:10C2C00057464E464546E0B59BB09B46249B894663
:10C2D0009846259B0B900C924046424619009A4680
:10C2E00001F0FDFC002800D0D8E001224046514674
:10C2F000774B524201F0EEFC002800D0CEE0012244
:10C3000040465146734B524201F0CEFC002800D00B
:10C31000C4E0002200234046514601F0C5FC00283D
:10C3200000D0B9E1424653460A9209938023289AE5
:10C33000DB001A400E92289A1A4201D10623269356
:10C340000A9A099B1600134300D0C7E0289B0025DA
:10C3500000261B0500D49BE100230D93269A0D9B1C
:10C360009A4200DC9FE1D01A431E26938023289A2C
:10C37000DB001A430023002728920D93279B0024FB
:10C38000BB4200D9DC1B0223289A1A400E92289A3D
:10C39000134203D07B427B415B421C400D9B002B30
:10C3A00007D00A9809992A00330001F014FC0A907A
:10C3B0000991002200234046514601F075FC0028F7
:10C3C00005D0802000068446099961440991289A85
:10C3D000414B0B9D13400493269B0A9A0293099BA1
:10C3E00003940092019349465B4628000C9A00F0A2
:10C3F0008BF90400002F62D0289B220098061F238F
:10C40000C0179843631C984649465B466530A84769
:10C410000D9B0025DA179C18DB0F9A465440013F0C
:10C4200001E0202D13D00AAA94461F232000634464
:10C430000A2101355E1901F081F930313170200097
:10C440000A2101F07BF926000400092EE9D8052312
:10C450000693002304930A330393534605970B9FD7
:10C46000029312AB009342465B4649463800019561
:10C47000FFF72EFE0E9B0400002B20D00C9BC51A4C
:10C48000279BAB421BD91E0022005B464946202059
:10C490000135B8470134AE42F6D810E0289B424639
:10C4A0000493279B49460393269B0B98029353467C
:10C4B000009201935B460C9A00F026F904002000DC
:10C4C0001BB0F0BCBB46B246A946A046F0BDC04674
:10C4D000FFFFEF7FFFFFEFFFFFF7FFFF734B099FAA
:10C4E0009C467800400D604401F00CFC704A714B92
:10C4F00001F08FFB704A714B01F064FB3B03704A03
:10C500001B0B1A4304000D00300011006D4B00227C
:10C5100001F04FFB6C4A6D4B01F07BFB02000B00FE
:10C520002000290001F04EFB01F004FC0D9001F009
:10C53000E9FB674A674B04000D0001F06AFB00222B
:10C54000654B01F03FFB01F0F5FB644A0600644BCC
:10C550002000290001F05DFB040030000D000F9663
:10C5600001F0D0FB5F4A604B01F053FB02000B006F
:10C570002000290001F01DFB02000B0006000F0047
:10C5800001F047FB320004000D003B003000390091
:10C5900001F018FB002210901191544B200029004B
:10C5A00001F019FB0022524B01F00CFB02000B00C2
:10C5B0002000290001F00FFB00224E4B01F002FB8E
:10C5C00002000B002000290001F005FB0D00802176
:10C5D000040032003B000020C90501F0EAFA020025
:10C5E0000B002000290001F0EDFA02000B0010986A
:10C5F000119901F0F0FA0022314B01F0E3FA3E4BC1
:10C600000F9C9C4664440022230501F002FB0500B8
:10C610000E0002000B000A98099901F045FB002862
:10C620000AD00D9B2800013B31000D930022304BB6
:10C6300001F0D1FA05000E00C6270D992B006331D9
:10C640008F42BF4128997F420437090500D495E6FF
:10C65000334300D182E6099C284A2100284B0A98DE
:10C6600001F030FB002808D000222100254B0A9859
:10C6700001F01AFB002800D070E6269B002B00D1A9
:10C680007CE60E9B5A1E9341269AD31A269375E692
:10C69000002304270D9371E643460A9380231B066B
:10C6A0005344099342E6002326935FE601FCFFFF13
:10C6B000FB799F501344D33FB3C8608B288AC63F91
:10C6C0000000F03F0000F83F61436F63A787D23F4F
:10C6D00071A379094F930A400000E03F1655B5BB9E
:10C6E000B16B0240EF39FAFE422EE63F00002C40CB
:10C6F0000000244000001840FF0300002D431CEB05
:10C70000E2361A3F80842E41F0B54E46DE4657464B
:10C710004546E0B597B09946209E219F229B8346CF
:10C72000984607910C923B0032003000390001F02E
:10C73000D6FA002800D0A9E1012230003900CA4B06
:10C74000524201F0B1FA002800D0E1E001223000AD
:10C750003900C64B524201F0BDFA002800D0B7E0C4
:10C76000002230003900C24B01F0B4FA002800D09A
:10C7700099E0002230003900BE4B01F095FA002804
:10C7800000D090E0002200233000390001F08CFA44
:10C79000002800D0B1E000230D93249B5B0501D459
:10C7A0000623984608AB9C461722002430234146B6
:10C7B000624404E0013413550139202C01D00929C9
:10C7C000F8D888463000390001F0B4FA4346DA0060
:10C7D000A94B05009B181A685B680892099301F041
:10C7E00091FA02000B003000390001F0E2F9089ADA
:10C7F000099B01F00EFA0A900B9101F0BFFA8246F4
:10C8000001F07CFA02000B000A980B9901F0D1F9B3
:10C8100000229A4B0A900B9101F05CFA002800D19B
:10C82000C0E001239C46E244504601F067FA020052
:10C830000B000898099901F03DFA002802D0002366
:10C840009A4601354346002B6AD008AB17269C4612
:10C8500008956644554614E001235B4243440A218F
:10C8600028009A4600F06AFF0134303137193970D8
:10C8700028000A2100F062FF092D00D8D0E0D04640
:10C880000500202CE8D10EAB98460323249A1340D0
:10C89000012B00D196E02023249A01930392239A3E
:10C8A000434602921EE0249B58460493239B009625
:10C8B0000197039343460C9A029307994B46FFF75F
:10C8C000FDFC17B0F0BCBB46B246A946A046F0BD81
:10C8D000249B5B070ED40322694B24990192039198
:10C8E00023990291009358464B460C9A0799FFF7FB
:10C8F000A1FBE6E70422634BEFE73B003200002098
:10C90000002101F056F9012306000F000D9344E7C2
:10C91000249B0393239B0293042301935A4BE1E747
:10C92000280001F0EFF902000B003000390001F09F
:10C9300040F9524B002206000F0001F0B5F90EAB92
:10C94000984600280AD10022300039004B4B01F0F4
:10C95000C1F9002802D1EB0700D50135202C94D075
:10C9600008AA94461723280063440A2101341E199B
:10C9700000F0BCFE3031280031700A2100F0B6FE14
:10C98000051EEBD10323249A1340012B1BD0202C2E
:10C9900000D180E70D9B002B35D02D224146631C32
:10C9A0000A5579E700220A980B99344B01F07CF97B
:10C9B000002800D046E75346002B51D101239C4666
:10C9C000E2443FE72024239B002BE0D00D9B002B6B
:10C9D00003D1249A0C33134202D0239B013B2393AF
:10C9E000239BA342D3D908AB9C4617223023624431
:10C9F000202C00D14FE72399013413558C42C6D027
:10CA0000202CF8D147E7249B5B0724D4249A2300E9
:10CA1000120700D440E72022414601330A553BE784
:10CA20005746089D202C00D12DE72200302140469A
:10CA3000002F09D00132B154202A00D123E7D3437B
:10CA40001B191B18002BF5D10EAB98462E2341461F
:10CA5000541C8B5482E72B224146631C0A551BE76A
:10CA6000DB0700D4EEE6A9E7FFFFEFFFFFFFEF7F54
:10CA700065CDCD4165CDCDC1989904100000E03F52
:10CA8000A0970410A4970410B0970410249B03935C
:10CA9000239B029303230193004B23E7AC970410DD
:10CAA000F0B5DE464E4657464546E0B59FB01C0001
:10CAB000289B91460993C94AC94B8B4608901A6036
:10CAC000002900D118E2002320789A46002800D1DE
:10CAD0001AE226001D005C460AE02A006F1C4B4645
:10CAE000089D2100A8473D0001363078002870D00D
:10CAF0002528F2D110239B46083B9A46043B9846D2
:10CB0000023B00219C46721C107816000300203B5B
:10CB1000DBB2102B03D8B34F9B00FB589F4603009A
:10CB2000303B092B32D900230A932A2868D00023EE
:10CB300098462E283ED00300683BDBB2122B1CD84F
:10CB4000A94A9B00D3589F46012301321943DBE7D2
:10CB5000634601321943D7E7434601321943D3E70D
:10CB60005B4601321943CFE7534601321943CBE705
:10CB700080235B007078194301360300253BDBB24C
:10CB8000532BAAD8994A9B00D3589F4600270300ED
:10CB9000B800C01901364000C018337830381A0088
:10CBA000303A0700092AF3D90A9018000023984662
:10CBB0002E28C0D180237078DB0019430300303B5E
:10CBC000721C092B00D8A1E12A2800D1B2E116007D
:10CBD000B1E7A346AA462C00D14503D801235B4206
:10CBE0004B449A464B46524659460020089DA8475A
:10CBF00020001FB0F0BCBB46B246A946A046F0BD1F
:10CC0000099B40CB0A96002E03DB50780993561CF3
:10CC10008DE72838014370420A9009935078561CDA
:10CC200085E7782800D1DFE1582800D14CE26F2851
:10CC300000D14FE3622801D100F030FC10230A003C
:10CC40009A430B92692801D000F0A9FC0A230C93A7
:10CC50004B0500D5D0E10B9A802311009B001940B1
:10CC60008B461A4200D0A1E2802311005B001940DC
:10CC70008A461A4200D0B6E313005B0600D5EDE207
:10CC8000130009991B0601D400F076FC08C91BB2F9
:10CC9000D8171A18424092B209919346DA0F1292AD
:10CCA000002B09D1802310220B99DB000B4091430C
:10CCB0000B91002B00D0E4E20B9A6123920600D581
:10CCC00041230EA91F228C46DBB262440A3B5F4619
:10CCD0001395A34655460C9CB2460D9316000AE0E8
:10CCE0003033DBB201357355A74200D2EDE2202D7F
:10CCF00000D1EAE207002100380000F01FFDCBB2AE
:10CD00000929EDD90D9A94466344DBB2EAE7802302
:10CD10009B007078194301362FE77078682800D19E
:10CD2000CDE180230136194327E770786C2800D1C4
:10CD3000BFE180235B00194301361EE7462800D17E
:10CD40009BE10722099B0491073393430A9A190038
:10CD50000392424602920CC90898009201930991ED
:10CD60002A004B462100FFF7CFFC01360500BCE648
:10CD70002A006F1C4B46089D21002520A84701363C
:10CD80003D00B2E68B0700D4ADE1099B2A009A462C
:10CD90006B1C9846534601CB21009A46089F4B4690
:10CDA000C0B2B8470A9B9C466544012B00D886E276
:10CDB000089B4746B04626004C4699463A00230059
:10CDC000013731002020C847AF42F7D1A146534672
:10CDD000340046460993013687E6C046A1CA0010D2
:10CDE000C8420320B8970410FC9704104898041018
:10CDF000099B04CB9B4643460992002B00D1C6E019
:10CE000013789C46002B00D1BDE34346013B099AB1
:10CE10000133D0180A9F130001E0834203D05A78EF
:10CE20000133002AF9D1099A0A979B1A0B938023A0
:10CE30000A00DB001A400C92194204D00B9B4345B8
:10CE400001D943460B9302231A000A400D920B426C
:10CE500000D187E16046002800D168E10C9B002BDF
:10CE600000D10DE1A844C246099B57465B1B98467A
:10CE7000089BB2462A0026004C46994609E023004A
:10CE80003100551CC8474346585D002800D126E1B3
:10CE90002A009742F3D1A1463D00340056460D9B2F
:10CEA000002B00D043E15B46013609931DE6099B48
:10CEB0001A0008CA9246002B48D0212211438B4603
:10CEC0000EA884461F216144099500220F27A4461D
:10CED0000D0002E0202A0CD00B003C001C4020007A
:10CEE0003730092C00D807380132A85419090F2B04
:10CEF000F0D86446099D32E0DC4B2078089300238B
:10CF00009A46002800D0E4E5002465E64346060082
:10CF10000A9F9800C018013240008019167803005B
:10CF200030003038303B0928F3D9300098461600DD
:10CF30000A9700E6099B023604CB9046D24340464E
:10CF4000D2171040804609933078F4E5102208008B
:10CF5000904311321043834600224905B0D55B4609
:10CF60000693082305934346049310230393002359
:10CF7000029316AB019200932A004B4621000898B9
:10CF8000FFF7A6F85346050001360993ADE513787F
:10CF90009C46002B00D1F7E202235B4237E72023B7
:10CFA00002009A43472A04D180231B01194302231C
:10CFB0009843452801D1202319430722099B049156
:10CFC000073393430A9A19000392424602920CC90E
:10CFD00008980092019309912A004B462100FFF71F
:10CFE0006DF90136050080E510230C930C230A002F
:10CFF0009A430B924B0503D501230B9A9A430B924C
:10D00000692800D127E6642800D124E60B9A802302
:10D0100011009B0019408B461A4200D066E1802324
:10D0200011005B0019408A461A4200D039E2130011
:10D030005B0600D53CE113001B0600D4A6E2099B69
:10D0400004CB1204120C934609935B46002B00D0CC
:10D050009AE10B9A1033110099430B91520500D4B9
:10D0600092E100239A460B9B06930A9B0593434645
:10D0700004930C9B039300230CE12023194360E6E7
:10D08000099B0A9A5B1B98464B4691461F00B24685
:10D090002600089C2A003B003100A047434601358A
:10D0A000585D0028F6D14A463400B94656460A92E1
:10D0B000F5E6C0239B00B078194302365DE5C02336
:10D0C000B0781943023658E50C230A009A4314330A
:10D0D0001A43103B0B920C934B058DD496E7A14657
:10D0E00034005646DBE60A9A012A00D853E26B1E4A
:10D0F0009F18089BB04626004C4699462A002300FC
:10D10000013531002020C847BD42F7D1A146340087
:10D110004646099B3A0001CB210098467D1C4B46B0
:10D12000089FC0B2B847434601360993DDE40B9B24
:10D130000A9AA8469A4200D8B5E694466544ED1A84
:10D14000089B4746B04626004C4699463A002300C5
:10D15000013731002020C847AF42F7D1A146340043
:10D160004646A0E60B9A0A99531C914200D814E255
:10D170004B199B1A1F00089BB24626004C46994645
:10D180002A002300013531002020C847BD42F7D1D5
:10D190000A9BA14601330B93099B34001B7856462A
:10D1A0009C466046002800D058E67CE60722099B92
:10D1B00007339343013294469C4462465F68099268
:10D1C0001A68FB171093119310981199030053409C
:10D1D0000E930B007B400F9394460E9A0F9B121AEE
:10D1E0008B410E920F93FB0F6246129300233A433A
:10D1F0009B463DD00B9A6123920600D54123002225
:10D20000DBB20EA90A3B8C4692460D9343461F3271
:10D2100062441395159655460E9E0F9FA246904662
:10D220000C9C14930CE03032D2B2434601355A556F
:10D23000BB4500D18AE1202D00D18AE106000F0014
:10D24000220000233000390000F0B6FAD2B2092AD9
:10D25000E9D90D9B9C466244D2B2E6E7FF230999C7
:10D2600004C913401A00099117E5C04631C00010E7
:10D270000B9A1033110099430B915205BAD5002334
:10D280009A460B9B06930A9B0593434604930C9B7B
:10D290000393129B02935346019316AB2A0000930B
:10D2A00021004B460898FEF713FF013605001CE4E9
:10D2B000FF22099B02CB11408B460993C5E65346DA
:10D2C000454609930136FFF710FC56465C46AA46D0
:10D2D000139DD6E708230C930B910B99642800D07B
:10D2E00084E60B9B5B0500D586E6B4E40722099B28
:10D2F00007339343013294469C44624609921A686C
:10D300005B6810009B4613005A46134307D10B9AE3
:10D310001033110099430B91520500D5A1E60B9AE9
:10D320006123920600D541230022DBB20EA90A3BFD
:10D330008C4692460D9343461F3262445F461295D7
:10D34000A34655460400B24690460C9E13930DE04A
:10D350003032D2B2434601355A550023BB4200D188
:10D3600000E1202D00D100E104000F003200002375
:10D370002000390000F020FAD2B2092AE8D90D9B2A
:10D380009C466244D2B2E5E70B9A6123920600D52F
:10D390004123DBB20EA90A3B1F228C460D932300CA
:10D3A00062445C461295170055469B46B2460C9E59
:10D3B00008E03033DBB201357B55B4420ED3202D6B
:10D3C0000CD004003100200000F0B8F9CBB20929DC
:10D3D000EFD90D9A94466344DBB2ECE756465C46BF
:10D3E000AA46129D3FE6099B1A0008CAD917139254
:10D3F0005A184A409246DA0F1292002B08D1802325
:10D4000010220B99DB000B4091430B91002B2BD189
:10D410000B9A6123920600D541230EAA1F2794463A
:10D42000DBB20A3B0D9567445D460993A34654461B
:10D43000B2460C9E08E03033DBB201357B55B44276
:10D440000ED3202D0CD004003100200000F076F91E
:10D45000CBB20929EFD9099A94466344DBB2ECE7D1
:10D4600056465C46AB460D9D0B9B2A0006930A9BD5
:10D4700021000593434604930C9B08980393129B49
:10D48000013602935B46019316AB00934B46FEF7C1
:10D490001FFE139B05000993FFF727FB02230C9344
:10D4A0001AE7099B04CB92461293002A08D18023E5
:10D4B00010220B99DB000B4091430B91002B2BD1D9
:10D4C0000B9A6123920600D541230EAA1F2794468A
:10D4D000DBB20A3B0D9567445D460993A34654466B
:10D4E000B2460C9E08E03033DBB201357B55B442C6
:10D4F0000ED3202D0CD004003100200000F01EF9C6
:10D50000CBB20929EFD9099A94466344DBB2ECE720
:10D5100056465C46AB460D9D0B9B2A0006930A9B24
:10D5200021000593434604930C9B08980393002322
:10D5300002935B46019316AB00934B46FEF7C8FD82
:10D54000129B050009930136FFF7CFFAB44200D8C9
:10D5500071E6149B54460E960F97AA469846159E60
:10D56000139D8EE6A64200D8FBE6139B56469846CE
:10D57000AA465C46129D76E508C9D8171A1842409B
:10D580000991FFF78AFB00230B9350E4099B04CB1E
:10D590009346099359E52F00BBE50B9301E6063B43
:10D5A0000C939AE60EB4012210B585B007AC08CCF6
:10D5B00001000094524204480394FFF771FA05B049
:10D5C00010BC08BC03B0184729C0001000B583B0D8
:10D5D000009313000A0001000248FFF761FA03B04C
:10D5E00000BDC04629C0001000B585B003910121DF
:10D5F00002900093034813004A4202A9FFF750FA31
:10D6000005B000BDADC200100FB410B50C4984B018
:10D6100006AA08CA0C680392002C0BD000920122C3
:10D620000848524202A9A047012004B010BC08BC1F
:10D6300004B01847180001F0ABFB0020F5E7C04626
:10D64000C84203209DC2001010B5094A03001468A7
:10D6500084B0002C08D0012200910648524203A950
:10D66000A047012004B010BD01F092FB0020F9E7B3
:10D67000C84203209DC2001001480421014B1847F5
:10D6800050210020A9D60010142310B501001888DD
:10D6900004331B88984710BD162310B50100188865
:10D6A00002331B88984710BDF8B54746CE4680B573
:10D6B0000F1E19D0142399460433040000250126B7
:10D6C00098464B461888434621681B88984701C4F2
:10D6D000431E9841013540420640AF42F1D130002F
:10D6E000C0BCB946B046F8BD0126F8E7124A936FB0
:10D6F0009B0815D29066D166002905D0FFE7FFE7A9
:10D70000FFE7516F106F704704B580210906C217FB
:10D710005140002800D0C8433BF062FE002104BD08
:10D72000F0B5146E556E576F166FFFF7E3FF146672
:10D73000556657671667F0BD000000D0114A936F19
:10D740009B0813D210665166002905D0FFE7FFE75A
:10D75000FFE7516F106F704704B5002801D000201B
:10D76000C0433BF03DFE002104BDC046F0B5146E41
:10D77000556E576F166FFFF7E5FF146655665767CE
:10D780001667F0BD000000D094464A4A926F920896
:10D79000624601D228E0C046F0B5464E346E756E42
:10D7A000776F366F00F020F89446424A146655664B
:10D7B000576716676246F0BD94463E4A926F9208DC
:10D7C000624601D254E0C046F0B53A4E346E756EF2
:10D7D000776F366F00F04CF89446364A14665566FB
:10D7E000576716676246F0BD002B24DB11D0002975
:10D7F0003EDA00B5C943404200D1013100F038F8AB
:10D80000C943404200D10131DB43524200D10133D0
:10D8100000BD002AEBD1002801D1002905D000204D
:10D82000C90FC90701D1C043410800B53BF090FDC5
:10D830000022002300BD00B500290ADBDB43524271
:10D8400000D1013300F014F8C943404200D1013146
:10D8500000BDC943404200D10131DB43524200D1F7
:10D86000013300F005F8DB43524200D1013300BD23
:10D87000002923D1002B18D1002A0CD0BC460D4F13
:10D8800038667A6600210023FFE7FFE7FFE77A6F3B
:10D89000386F67467047002801D00748010000B57F
:10D8A0003BF056FD0022002300BD02000B000020CB
:10D8B00000217047000000D0FFFFFFFF002B00D0C9
:10D8C000BFE0130C28D1002AE7D080B4114F39668D
:10D8D0007A66FFE7FFE730B4040C7B6F396F1B04F7
:10D8E00023433B667A66FFE7FFE7FFE7C04684B263
:10D8F0007B6F3D6F1B0423433B667A66FFE7FFE7C0
:10D90000C04600232C042D0C7A6F386F0019694132
:10D91000B0BC7047000000D0F0B594460025140E4E
:10D9200001D112020835140F01D112010435940FF0
:10D9300001D192000235D40F01D152000135D40B30
:10D940000134254F7C66254C3C660E0C93B2FFE7F4
:10D95000FFE7FFE73C6F6643360C7703BE46734331
:10D96000DF0B5B04C01AB941130C7343DB18C91AEF
:10D97000CE086643360CB64493B273431F0F1B01A7
:10D98000C01AB941130C73431F0B1B05C01AB941D0
:10D99000860D8F023E436643360C092D24DB520A66
:10D9A0007243801A7703460A6643360C16235B1BC4
:10D9B000DE40DF40BF1964466643821B7046043573
:10D9C00006330100D940A840C01900D30131A2425A
:10D9D00006D20023F0BD0000000000D0FFFFFFFFD3
:10D9E000121B0130F3D3F1E709277F1BFE40644689
:10D9F000A2B27243801A00D20139220C7243130C76
:10DA00001204821A99410B00704604351337010045
:10DA1000F940A840801900D30131002B02D1A24265
:10DA20000AD2F0BD013000D30131121BFAD2013B02
:10DA3000F8D1A24200D2F0BD013000D30131121B57
:10DA4000F7E7F0B51C0C00D080E00CB400251C0AF0
:10DA500004D11B02160E3343120208351C0B04D1ED
:10DA60001B01160F3343120104359C0B04D19B009C
:10DA7000960F334392000235DC0B02D192185B41C2
:10DA800001351C00971864410134464F7C66464CB2
:10DA90003C660E0CFFE7FFE7FFE7C0463C6F6643BE
:10DAA000360C7703BE4697B27743C01B00D20139CC
:10DAB000C01B00D201399FB27743C91BC91B170C89
:10DAC00077437E04FF0B801BB941CE086643360CBA
:10DAD0000C2D33DBB644120B1F053A431B0B97B2D8
:10DAE0007743C01B00D201399FB27743C91B170C83
:10DAF00077433E043F0C801BB941860D8F023E43A5
:10DB0000664329277F1BFE400C3D7746AF40BF1977
:10DB100030BCA2B2ABB272437343801A9941220C5B
:10DB20007243130C1204801A994102000B00013752
:10DB3000001BA941F9D2781E0021F0BD0C277F1BE4
:10DB4000FE4077467F0BAF40FF19E0E700245D1CE5
:10DB500007D0144F7D663966FFE7FFE7FFE7FFE771
:10DB60003C6F95B29EB265436643401BB141150CB4
:10DB70001E0C6543664336042F0C3E432D04401BA8
:10DB8000B141994204D202000B0020000021F0BDF7
:10DB900001D19042F7D3801A994101349942F2D3CE
:10DBA000F6E70000000000D0FFFFFFFF48404140C3
:10DBB000484018B41B4B5B68FC46019308BD04DF6A
:10DBC000E3DE001018B4174B1B68FC46019308BD38
:10DBD00000DFEDDE00109446134A926F920809D2DE
:10DBE000624618B40F4BDB68FC46019308BD0CDF9E
:10DBF000A5E100100C4AF0B5146E556E576F166F04
:10DC00006246FFF7EEFF084A1466556657671667C7
:10DC1000F0BD18B4034B9B68FC46019308BD08DFB8
:10DC200049E00010B82F0020000000D0FFB55040A0
:10DC30004240504059404B40594000E0FFB5154F1D
:10DC40004C00640D03D0BC4204D10C0314D8002056
:10DC5000090D09055C00640D03D0BC4204D11C030E
:10DC60000AD800221B0D1B0501264B4009D44B404E
:10DC700003D58B4200D18242FFBD9942FCD1904234
:10DC8000FFBD0B43DB1803431343F5D0C9434918C9
:10DC9000FFBD0000FF07000000B5FFF7CFFF01D078
:10DCA000002000BD012000BD00B5FFF7C7FF804187
:10DCB00000BDC04600B5FFF7C1FF01D9002000BD7F
:10DCC000012000BD00B5FFF7B1FF01D9002000BD64
:10DCD000012000BD00B5FFF7A9FF804100BD012074
:10DCE00040054A00121804D85A00121801D8002022
:10DCF0007047012070470020704700000021002875
:10DD000005D17047C1174840401AFAD0C90713B56A
:10DD1000064B1B6898470CBC441CA2401005120B14
:10DD20000349091B09051943114310BDF45703208A
:10DD30001F04000010B54C00620D8023D218DB00D8
:10DD4000D21A5B057E2A10DD9E3A13DACC1709033E
:10DD5000490819435242D140640001341532202A47
:10DD600005DAD0400843604310BD002010BD0846CE
:10DD7000604310BDC80FC018013810BD18B4044B63
:10DD80005B6AFC46019308BD24DF55E300100000E8
:10DD9000B82F002018B4044BDB6DFC46019308BD7E
:10DDA0005CDF61E400100000B82F0020C94211D3ED
:10DDB00000B549004908002200F018F8002904D4F1
:10DDC000002240428A41114600BD80210906002000
:10DDD00000BD000018B4044BDB6EFC46019308BD87
:10DDE0006CDF63E300100000B82F002018B4044B70
:10DDF0009B6FFC46019308BD78DF7FE300100000B5
:10DE0000B82F002018B4044BDB6FFC46019308BD0B
:10DE10007CDFEDE300100000B82F0020132370B565
:10DE20001D78012D15D010DD1C48FFF735FC1C4C6A
:10DE300001008022200000F033FE022D06D0194898
:10DE4000FFF722FC184B186070BD154C174BA364EC
:10DE5000F5E7164B124C23606360A360E360236117
:10DE60006361A361E36123626362A362E36223638C
:10DE70006363A363E36323646364A364E36423656C
:10DE80006365A365E36523666366A366E36623674C
:10DE90006367A367E367A364D1E7C0465344000008
:10DEA000B82F00204C330000F4570320B1DE0010DF
:10DEB00007B5604601880A0A0230DF2AFAD1C9B2E2
:10DEC000820804D3028840880004104300E0006800
:10DED000014A5050039007BDB82F00200FB403BC77
:10DEE0000CBCF0B50124E407634000E0F0B50C0D74
:10DEF000CF0F661E3605891B640503D3C943404214
:10DF000000D30131640D03D0661CF60A07D0E41B70
:10DF100000207F00791C89078912803C24031D0D95
:10DF2000DF0F6E1E36059B1B6D0503D3DB4352428C
:10DF300000D301336D0D03D06E1CF60A07D0ED1B24
:10DF400000227F007B1C9B079B12803D2D032F1B13
:10DF5000661B58D4A446202E46DA20371400BC4055
:10DF60001D00BD40F24033412A4380185941CB0F78
:10DF700005D0C943C043002264425041514162462A
:10DF80004D0D28D10D0D07D100281FD02419404177
:10DF90004941013A0D0DF9D0640006D3013000D398
:10DFA0000131002C01D140084000013A0BD4941CEF
:10DFB000E40A04D112051144DB071944F0BDD90766
:10DFC000204B194300E0D9070020F0BD0029DDD126
:10DFD000002CDBD1F0BD0132C6074008CD07284335
:10DFE0004908002EE1D0D9E73C2E29DA203E4037FF
:10DFF0001400BC4000D00124F24014431A00BB407E
:10E000001C43D317ACE7AC46202F08DA20360400B7
:10E01000B4400D00B540F84039412843A5E73C2FF6
:10E020000CDA203F40360400B44000D00124F84010
:10E0300004430800B1400C43C117EAE7100019007F
:10E04000002494E70000F07FF0B50C0D661E360545
:10E05000891BE60A6405640D02D0651CED0A04D034
:10E06000002001210905803C2403A4461C0D671EE5
:10E070003F05DB1BE70A6405640D02D0651CED0A51
:10E0800004D0002201231B05803C24037740644414
:10E0900097B484B296B27443070C7E43150C6F4359
:10E0A00080B26843361802D3012000043F183004C0
:10E0B000350C00197D41844688B29AB250430C0C4D
:10E0C00062431F0C7C438EB27E43921902D3012619
:10E0D0003604A4191604170C3618674101BC81B226
:10E0E0009AB25143040C62431B0C5C4380B2584308
:10E0F000121802D30120000424181004130C401835
:10E1000063412D185E410020474106BC88B293B29E
:10E1100058430C0C6343120C544389B251435B18AF
:10E1200002D301210904641819041A0C0918624168
:10E130006D1856410020474118BCF902720D114379
:10E14000F0026A0D1043ED020A0D03D16D19404132
:10E150004941013B124E9B1B7600B3420ED26D002B
:10E1600007D30130002671416646354301D140088E
:10E1700040001B05C918E4072144F0BD0BDA013348
:10E1800006D1013004D101314F0D01D04908F2E729
:10E19000E1070020F0BD013631050020EBE700006B
:10E1A000FF030000F0B51C0D671E3F05DB1BE70AEF
:10E1B0006405640D02D0661CF60A04D00022012317
:10E1C0001B05803C2403D0252D060026F6432E6631
:10E1D0001E096E66CE0FF619B44649004F0D02D0E7
:10E1E0007E1CF60A03D000200021403F3F033E1B67
:10E1F000B600B444013F7F05C91B49082E6F0136A4
:10E2000076089C02950D25437543ED137543AD13B8
:10E2100001356D10F603761B0CB4CC02450D2C4372
:10E22000A2B2B3B25A43270C7B43350C6F43A4B25E
:10E230006C431B1902D3012424043F191C041D0C38
:10E24000A4187D4124196D41009A91B2ACB261438A
:10E25000170C7C432B0C5F4392B25A43A41802D391
:10E2600001221204BF182204230C52187B41019C86
:10E270006C431B19520ED9010A434401A01A81B202
:10E28000B2B2514303145A43360C734387B27743F7
:10E29000D617D21900277E4136049B191704160C95
:10E2A0007F185E417316ED18F30100268033754127
:10E2B000A90F06D16400690AE8055B0A184309D270
:10E2C0002FE00422944480337541A90AA8059B0AD3
:10E2D000184326D3404149412404009A019B0D0074
:10E2E0005543641B4343E41A95B286B27543170C39
:10E2F0007E43030C5F4392B25A43B61802D3012205
:10E300001204BF183204330C52197B4152429C4113
:10E31000002C02D40022013051414008CA071043AA
:10E32000490802B06246D7079210084BD218084B32
:10E330009A4203D212058918C919F0BD0020002A9B
:10E3400001DC3900F0BD01331905F5E7FD030000DC
:10E35000FE070000002200B5203200F010F808008F
:10E3600000BD002200B500F00CF8CA179A4200D197
:10E3700000BDD8430121C907414000BD00220B1553
:10E380000AD410B5944600F0A7F81414013400DA4A
:10E390000021CB17144C2047002000217047624415
:10E3A000343A0CD40C2A07DA0400914090405242CF
:10E3B0002032D440214310BDD843D94310BD203270
:10E3C00007D40C469440524220321141D0402043A1
:10E3D00010BD0800C917203203D452422032104128
:10E3E00010BD1800190010BD9FE300104A00520D27
:10E3F000144BD21A13DDFF2A1EDAD205CB0FDB072E
:10E400001A43C300400F0903490A084310435B0045
:10E4100001D301D0013070474308FBD2704702D0CE
:10E42000C80FC00770470A0312130132F8D1420F18
:10E43000072AF5D1012200E0FF22C80F0002801850
:10E44000C00570478003000000210A00002104E09D
:10E4500000210A00C11704E00022002306E0C046A4
:10E460000022CB1758405940C01A994130B5184C7A
:10E47000A21A002903D1010010D00020203A4C1527
:10E4800012D104D2013A001849414C0DFAD3114C73
:10E49000A24204D212058918DB07C91830BDD24345
:10E4A000520D00200021F5E703D4013A001849413C
:10E4B000FBD50B324405C00A4D052843C90A640048
:10E4C00003D0002460416141E1E7E0D34408F8E76C
:10E4D00032040000FE0700000A0DCC0F531E1B057E
:10E4E000C91A520503D3C943404200D30131520D2A
:10E4F00003D0531CDB0A07D0121B00206400611CF0
:10E5000089078912803A1203014BD21A7047000022
:10E51000FF03000051434343C9188C46110C83B2DA
:10E520004B4310B4040C614392B280B25043624337
:10E530001C041B0C001910BC59411304120CC01808
:10E5400051416144704700004840414048400E4BF3
:10E550005B6818470C4B1B6818470C4A936F9B0865
:10E5600002D2094BDB681847F0B5146E556E576F31
:10E57000166FFFF7F6FF054A14665566576716676C
:10E58000F0BD014B9B681847B8300020000000D058
:10E5900007B548404140484001E0C04607B5420049
:10E5A000120E03D0FF2A03D1420218D8C00DC005B5
:10E5B0004A00120E03D0FF2A03D14A020FD8C90D18
:10E5C000C9050122414005D4414001D5814207BD22
:10E5D000884207BD0143491801D0C043001807BD58
:10E5E00000B5FFF7DBFF01D0002000BD012000BD1A
:10E5F00000B5FFF7D3FF804100BDC04600B5FFF76F
:10E60000CDFF01D9002000BD012000BD00B5FFF7FE
:10E61000BFFF804100BD01231B064200D21804D871
:10E620004A00D21801D80020704701207047491ACB
:10E63000002807D108467047C10FC90700D54042DE
:10E64000002817D0F44603B40B4B1B68984706BC50
:10E6500081409E384042803107D20B0607D04900E6
:10E66000490AC0051043084360470130F8E7490AEA
:10E670008902F5E770470000F4570320014B5B6AFD
:10E6800018470000B8300020014B1B6B18470000F2
:10E69000B8300020054A10470029FBD0044B5B6EC0
:10E6A000FC46184764DF2DE9001000002FE600103B
:10E6B000B8300020034BDB6FFC4618477CDFF9E9DC
:10E6C00000100000B8300020C11502D4054B9B6932
:10E6D0001847C843FF2801D1C0077047C817C005B5
:10E6E00070470000B83000204100090E862902DA88
:10E6F000044BDB6B1847044900B500F0FBF802BC83
:10E700008E46F5E7B8300020DB0FC9404100090E06
:10E71000862902DA044B1B6C1847044900B500F047
:10E72000E9F802BC8E46F5E7B8300020DB0FC9409F
:10E73000034B9B6DFC46184758DF71E90010000041
:10E74000B8300020132310B512481C78FEF7A4FF40
:10E750000100012C0AD003DD80220F4800F0A0F94F
:10E760000E48FEF791FF0E4B186010BD0A4C542264
:10E77000200000F095F90B4B6365A365E365236604
:10E780006366A366E36623676367A367E367236241
:10E79000E361E5E753460000B83000204C33000049
:10E7A000F457032001E90010F8B5454657464E4698
:10E7B000DE46E0B5FF268846C50DC90D3540170079
:10E7C000041C0E40002A01D000231360FF2D60D0EE
:10E7D000002E5ED0002D5FD0201CFF2E53D0731E64
:10E7E000AB4250DCE20F9446802212049146640250
:10E7F000640A1443424649465202520A114389466A
:10E80000AB4251D06346002B58D000216442AD1B6F
:10E81000002D5CDD4B460120D9114042FEF78EFFF2
:10E820001D23834600219C462A000C2D00DD0C226E
:10E8300058466312944043436046A246801A0341FF
:10E840004C465046914001335B105C435918041B01
:10E85000AD1A002DE8DCA14537DC4B46E41AA14592
:10E8600046DCE41A023163004B4519DC16D04346FE
:10E87000002B00DA4942002F00D039609621200099
:10E88000891BFFF701FFF0BCBB46B246A946A04674
:10E89000F8BDFF20C005F6E70020F4E7CB07E6D57A
:10E8A0004B460131E41AE2E78C42ECDD6346002B73
:10E8B00013D14B002E000121E41AD8E7AD1B002D27
:10E8C000A8DC8C4211DA0021CDE7002CCBDA4B46D4
:10E8D000E41808D54C440239C5E74B0001212E004D
:10E8E0001C1B4942C3E70139BDE74B460021E41A2E
:10E8F0000131B8E710B50022FFF756FF10BDC04642
:10E9000007B5604601880A0A0230DF2AFAD1C9B287
:10E91000820804D3028840880004104300E00068A5
:10E92000014A5050039007BDB8300020002230B596
:10E93000002906D5CD0705434808013A10E000221A
:10E9400030B505000D430FD0CD170C16AC4205D1E4
:10E95000C901440E2143C0010732F6E70500080053
:10E9600052423D320149884730BD0000EF29000086
:10E9700030B51D4CA446E0470446084621461446DF
:10E980001A462346E04740014901D4186412013475
:10E990000AD4D41A05DA644220411C2C0DD3C017C6
:10E9A0000BE021411C2C08D3002804DA0F4B186817
:10E9B000C917484014E0C81712E000220B4B00288A
:10E9C00002DA404249421A680124094DA84710461C
:10E9D000064B1A68841802D2841A00D4A01A01388F
:10E9E0000022044B18470000C1290000FC2C000045
:10E9F000972B0000192B0000C30FDB0741000A0E04
:10EA000007D0FF2A08D00909054A89181943400789
:10EA100070471900002070470249C918FAE7000042
:10EA2000000000380000F07F70B504000A4E30008E
:10EA30003AF056FD20002EF06DF9050030003AF056
:10EA40007FFC002D05D0054B2C199C4201D82800D5
:10EA500070BD0348FDF7CAFA582C002000000420BE
:10EA6000E899041070B50400054D28003AF038FD0F
:10EA700020002EF059F928003AF062FC70BDC04623
:10EA8000582C002001480421014B18476021002028
:10EA9000A9D60010014B1B68184700006021002018
:10EAA000014B5B68184700006021002010B5FFF79C
:10EAB000BBFF10BD10B5FFF7B7FF10BD10B5FFF7D6
:10EAC000D1FF10BD10B5FFF7CDFF10BD10B5FFF79A
:10EAD000C9FF10BD030010B5080011001B6898475E
:10EAE00010BDC046F0B546464F46D646C0B5437D3C
:10EAF00080460E001700002B46D0002A3FDD4B1E3B
:10EB00009946244B0125002400209A460DE04B46EF
:10EB10001B5D0D3B5A425341325DDBB20A2A0BD0DA
:10EB20002B00013401359F421ADD002CEFD1434602
:10EB3000325D1B7D0A2AF3D1002BF1D1A04204DA09
:10EB40004346211A1B6830189847434650461B68B5
:10EB500002219847013428002B0001359F42E4DC54
:10EB6000874204DD4346391A1B6830189847F61966
:10EB7000013E33780D3B5A42534142461375E0BC87
:10EB8000BA46B146A846F0BD036811003000984768
:10EB9000F5E7C0465C9A0410F0B5C6460C0009685B
:10EBA000060000B5802906D04B1C2360641826712E
:10EBB00080BCB846F0BD0F4B1D68002D16D0231D3C
:10EBC00098460D4F02E02D69002D0FD02B68002BC9
:10EBD000F9D03B68002B01D0AB42F4D1280041466C
:10EBE0002268FFF77FFF2D69002DEFD1012300215F
:10EBF000DBE7C046883E0320A83E0320F0B5DE4692
:10EC000057464E464546E0B585B017001C00060045
:10EC10000D00FCF7FDFA0023304A12184B41002B7F
:10EC200058DB2F4908008A463AF01AFC01906B1C09
:10EC300003D1300030F062F80500002C25D1294BBB
:10EC40009846294B1C68002C15D0002F20D1274F47
:10EC500002E02469002C0ED02368002BF9D03B6819
:10EC6000002B01D0A342F4D120002A003100C0477C
:10EC70002469002CF0D1019B002B27D105B0F0BCFA
:10EC8000BB46B246A946A046F0BD194B9846D8E708
:10EC9000164B994602ABDF1D0A239B4602E024690E
:10ECA000002CE8D02368002BF9D04B461B68002BC2
:10ECB00001D0A342F3D12A0031002000C0475B46B7
:10ECC0000122390020003B70C047E8E750463AF087
:10ECD00037FBD3E70122074B5242A2E740420F0025
:10ECE000602C0020E5EA0010883E0320A83E0320A7
:10ECF000D5EA0010FFFFFF7FF0B5CE46474680B54E
:10ED000083B06B460600DD1D2870FCF781FA0023F6
:10ED10001A4A12184B41002B2BDB19490800884670
:10ED20003AF09EFB174B81461C68002C14D0164FFE
:10ED300002E02469002C0FD02368002BF9D03B6837
:10ED4000002B01D0A342F4D1200001222900FFF7BB
:10ED5000C9FE2469002CEFD14B46002B05D13000B1
:10ED600003B0C0BCB946B046F0BD40463AF0E8FA40
:10ED7000F5E70122054B5242CFE7C04640420F0063
:10ED8000602C0020883E0320A83E0320FFFFFF7F69
:10ED900070B504002FF0B2FF00230100050001222E
:10EDA0002000FFF72BFF084B1C68002C06D063687F
:10EDB000002B05D098472469002CF8D1280070BD9D
:10EDC0002469002CF3D1F9E7883E0320F0B54746CB
:10EDD000D64680B516000F0083B000282DD11C4BFD
:10EDE0001C4D1A685B68019200931B4B9A461B4BA3
:10EDF000984653461C68002C03D114E02469002C6B
:10EE000011D02B68002B01D0A342F7D1A368002BAF
:10EE1000F4D03100380098470028EFDD03B0C0BCC3
:10EE2000BA46B046F0BD434600995B6A994209D89C
:10EE300042460198926A824202D301204042EDE7A5
:10EE40009942FAD101200021FCF7ECF9D1E7C04644
:10EE500000970410A83E0320883E03200040054090
:10EE6000F0B54646D6464F460138C0B50D001600EF
:10EE700001283ED8FCF7CCF900231F4A12184B4159
:10EE8000002B32DB1D49B046080089463AF0E8FA0B
:10EE90008246731C03D128002FF030FF8046184BA8
:10EEA0001C68002C14D0174F02E02469002C0FD0EE
:10EEB0002368002BF9D03B68002B01D0A342F4D18A
:10EEC000200042462900FFF70DFE2469002CEFD1F7
:10EED0005346002B05D13000E0BCBA46B146A846E7
:10EEE000F0BD48463AF02CFAF5E70122064B5242B3
:10EEF000C8E701267642EEE740420F00602C002072
:10EF0000883E0320A83E0320FFFFFF7F01204042F0
:10EF10007047C046012040427047C0460120404231
:10EF20007047C0460300022200209A4240417047C9
:10EF30000A4A1368002B05D10CE01A001B69103235
:10EF4000002B07D09842F8D1002902D10369136041
:10EF5000016170470029FCD01060FAE7883E032069
:10EF6000F0B5CE46474680B5A5B004000D00FCF7CD
:10EF70004FF900232A4A12184B41002B49DB294E36
:10EF800030003AF06DFA00230700039322002B00B3
:10EF9000254803A9FEF728FB039B8046002B14D1CC
:10EFA000224B1C68002C06D06368002B0BD09847BE
:10EFB0002469002CF8D1002F27D1404625B0C0BCD1
:10EFC000B946B046F0BD2469ECE7184B1D68994678
:10EFD000002D22D0164C02E02D69002D11D02B6897
:10EFE000002BF9D02368002B01D09D42F4D1039B64
:10EFF00028001A0004A90193FFF774FD2D69002D64
:10F00000EDD14B4603951C68CCE730003AF098F9F7
:10F01000D3E70122074B5242B1E70395CBE7C04645
:10F0200040420F00602C002099EB0010883E032026
:10F03000A83E0320FFFFFF7F0FB400B583B004A9F3
:10F0400001C90191FFF78CFF03B008BC04B0184759
:10F0500010B500F0D9F910BD7047C0460022014B31
:10F060001A707047055903204B790020FF2B0BD1F4
:10F070008B79002B08D1CB79012B05D1082A03D934
:10F080008A78024B09301A707047C0460559032030
:10F090000120704770B5012909D1154953791079BC
:10F0A00009781B0203430020994202D070BD012061
:10F0B000FCE75378012B08D0022BF7D10020642203
:10F0C0000021FCF7E9FB0120F0E79478D2780500F5
:10F0D00012021443D20502D5620A93401D0005486E
:10F0E000FEF7D2FA7F210300214028009847C0464E
:10F0F0000559032055420000012303700048704762
:10F10000609A041048780B788A7800021843120439
:10F1100010439622CB7810B51B060343D2009342CE
:10F1200000D010BD0348FEF7AFFA0021030008002D
:10F130009847C04655420000024B1860024B1960C8
:10F140007047C046AC3D0320B03D032010B5024BD4
:10F150001878FBF79BF910BD06590320114B70B5C9
:10F160001A68002A1AD0EFF3108172B610680028CE
:10F17000FCD0BFF35F8F00220B48596002701B6800
:10F18000BFF35F8F1A6081F3108800240025074BBE
:10F190001878FBF77BF92900200070BDFA240025C0
:10F1A000A400F4E7204D032007590320065903204B
:10F1B00070B5040000200E0001F002FB002835D0DD
:10F1C000002001F015FB002830D0FCF721F80023C7
:10F1D000184A12184B41002B24DB174D28003AF037
:10F1E0003FF9002822D0002001F0EAFA00280BD1D4
:10F1F000012000210324404200F0CCFC644228009E
:10F200003AF09EF8200070BD002001F0F1FA0028CD
:10F21000EED021003200002001F0F6FA041EEED1FB
:10F22000033CECE70122054B5242D6E7032464423B
:10F23000E8E7C04640420F0000580320FFFFFF7F71
:10F24000F8B5DE46574680B505000C00FBF7E0FF39
:10F250000023364A12184B41002B5ADB3449080070
:10F260008A463AF0FDF8002803D1C0BCBB46B2463E
:10F27000F8BD002001F0A4FA00284ED00026002C92
:10F2800043DD2C4B9B4614E0A919002001F030FB14
:10F29000070001200021404200F07CFC002001F02A
:10F2A000EBFAFBF7B5FF234BF61918605960B4422F
:10F2B0002BDD002001F036FBA71B0200B84200DD69
:10F2C0003A00002AE0D101200021404200F062FC17
:10F2D000002001F0D1FA002001F072FA002814D0C9
:10F2E000002001F01FFB0028E1D1FBF791FF5B46F6
:10F2F0000F001A685B68002184460F4812184B41C2
:10F300009F4202D8D3D19445D1D950463AF018F84B
:10F31000ABE70122094B5242A0E700200021054B38
:10F320001860596050463AF00BF89EE740420F00D3
:10F3300000580320902F002020A10700FFFFFF7F2F
:10F3400010B5244C84B0002120003AF061F8002868
:10F350001CD1214B1A68002A16D0EFF3108172B627
:10F3600010680028FCD0BFF35F8F01241B48596050
:10F3700002781B68D2B20470BFF35F8F0020186060
:10F3800081F31088002A0AD004B010BD01200021AA
:10F39000404200F0FFFB200039F0D2FFF4E7FBF71A
:10F3A00025FD0400FBF734FFFA2200239200121817
:10F3B0004B41002B09DB01210291002101910849F9
:10F3C00020000091FBF716FDDEE70122054B5242BB
:10F3D000F1E7C04600580320204D032007590320C1
:10F3E0005DF10010FFFFFF7F054B10B51868002886
:10F3F00004D0044B0022196801F044F810BDC04647
:10F40000AC3D0320B03D0320D02310B51B0684B0D3
:10F410001C68FBF7EBFCFBF7A9FDA04202D0002023
:10F4200004B010BD264B1B7801F066FC2548FBF7A5
:10F43000E1FA0120FBF7B2FAFF23234C23492070A5
:10F440001840FBF749F820780121FBF701F8052067
:10F45000FBF724F8002822D1FBF7C8FC0400FBF7D7
:10F46000D7FEFA220023920012184B41002B22DB18
:10F470000121029100210191154920000091FBF723
:10F48000B9FC0822040000211248FFF703FB002CFE
:10F49000C5DB11480121FFF74BFD0120C0E7002229
:10F4A0000E490520FBF742F8FAF712FE0100094861
:10F4B000FBF7CCFAEDE70122094B5242D8E7C046F0
:10F4C000583E0510005803200659032041F3001050
:10F4D0005DF10010204D0320702100204DF100103F
:10F4E000FFFFFF7F00487047189B041000487047DB
:10F4F000C49A041070B5040017480378002B21D07B
:10F50000002C06D1C1241548154BA400438004806B
:10F5100070BD052C1DD8134B1048A400E558811C64
:10F52000002304E001330A800231132B0ED0EA5C81
:10F53000DCB2002AF6D1C0230134E4B264009B009F
:10F540001C43E4E7112100F017F8D9E7CA24A4000E
:10F55000DDE70020DCE7C04680580320543E03204E
:10F56000090400002C9B041010B5024800F0D8F8E4
:10F5700010BDC046044E032030B54B1E012900D1FA
:10F58000A7E0664A11780D112C0030349F2900D96C
:10F59000A2E00470012B00D1BEE00F2114782140BD
:10F5A0000C003034092900DD98E04470022B00D1B2
:10F5B000B2E054782511290030319F2C00D990E019
:10F5C0008170032B00D1A7E00F2121400C003034C3
:10F5D000092900DD87E0C470042B00D19CE09478F9
:10F5E0002511290030319F2C00D97FE00171052BB6
:10F5F00000D191E00F2121400C003034092900DDB9
:10F6000076E04471062B00D186E0D47825112900DC
:10F6100030319F2C00D96EE08171072B00D17BE047
:10F620000F2121400C003034092966DCC471082BFD
:10F6300000D171E014792511290030319F2C5FD859
:10F640000172092B68D00F2121400C0030340929A8
:10F6500058DC44720A2B5FD05479251129003031CF
:10F660009F2C52D881720B2B56D00F2121400C00B9
:10F67000303409294BDCC4720C2B4DD09479251100
:10F68000290030319F2C00D9073101730D2B43D055
:10F690000F2121400C003034092901DD37310C00E5
:10F6A00044730E2B38D0D1790C11220030329F29AF
:10F6B00000D9073282730F2B2ED00F220A4011007F
:10F6C0003731092A01DC30321100C173102B23D0ED
:10F6D00010300023037030BD07345AE737310C0077
:10F6E00063E707316CE737310C0074E707317DE7DA
:10F6F00037310C0085E707318EE737310C0095E78D
:10F7000007319DE737310C00A3E70731AAE737310E
:10F710000C00C4720C2BB1D1C018DAE7044E0320E0
:10F7200030B5002589B004000922002101A8009508
:10F73000FFF7B0F90922002105A80495FFF7AAF9FF
:10F740004B236A466846137004A90D2239F0E8FD80
:10F750001521082220006944FFF7A2F909B030BD45
:10F7600010B501210520FAF773FE10BD10B5002277
:10F770000021024800F05AF910BDC046D03E0320D7
:10F780008022024B5202DA647047C04600201150BA
:10F79000F0B5C64600B5060000F022F90C231B4D5B
:10F7A000FF22AB6705201A49FAF7C0FE40239846AE
:10F7B000184C402200212000FFF76CF94346012736
:10F7C000238321210023144A6770A26013606354CD
:10F7D0005F31618441462187053963540F4A1049DE
:10F7E0006360E260A1620B606362E26239F0C8FDAF
:10F7F00080239B052F64EB6490230A4A3000EA5073
:10F80000FFF7BEFF80BCB846F0BDC04600001150F7
:10F81000D1060020B03E032084001050000110509B
:10F820008000105010D001000B785B0602D14B789D
:10F83000052B00D070478A78014B1A60FAE7C04662
:10F8400000001150F0B5C64600B54B790C791B028B
:10F8500088782343CC787F21A4070140C509A20FF3
:10F860004F001400324E7A195201B21890700120E4
:10F870006840507000205B055B0DD0701383D47618
:10F880008046CA00012D33D02A488446880162444C
:10F890008446B4446046826040461060002933D0FC
:10F8A000254AC90090466246414451603F223F3399
:10F8B0009343022C00D15B0020487A190168520161
:10F8C000B218D1601E4ACB180360514053408022C9
:10F8D00088465201934228D84346A4061C438023FD
:10F8E0007F197F011B06F6191C4373681C6011E029
:10F8F00014488446880162448446B4446046826267
:10F9000040461060002909D100236D01761973600B
:10F910000D4BF360012080BCB846F0BD084AC90019
:10F920009046624641445162C0E7FCF777FBD3E75B
:10F93000B03E03208400105004001050FC4C032003
:10F9400000001050800010500001105010B539F028
:10F9500017FD10BD10B57F200C0020404000E409C9
:10F96000110000191A00034B4001C01800F05EF8A6
:10F97000012010BDB03E03207F22130010B50B40C4
:10F980000A420BD0C909802258004018064940019C
:10F9900040181201002139F09BFD10BD02220348DE
:10F9A000C909521A8266EEE7B03E032000201150CA
:10F9B0007F22100010B508400A4200D110BD00237C
:10F9C000C9094000401804494001081800220349B1
:10F9D000C37039F07DFDF1E7B03E0320FFF7FFFF74
:10F9E00080220D4B520410B51A600C4B0C491A6062
:10F9F00010008B689843FBD10A4C9C220021200008
:10FA0000FFF748F88022002152010748FFF742F82B
:10FA10000923636710BDC04600E0004000F00040CD
:10FA200000C00040000011500000105070B5837EEF
:10FA300004000D001600002B17D10023E3820133D0
:10FA40002000A682A376256139F02AFD002804D083
:10FA500080219023084A8902D150200039F058FCB7
:10FA6000002805D00123237770BD39F021FDE4E79C
:10FA7000200039F0FDFCF7E700201150024B5878C8
:10FA8000431E9841C0B270474C3B0320024B18788C
:10FA90004007C00F7047C0464C3B0320034B18780B
:10FAA000FF38431E9841C0B27047C046AC210020C9
:10FAB000F8B5CE46474680B52C4E05003378012078
:10FAC000FF2B03D0C0BCB946B046F8BD532200217D
:10FAD0002748FEF7DFFF274C2000FAF78BFF264B65
:10FAE0001C60264C20001430FAF7A0FF200001F023
:10FAF000D1FB234B234F1C60234B9846002B04D093
:10FB00003800FFF7F9FA214B1860424600243B7891
:10FB1000002A23D01E4A90461C4A9146A34212D87E
:10FB20000FD14346984701343B78E4B2A342F5D263
:10FB300028003570FFF72CFE2800FFF711FE01208A
:10FB4000C0E70020BEE74A461268630094461B19CE
:10FB5000DB006344002BF4D01B68E3E700F0EEFE0B
:10FB60003B780020002BADD1E2E7C046AC2100205D
:10FB70004C3B0320043B0320A03B032090210020AA
:10FB8000A43B0320FF580320F9F000102438032081
:10FB90003D090110F0B5DE4657464E464546E0B5F4
:10FBA0008BB001F0AFF8002800D10FE1C74BC84D72
:10FBB0009946C84B07AC9B462E687269EFF31081DB
:10FBC00072B61368002BFCD0BFF35F8FB1613000B9
:10FBD000210001F0A1F97269B369BFF35F8F0021C1
:10FBE000116083F31088002800D1EFE06378082BC0
:10FBF000E2D84A469B00D3589F466368002BDBD06F
:10FC0000A0689847D8E77F222179B24E0A40500079
:10FC1000CB093618F618300001273030C378BB43C3
:10FC2000C370C3780337BB43C370002A00D1F2E02E
:10FC3000A94AF37C002A06D0A84A1278934200D23F
:10FC400060E19B1ADBB2002B00D0BFE0A44E6279CA
:10FC50002078A368B047AFE75B4601221B780121FB
:10FC600013435A46137033235846D25C5E468A4388
:10FC7000C254C25C04208243F2540133F25C8A43D2
:10FC8000F254F25C8243F254237800209A4600F04A
:10FC900005FD602223791A40602A0DD0402A00D148
:10FCA000BFE0DB06DB0E012B00D136E1022B00D1D9
:10FCB000D4E0002B00D1C3E020780021FFF75CFEE8
:10FCC00080212078FFF758FE76E7824E3378DB07F5
:10FCD00000D471E7834B002B00D16DE700E000BF3B
:10FCE0006AE77C4E3378DB0700D465E77E4B002B58
:10FCF00000D161E730780007C00F00E000BF5BE78C
:10FD0000764B754A9846002627781B78002A00D142
:10FD100079E0764A92469E425FD319D1744B3800FF
:10FD20009847434601361B78F6B2B342F3D2694E88
:10FD3000532200213000FEF7ADFE1022FF21F01CFF
:10FD4000FEF7A8FE30002022FF211330FEF7A2FEAE
:10FD500000F09AFC674B002B00D12DE700E000BFBC
:10FD60002AE75E4B5C4A9846002627781B78002AD3
:10FD70001FD05E4A92469E423AD321D15C4B380056
:10FD80009847434601361B78F6B2B342F3D2514E40
:10FD9000532200213000FEF77DFE1022FF21F01CCF
:10FDA000FEF778FE30002022FF211330FEF772FEAE
:10FDB00007E0380000F000FE43461B78002BE6D039
:10FDC000444E00F061FC2379B370F5E60BB0F0BC53
:10FDD000BB46B246A946A046F0BD52461268730023
:10FDE00094469B19DB006344002BB1D05B6896E717
:10FDF00052461268730094469B19DB006344002B43
:10FE0000DED05B68BBE7380000F0D6FD43461B78C8
:10FE1000002B9DD18BE762792078A36800F052FC1B
:10FE2000CAE63548002800D146E700F037FC01213A
:10FE3000504608AA00E000BF002800D0BCE63BE71F
:10FE4000202A00D19EE0002A00D035E76379092BF3
:10FE500000D931E7294A9B00D3589F467023217A65
:10FE60000B4200D028E758460F330B405B00CE0909
:10FE7000C018194F8019C07C002F06D0174F3F784B
:10FE8000B84200D2A0E0C01BC0B2002800D096E06B
:10FE9000002A00D047E11A4F02206279904682433F
:10FEA000012A00D142E14246002A00D004E75B4427
:10FEB0009E193036F37806AA9B07DB0F02321380B7
:10FEC0005046022308A900F081FB75E6A89B0410A8
:10FED000A43B03204C3B0320F9F00010FF58032003
:10FEE000B10B0110000000000000000024380320C6
:10FEF000B90901100000000000000000CC9B0410B4
:10FF0000349C04105A00D318B14ADB001268D3188D
:10FF1000002B00D15AE71E6999E6237A0F2B00D9EE
:10FF2000CAE6AC4A5B44DB78002A05D0AA4A1278BC
:10FF300093425ED39B1ADBB2002B00D0BCE6A748ED
:10FF4000A74E00F0ABFB01215046F36808AA984782
:10FF5000002800D030E66022160023791E401A42A5
:10FF600000D0A9E663790A3B012B00D9A4E600F092
:10FF700095FB63790A2B00D120E1504608A900F0D7
:10FF80000DFB19E6237A0F2B00D995E6914A5B44C5
:10FF9000DB78002A06D0904A1278934200D2E6E03D
:10FFA0009B1ADBB2002B00D086E68C488C4E00F00A
:10FFB00075FB01215046F36808AA98473CE70027E3
:10FFC000002A00D168E777E647003818804FC00064
:10FFD0003F683F18002A00D15EE7002F00D16BE692
:10FFE000F86800F05BFB01215046FB6808AA9847BF
:10FFF00022E7774A5E00F3181668DB00F618002E39
:020000041001E9
:1000000000D159E6F0689CE7A279019273789A4290
:1000100007D07378002B00D046E1019B002B00D065
:10002000EAE05B46019A504608A95A7000F0B6FA19
:10003000C2E5737806AA023213705046012308A95C
:1000400000F0C4FAB8E5E088030AC0B20F2B00D96B
:1000500032E664499A008A58974608A800F024FBC3
:100060005046A179FFF782FB0222337813433370A5
:10007000A2E5E388012B00D01EE6082233789343E3
:100080005A46137079E70220317806AB9A1C8B062A
:100090008908DB0F01400B4311E7E388012B00D0F7
:1000A0000AE6082233781343EAE74F4B002B00D1CE
:1000B00002E600E000BF021E00D1FDE5D378917892
:1000C0001B020B43504608A900F080FAB4E6474BE8
:1000D000002B00D1F0E500E000BF021E00D1EBE5EF
:1000E0005046137808A900F071FAA5E62189FFF7B8
:1000F00001FA021EF4D1DFE5022B00D112E13C4BE4
:10010000002B00D1D8E500E000BF0200002A00D19A
:10011000D2E5D3E7FFF7E6F91223020008A950461B
:1001200000F054FA88E62D482D4F5AE7E288002A5D
:1001300008D142465B449E193036F378012A21D01B
:100140009B072ED5002F00D136E5F86800F0A6FAFF
:10015000FB6808AA012150469847002000F09EFA4B
:1001600034235A46D35CDB0700D525E505E7184A5A
:100170005E00F3181668DB00F618002E00D19BE530
:10018000F06814E79B07DDD51A4B1878FFF710FCD1
:100190000222F37893434246F370F3789343F3706B
:1001A000D0E7144B1878FFF7E7FB0222F3781343EC
:1001B0000122F370F3781343F370C3E706AB9A1C84
:1001C0005046012308A9167000F000FAF4E4C04676
:1001D00024380320F9F00010FF580320CD0A011045
:1001E000349C0410F49B0410000000000000000088
:1001F00000000000AC210020581EC0B2FFF776F9C5
:10020000002800D158E543780593022B00D053E530
:100210000121C2790700931152110B400A401201CB
:100220005B0113435A4612782F318A4313435A46CF
:100230001370C37882781B021343C31809370393E2
:10024000039BBB4200D8ACE001227B7800920B2BD1
:1002500003D1FB7800933B78FF187B78042B00D008
:100260002AE50026039B584ADB1B9BB20293574B9F
:1002700004931B78B24263D0B846B34256D800D03C
:100280001AE5534B534F41465046029A9847082867
:1002900003D9029A824200D38AE0049B01361B787C
:1002A000F6B2B342E9D207E55046FFF74FFBB37809
:1002B000454A0093454B002698461B78002A0DD0EE
:1002C000454FB34225D820D1444B5046984743462A
:1002D00001361B78F6B2B342F3D206E0504600F086
:1002E0006BFB43461B78002B0FD15322002158464D
:1002F000FEF7D0FB5B461022FF21D81CFEF7CAFB9D
:100300002022FF213648FEF7C5FB5B46009A9A7013
:1003100083E618233A68734394466344002BF4D071
:100320005B68D2E7FFF7E2F80200EFE62A4B1F68AE
:1003300018237343FF18002F00D1BDE4BB68A2E768
:10034000029B39001A005046984600F04BFB0828E3
:1003500000D8B1E44246824200D2ADE41D4B98463B
:10036000009B012B28D000220AE0BB78D318DBB217
:100370005B44D978FF2900D09EE40132DE70D2B20E
:10038000009B9A42F1D180463300020039001448A4
:1003900000F03CFD049B47441B78B34200D34FE779
:1003A0008AE4104B002B00D13BE600E000BF38E6AA
:1003B0003B0047469846D3E74246054B92689A422F
:1003C000D1D1059B0093CEE7F9F00010FF58032030
:1003D000E5090110349C041024380320B9090110E8
:1003E0005F3B032000000000F8B557464E46DE464E
:1003F00045460C00E0B516001F00002A3CD07023D3
:1004000098461E4B00259B461D4B9A461AE05B46BC
:100410001B78200099465346997800F0BBFC0028D1
:100420001CD021004846FFF70DFA002816D0A3780B
:10043000DA09012A19D00A9A013513702378E418D1
:10044000B54219DA6378052B08D1E3789B079B0F37
:10045000BB4203D14246A3781A42D8D00020F0BC58
:10046000BB46B246A946A046F8BD0B9A01351370AB
:100470002378E418B542E5DB0120F0E7AC21002049
:100480004C3B0320802310B51B0184B001930E4B1D
:1004900002901C6803916269EFF3108372B61168D1
:1004A0000029FCD0BFF35F8FA361200001A900F0F9
:1004B000F9FD6269A369BFF35F8F0021116083F3C7
:1004C000108804B010BDC046A43B0320702270B554
:1004D0008B780C001A4201D0002070BD064B200022
:1004E0001D78064B997800F055FC0028F4D02100C7
:1004F0002800FFF7A7F9F0E7AC2100204C3B0320D0
:10050000074B080019687F2310B50340C0095B0042
:1005100033301818034B181800F0F8FB10BDC04614
:10052000A03B03204C3B0320074B080019687F23A6
:1005300010B50340C0095B0033301818034B18187E
:1005400000F00CFC10BDC046A03B03204C3B032038
:100550007F2070B508400F4C4000CD092418641965
:100560003034E5780020ED0700D570BD0126E57830
:10057000094835430078E570FFF7ECF90028F4D11D
:100580000122E3789343E370E37803329343E3700B
:10059000EBE7C0464C3B0320AC21002070B50A4E6F
:1005A0000500300008220C00FEF77AFA00237F21B4
:1005B000F3602278B36091425B412800D9010022A8
:1005C0000023FFF7C5FF70BDF03A0320F8B5CE4613
:1005D000474691462A4E80B50822070030000D009C
:1005E0009846FEF75DFA4B46B3600023F381EC7941
:1005F000A97924020C43231C444500D943469AB2EE
:100600009046B381002C13D0002A1FD04B46002BFC
:1006100034D0131C402A1FD89BB2984633787F2BC6
:1006200020D80021174A43463800FFF791FF09E020
:100630007F222B7838009A42644100230022E10196
:10064000FFF786FFC0BCB946B046F8BD33787F2BB4
:1006500011D980210022E6E740239BB298463378E7
:100660007F2BDED9074C424649462000FEF718FA98
:1006700080212200D7E700210022D4E70020E1E713
:10068000F03A03200C3B032010B51422002102484D
:10069000FEF700FA10BDC046F03A0320014B186186
:1006A0007047C046F03A032010B5054C01000822FF
:1006B0002000FEF7F5F90023A360E36010BDC046FB
:1006C000F03A0320F8B53B4C1D0023780600DA0908
:1006D000C9098A4213D00020002D00D0F8BD364B46
:1006E000002B03D021003000FFF79EF82369002B78
:1006F00044D022000321300098470120EEE77F2BF1
:1007000006D8A068002837D02A002C49FEF7C8F97F
:10071000A368E28959195219E38892B2E281A16073
:10072000934214D03F2D12D9A589A81A071C80B274
:1007300040282FD82378BFB27F2B2DD80021AA4282
:1007400035D01E4A3B003000FFF702FFC6E72369A1
:10075000002B05D0220002213000984700280FD03E
:100760007F220021237830009A4249410023002251
:10077000C901FFF7EDFEB1E70020AFE70120ADE7CB
:1007800000213000FFF7F8F830008021FFF7F4F87F
:100790000120A3E74027CDE7AA4207D0074C3A0043
:1007A0002000FEF77DF980212200CBE78021002286
:1007B000C8E7C046F03A032029F800100C3B03209C
:1007C00010B50400FFF75AF9002801D1002010BD30
:1007D000FFF75CF90028F9D1B220800044430348B8
:1007E0000019037901201840F1E7C046283803209A
:1007F000B2239B00584310B5024B1030C01800F0D4
:1008000057FB10BD28380320F0B5B225AD00454395
:100810002C00C646174F1034E41900B5200092B2E0
:1008200000F0CAFB0600200000F060FB3F2803D860
:10083000300080BCB846F0BD7B190020D9789846BE
:10084000FFF75EFE0028F3D0200000F04FFB3F28AA
:100850000AD992239B00EA184346D219D97800207E
:100860004023FFF775FEE3E743460020D978FFF702
:100870005BFEDDE728380320F8B50400FFF7FEF83B
:10088000002801D10020F8BDFFF700F90028F9D1B8
:10089000B220800044432500144E2435AD192800B1
:1008A00000F006FB0028EDD037190020B978FFF7DB
:1008B00027FE0028E6D0A2239B009C466444A4198E
:1008C00021002800402200F077FBB978051E08D0EF
:1008D000030022000020FFF73BFE0028D2D02800B2
:1008E000D1E70020FFF720FECCE7C04628380320E0
:1008F00070B5B224A4004443094B2434E418050025
:1009000092B2200000F012FC0600200000F0D0FAA5
:100910003F2801D8300070BD2800FFF7ADFFF9E790
:1009200028380320B2239B00584310B5024B2430D3
:10093000C01800F0DBFA10BD28380320B222F0B551
:100940001B4C83B0002120009200FEF7A3F8FF2388
:100950006371184B80260025E380012708232100BE
:100960002000760023733200278138310095073B41
:10097000103000F065FA2100200039313200FF31DB
:1009800001230097243000F05BFA8E239B00E618C9
:100990003000FAF72FF890239B002662E61830000B
:1009A000E561FAF727F82663656303B0F0BDC0463A
:1009B0002838032000C2FFFF10B5094C0522002192
:1009C0002000FEF767F820002434103000F062FCAD
:1009D000200000F05FFC0121200000F07BFC10BD36
:1009E00028380320F0B54B79060083B0022B02D1E2
:1009F0008B79022B03D00025280003B0F0BD304FC7
:100A0000BB78002BF7D18B7809253B700C780C193B
:100A10006378242B0BD1082A02D80FE0AA420DD309
:100A20002378E418ED186378ADB2242BF6D0052BAB
:100A300021D0042B02D163790A2B2FD0214C200026
:100A400000F054FA3F28D7D92600103E0020F17854
:100A5000FFF756FD0028CFD0200000F047FA3F28CE
:100A600017D98E239B00E218F93BF178FF3B002059
:100A7000FFF76EFDC0E721003000FFF727FD0028DB
:100A8000B9D0A3787B702378ED18E4186378ADB201
:100A9000CFE7F1780020FFF747FDADE70A4B277855
:100AA000019301330093022202233000E119FFF782
:100AB0009BFC00289FD00E35ED19ADB2BEE7C046B5
:100AC00028380320383803202A380320F8B560235B
:100AD00014001278050013400020202B12D12F4A59
:100AE0006379277916781B023B439E420AD16378CB
:100AF000222B27D007D8202B17D0212B02D1012958
:100B00003DD00120F8BD232BFCD101293FD0032982
:100B1000F7D1234B002BF4D0E178A3780902002011
:100B2000194300E000BF0120ECE7012927D0032989
:100B3000E7D11C4B002BE4D00020911DFEF7E2FA18
:100B40000120DFE7012922D00329DAD101252E0077
:100B5000A378E478023924021C431471264024321D
:100B60001000714000F0B6FB0F4B002BC9D062089B
:100B7000002031002A4000E000BF0120C2E7072327
:100B800021002800094AFFF721FD0120BAE72100D2
:100B90002800FFF703FD0120B4E7C04628380320F2
:100BA0000000000005F10010000000002E380320B6
:100BB000F8B557464E464546DE46E0B5494F8046B5
:100BC000FA780C001E008A4264D19AB292239B00EC
:100BD000FD1810239B46BB442900584600F0A6FA96
:100BE000414BD946002B18D07B79D946FF2B14D026
:100BF000002E12D0AA19924603E0013555450CD0BB
:100C00007B792A789A42F8D1484600F067F90028A3
:100C1000F3D1797900E000BFEFE7344B002B04D02B
:100C2000484600F05BF9002852D0484600F05EF9D3
:100C30003F2834D84A46103A9378A34207D001247B
:100C40002000F0BCBB46B246A946A046F8BD284BE2
:100C5000002B02D0002000E000BF0020FFF70CFEB8
:100C60000028ECD1234D280000F022F90028E6D11D
:100C7000002EE4D0B306E2D1243D4046A978FFF728
:100C80003FFC041EDBD0002300224046A978FFF77A
:100C90005FFCD5E7BB788B42D9D00024D0E74D4626
:100CA000103D0020E978FFF72BFC002801D1AB783C
:100CB000C3E7484600F01AF93F280CD98E2292006B
:100CC00040230020E9784A44FFF742FCAB78B4E7C0
:100CD000FEF78AFBA9E70020E978FFF725FCAB784F
:100CE000ABE7C0462838032000000000E9F30010FD
:100CF000000000004C38032010B50020FEF7D8FE9D
:100D000010BDC04610B5FEF7C9FE10BD037870B522
:100D1000DB0704000E00DD0F002B17D103785B0703
:100D200001D5280070BD01213000494238F080FB18
:100D30002378DB07DD0F002B0AD123785B0708D46B
:100D40000422237801251343237002E00025E8E7FD
:100D50000025300038F0F4FAE3E7C04670B50D0026
:100D6000012104004942280038F062FB23785B0728
:100D7000DE0F002B04DB280038F0E2FA300070BDF3
:100D80002378DB0704D40422237893432370F2E70B
:100D90000026F0E710B5437904791B0223435B0575
:100DA0005A0DC3789B079B0F022B05D0032B15D040
:100DB0000020012B08D010BD02291CD000204023A8
:100DC00093424041C0B2F6E702394B4259410D4BC4
:100DD0009C46614491424041C0B2ECE702394B422B
:100DE0005941F023002049429B0019404031914273
:100DF0004041C0B2DFE7044BD3185A425341D8B246
:100E0000D9E7C046FF03000000FEFFFF8A1870B557
:100E1000914207D27F264C78052C04D00C78091912
:100E20008A42F8D870BD34008D782C4064000419D3
:100E3000ED0963550C7809198A42ECD8F2E7C046EF
:100E4000F0B5C64600B5040006A80578802088469F
:100E500017001E000002824227D8E068002803D055
:100E60000121494238F0E4FA2069002803D0012129
:100E7000494238F0DDFA4346236073045B0CED030E
:100E80001D430023E0686381A780E580238100285B
:100E900001D038F055FA20690124002801D038F03B
:100EA0004FFA200080BCB846F0BD0024F9E7C046E8
:100EB00010B5048941898288A3B288B28C4207D3D5
:100EC0001B1A9BB2101C9A4200D9181C80B210BD8C
:100ED0005100091A5B189BB2F4E7C0460300008971
:100EE0005B89C01A43425841C0B2704710B50489AB
:100EF00041898288A3B288B28C4207D31B1A9BB265
:100F000000209A4201D9D31A98B210BD5100091A93
:100F10005B189BB2F4E7C04670B5040000690E0090
:100F2000002803D00121494238F082FA25896089DE
:100F3000A288A9B283B285422CD3CD1AADB2002DBE
:100F40002ED0AA4208D2914231D38B1A9BB2638130
:100F50009A4203D89B1A9BB29A42FBD9E288216835
:100F60005204520C53433000C918FDF799FD6189B2
:100F700001254B1C9BB2A288994214D90023520030
:100F80009B1A9BB220696381002801D038F0D8F900
:100F9000280070BD5500ED1A4D19ADB2002DD0D10D
:100FA000002563899BB252009342EBDBE8E7891886
:100FB0008BB26381CCE7C046F0B546464F46D64675
:100FC000C0B50600006989469046002803D001217B
:100FD000494238F02DFA31897289B5888BB294B2C2
:100FE000914257D31F1BBFB2002F4DD0BD4205D237
:100FF000AB4254D25B199CB22F0074814346B84572
:1010000040D89FB2A54203D8641BA4B2A542FBD925
:10101000F288281B5204530C190098463368614328
:101020009C4680B26144874226D94346584383B2E6
:101030001A0048469A46FDF733FD434648467D1B55
:1010400064195C4331685044A2B2FDF729FD7189EF
:10105000B588CB199BB26A00994217D99B1A9BB2EB
:1010600030697381002801D038F06AF93800E0BC9B
:10107000BA46B146A846F0BD424648467A43FDF717
:101080000FFDE4E73B1CBCE773899BB26A00934207
:10109000E6DBE3E76F003F1BDF19BFB2A4E75B1B92
:1010A0009CB2A9E7F8B50400C0680E00002803D080
:1010B0000121494238F0BCF9258920896189A2883B
:1010C000ADB283B28FB2884228D3DB1B9BB29A4267
:1010D00009D8E779FF0906D1E068002801D038F087
:1010E0002FF93800F8BD2B00954203D39B1A9BB211
:1010F0009342FBD2E28821685204520C5343C81831
:101100003100FDF7CDFCA2886B1C9BB252009D42C2
:1011100009D99B1A9BB201272381DDE75100C91B26
:101120005B189BB2D3E79342F5DBF2E7F0B54E468E
:101130004546DE465746E0B589460500140083B0B3
:10114000002A6ED0C068002803D00121494238F03F
:101150006FF92F89EA796B89BFB29BB2D20942D16C
:10116000AE889F4267D27200D31AFB189BB200224E
:1011700090469E4231D9F31A1A1C9BB2A34200D961
:10118000221C93B29846E8884346FB189BB29B46C4
:101190003C00B74203D3A41BA4B2B442FBD2400428
:1011A000430C18009A462B6860439C46311B89B259
:1011B000604441454ED35246434649465A43FDF7A3
:1011C0006FFCAB885B00BB4501D39B4503DB5A46F4
:1011D000D31A9BB29B465B462B81E868002822D03D
:1011E00038F0AEF81FE0AA889046944226D29F427B
:1011F00044D34146FA1A92B2490012198A4209DBD5
:1012000042469A1892B2171BBFB29346BB423AD9D4
:101210007F1ABFB2E3199BB246469B46A046E888B8
:10122000B6E700239846404603B0F0BCBB46B24642
:10123000A946A046F0BDFB1A9BB298E7E888A21A1F
:101240004404640C54434246A144002AC5D0464697
:101250001F0099E75346594389B20A000191494654
:10126000FDF71EFC43469A1B5346A2185A430199A8
:10127000286892B24944FDF713FCA2E75100CA1A4C
:10128000BA1892B2B9E7B942C2DD4646E888A0462C
:101290007EE7C04610B50400C068002803D00121D5
:1012A000494238F0C5F82069002803D0012149429D
:1012B00038F0BEF80023E06863812381002801D064
:1012C00038F03EF82069002801D038F039F80120C4
:1012D00010BDC04670B50400C0680D00002803D0E2
:1012E0000121494238F0A4F82069002803D00121E7
:1012F000494238F09DF87F21E379ED011940E0681B
:101300002943E171002801D038F01AF8206900283B
:1013100001D038F015F8012070BDC04603BDC046AD
:1013200010B50400F9F728FBA04710BDF0B5040084
:1013300087B00F200E001700F9F79CF80021050078
:101340000F20F9F785F80023002200920193012372
:101350000293D02304960594002600240121022044
:1013600003971B06002C14D01A6D1042FCD05C654C
:1013700040BF1A6D114203D120BF1A6D1142FBD03C
:101380009A6DA2420AD000266C46B200A458E9E742
:101390009A6D1A6D1142FBD140BFE5E70136052E6B
:1013A000F2D929000F20F9F753F807B0F0BDC04675
:1013B0000B4B0C4A10B5934201D201235B4219003A
:1013C000094A985004329B50084A094B0948CA50B0
:1013D000094B9A68044B9C466144FFF7A7FF10BD78
:1013E0000008042000000420F4070000211301106D
:1013F000FC0700001D13011000ED00E0012302684E
:1014000010B51A4205D14278002A04D14370012058
:1014100010BD0020FCE7042027F0C0FF040000F00E
:1014200029F82000014A024928F002FE3D1401106B
:101430004C9C0410012303607047C04610B50400A3
:10144000034B0833036028F005FA200010BDC046A6
:101450007C9C041010B50400054B0833036028F091
:10146000F9F920000421FDF731FB200010BDC04632
:101470007C9C0410014B0833036070477C9C041073
:1014800010B50400034B0833036027F06DFE200005
:1014900010BDC046C49C041010B50400054B0833B1
:1014A000036027F061FE20000C21FDF70FFB2000F8
:1014B00010BDC046C49C0410F0B583B01E00089B4C
:1014C00005000F00140093420AD0A868089A036828
:1014D00000921D6A220033003900A84703B0F0BD16
:1014E000310000F069F80028EFD00620F6E7C0468A
:1014F000F0B5C64600B50D0084B019000600904650
:101500001F0000F059F8041E18D10A9B0C9A934250
:1015100031D00D9AB0682900036803920C9A0292A8
:101520000B9A01920A9A0092DC6942463B00A0475E
:101530000400200004B080BCB846F0BD0D9B0A9AA0
:101540001A6042461A71002D0EDB0A9B00249C464D
:101550000C9B65445D1B6B425D4105236D421D4044
:101560000D9B01359D71E4E70024AB1CE1D1012303
:101570000D9A9371DDE730000B9900F01DF80028FB
:10158000C7D042460D9B5A71D3E7C046F8B5070055
:101590000C0015001E0027F023FE002806D1B868B5
:1015A0002A00036821009F693300B847F8BDC04690
:1015B0007047C0460020704710B5814211D0406886
:1015C00003782A2B0BD049680B782A3B5A425341A7
:1015D000C9182CF0D7FB43425841C0B210BD0020BF
:1015E000FCE70120FAE7C046F0B5DE4657464E4616
:1015F00045460122E0B5DF4F00243800DE4B83B0C2
:101600001A70DE4B7C6098461B681C309D68DC4B72
:10161000BC603B60FC603C617C61BC619B4601F04E
:10162000B7F8D84BD84E9A463B6001235B429946A7
:101630007B6243461B683D625D6830005B467460B8
:101640003360B460F46034617461B4611C3001F0E3
:101650009FF8534633604B46736243463562CB4D29
:101660005A4628001B682A60DB686C60AC60EC603E
:101670002C616C61AC611C30019301F089F8019B15
:1016800052462B624B466B62C14B2A60994618004A
:1016900012F0E6FD4B4678221C67043B9C52083250
:1016A0009C5004329C5004329C50DC67B94C390089
:1016B0002200143248461C605A6012F073FDB64F87
:1016C000380012F0CDFD3B0000227C21083B5A522D
:1016D00004315A5004315A5004315A5004315A508E
:1016E000AE4938001960143199603A6731005A6088
:1016F00012F058FDAA4E300012F0B2FD00227821FF
:10170000331F5A5208315A5004315A5004315A503A
:101710003267B26722001432290030001C60326048
:1017200012F040FD9F4E300012F09AFD0022782109
:10173000331F5A5208315A5004315A501C60043138
:1017400014345A50300029003267B267346012F006
:1017500029FD80229449954B92019967944B954FAE
:101760001869596702431A614346002438001B6810
:101770007C609D68904BBC603B60FC603C617C6120
:10178000BC611C309B4601F003F88C4B8C4E9A4692
:101790003B6001235B4299467B6243461B683D6286
:1017A0005D6830005B4674603360B460F46034613F
:1017B0007461B4611C3000F0EBFF534633604B465C
:1017C000736243461B683562DB687E4D984628008D
:1017D0005B466C602B60AC60EC602C616C61AC6152
:1017E0001C3000F0D5FF53462B6043462B624B461E
:1017F0006B62754B9846180012F032FD43467C220E
:101800001C675C67043B9C5404329C5004329C501F
:1018100004329C5004329C506C4C3900220014322B
:1018200040461C605A6012F005FD694F380012F006
:1018300017FD3B0000228021083B5A5404315A50C6
:1018400004315A5004315A5004315A506149380019
:101850001960143199603A6731007A675A6012F062
:10186000E9FC5D4E300012F0FBFC00227C21331FAE
:101870005A5404315A5004315A5004315A500431E8
:101880005A503267726722001432290030001C60FF
:10189000326012F0CFFC514E300012F0E1FC002219
:1018A0007C21331F5A5404315A5004315A500431A8
:1018B0005A501C60043114345A50300029003267E9
:1018C0007267346012F0B6FC80224549454B9201A4
:1018D0009967454B1869596702431A61434A13686F
:1018E0000133136003B0F0BCBB46B246A946A04624
:1018F000F0BD2D4B3E4A48465A6012F0EFFC27F0EF
:101900008BFD3C4B3C4A30005A6012F0E7FC27F05C
:1019100083FD354B384A30005A6012F0DFFC27F067
:101920007BFD304B344A38009A6012F0D7FC27F028
:1019300073FD2B4B304A40465A6012F0CFFC27F023
:101940006BFD2E4B2A4A30005A6012F0C7FC27F07C
:1019500063FD174B264A30005A6012F0BFFC27F097
:101960005BFD124B224A38009A6012F0B7FC27F058
:1019700053FDC04648310320AD2100204022002005
:101980006CCA0410CCBF0410F830032020310320AF
:101990003835032008C904109433032084C104108F
:1019A00020340320AC340320343503208C3303204F
:1019B0001C340320C0310320ACCA04100CC0041036
:1019C00070310320983103207837032038C9041080
:1019D000C8350320B4C1041058360320E83603206C
:1019E00074370320C03503205436032058330320B6
:1019F000D4C00410E4360320E4C00410A83403204B
:101A0000064A10B513680400591C1160002B01D060
:101A1000200010BDFFF7E8FDFAE7C0465833032069
:101A20007047C04610B50400FDF748F8200010BD0F
:101A3000044A0B6812680360934202D01A680132AC
:101A40001A607047D83203200160704710B5064C09
:101A50002068002800D010BD20000022034928F093
:101A60005FFF2068F7E7C046E0320320089D0410BE
:101A700000487047089D0410416870B505000029B2
:101A800016D08368002B10D00024354EA200505889
:101A9000002805D043685A1E4260012B36D0AB683F
:101AA0000134A342F2D8002902D00800FDF70AF859
:101AB000E968002916D0AB68002B10D00024284E0E
:101AC000A2005058002805D043685A1E4260012BDE
:101AD00024D0AB680134A342F2D8002902D0080018
:101AE000FCF7F0FF2B690024002B0DD018590028BB
:101AF00002D0FCF7E7FF2B690434182CF6D1002B39
:101B000002D01800FCF7DEFF280070BD03685B6898
:101B1000B3420BD1FCF7D2FF6968C0E703685B688A
:101B2000B34206D1FCF7CAFFE968D2E79847696873
:101B3000B5E79847E968CCE727F00AFE27F042FEB0
:101B40006968ACE727F004FE27F03CFEE968C0E7CF
:101B50004B1C02D127F07CFDFAE727F05DFCC04664
:101B6000251A01100A4B70B51B68056804009D42D8
:101B700004D02B685A1E2A60012B01D0200070BDB2
:101B80002800FFF779FF2800FCF798FFF6E7C0462A
:101B9000D83203200E4A0B68126870B504000D009D
:101BA000934202D01968013119602668B24204D00C
:101BB0003268511E3160012A02D02000236070BDBE
:101BC0003000FFF759FF3000FCF778FF2B68F4E78F
:101BD000D8320320F0B54E46DE4657464546E0B5BE
:101BE00083B0161E009000D1E6E00C68002C04D1F2
:101BF000A84B1A68541C1C600C60009A671E9368FE
:101C0000013BBB425FD2E31C9A4653689B46A24B02
:101C10009A4500D8DCE001235B4299464846FCF730
:101C200049FF009B80469B689C46002B0AD0009B86
:101C3000596863469A0000234546C858E850043363
:101C40009342F9D1E24509D9534662469A1A63464E
:101C50009800002192004044FCF71CFF009D48467C
:101C6000EB680193FCF726FFAB6881469C46002B8E
:101C70000AD0009BD96863469A0000234D46C85895
:101C8000E85004339342F9D1D44509D25346624611
:101C90009A1A63469800002192004844FCF7FAFE25
:101CA0005346009A9360434653604B46D3605B466D
:101CB000002B02D05846FCF705FF019B002B02D0F9
:101CC0001800FCF7FFFE7368BF0001337360009BD0
:101CD0005B689C4667443B68B9469846002B45D0F4
:101CE0006E4A116800293AD06A480EE057683B688E
:101CF000002B03D10368013303603B609C4200D199
:101D000073E091680832002929D00B68002B03D1B9
:101D10000368013303600B609C42E7D151680B6894
:101D2000002B04D15B4A1368013313600B60013B45
:101D30009C0064442368002B11D030000DF08CFA15
:101D40004368804601334360206843685A1E4260FE
:101D5000012B6FD0434623604B461B689846434691
:101D600041465B685A1E4A60012B35D04B461E60C7
:101D7000009B9A68002A1FD0D968494B002400278D
:101D8000984605E01F60009B9A680134A24213D96F
:101D9000A6008B1918680028F7D04268551E4560C8
:101DA000012AEFD103685B6843450CD1FCF786FE3E
:101DB000009BD9688B19E5E703B0F0BCBB46B2467F
:101DC000A946A046F0BD9847009BD9688B19D9E772
:101DD00053469B00994621E70B68314A5B684046B1
:101DE000934225D1FCF76AFEC0E70B68002B04D1B3
:101DF000284A1368013313600B60013B9C00644464
:101E00002368002BABD0300004F0C8FC4368804648
:101E100001334360206843685A1E4260012B99D108
:101E200003681F4A5B6893420BD1FCF747FE91E7BA
:101E300098479BE703681A4A5B689342F5D0984736
:101E400088E7984786E727F083FC4046FCF73AFE90
:101E500028F008F927F07CFC27F0B4FC86E727F08F
:101E600077FC27F0AFFCAFE727F072FC27F0AAFC65
:101E700070E727F06DFC27F0A5FC6BE727F0A2FCCC
:101E800027F0CAFA4B1CFBD127F0E2FBFAE7F9E78F
:101E9000F8E7C046DC320320FEFFFF1F289D041038
:101EA000251A0110F8B53A4F06003B780D001400D2
:101EB000BFF35B8FDB073FD5364A1168002930D06E
:101EC000354F0EE050680368002B03D13B680133A7
:101ED0003B600360013B9C4237D091680832002987
:101EE0001FD00B68002B03D13B6801333B600B60B4
:101EF000013B9C42E6D152681368002B40D0F26847
:101F0000A40014192168013B00292ED0002D07D010
:101F10002B68224A5B682800934237D1FCF7CEFD3C
:101F2000F8BDF268A40014192368002BEED16B6889
:101F300001336B602560F3E73800FFF75FFA002894
:101F4000BAD03800FFF776FAB6E70A68002A04D15B
:101F5000114B1A6801321A600A602300541EF2689D
:101F6000A400141921680029D0D16968481C686050
:101F70002560581CD4D002319B0069609D50CFE78A
:101F800005490B6801330B601360B8E79847C7E752
:101F900050220320289D0410DC320320251A011052
:101FA00003000068002804D1034A1168481C10602F
:101FB000186001387047C046DC320320F0B5DE46B9
:101FC0004E46454657463023E0B50600FD4C83603B
:101FD00089B00160C02200212000FCF75BFD746025
:101FE000F94CC02200212000FCF754FDF460F74CAE
:101FF00014220021201DFCF74DFDF54D34612560B4
:10200000FFF736FD022201002800FCF749FDF14CE4
:10201000012300220021200005F08AFE220030006A
:10202000ED49FFF7D7FDED4C0121200028F028FDF8
:1020300022003000EA49FFF7CDFD0122E94BE949D2
:102040005A60E94BE7480B6000238B60CB600B7450
:102050004B618B61CB610B628B8400216433E34C59
:10206000C154E34BA060002120006260236001F0B6
:10207000B3F822003000DF49FFF7ACFD0123DE4A50
:1020800030005360DD4BDE491360FFF7A3FD0123F1
:10209000DC4A30005360DC4BDC491360FFF79AFDEB
:1020A0000123DB4C6360DB4B2360FFF7CFFCA060B8
:1020B00022003000D849FFF78DFDD84B01229A4607
:1020C00051465A60D64B50460B6000238B60CB6064
:1020D0000021038243618361C361036243628362BF
:1020E000C362036343634333CE4CC154CE4B81740C
:1020F0006260A060002200212000236000F0D4FB79
:1021000022003000C949FFF765FDC94B01229946FD
:1021100049465A60C74B48460B6000238B60CB6032
:102120000021038243618361C3610362436283626E
:10213000C362036343634333BF4CC154BF4B8174D9
:102140006260A060002200212000236000F05CFBA0
:1021500022003000BA49FFF73DFD0123B94A3000A3
:102160005360B94BB9491360FFF734FD0123B84AF6
:1021700030005360B74BB8491360FFF72BFD0123C4
:10218000B64D80226B60B64B29002B600023AB60FC
:10219000EB602B616B61AB61EB612B626B62AB62DD
:1021A000EB622B636B63AB63EB632B646B64AB64BD
:1021B000EB642B656B65AB65EB652B666B66AB669D
:1021C000EB662B676B67AB67AB500432AB500432E6
:1021D000AB500432AB500432AB500432AB5004323B
:1021E000AB500432AB500432AB500432AB5004322B
:1021F000AB500432AB500432AB500432AB5004321B
:10220000AB500432AB50974C0432AB500432AB5459
:102210002000EB67C33A12F0D7FD2200300092494C
:10222000FFF7D8FC0123914A30005360904B91494D
:102230001360FFF7CFFC01238F4A300053608F4BB0
:102240008F491360FFF7C6FC8E4C012120000AF075
:1022500095FD220030008C49FFF7BCFC8B4C01211E
:10226000200005F037FD220030008949FFF7B2FC5D
:10227000884C0121200028F01BFC220030008649F8
:10228000FFF7A8FC854B01229B4659465A60844BB8
:1022900058460B6000238B60CB600B744B618B61E5
:1022A000CB610B624B628B62922149007D4C43549F
:1022B0007D4BA060002120006260236001F012F8D5
:1022C000220030007949FFF785FC0123784A30006D
:1022D0005360784B78491360FFF77CFC0123774A01
:1022E00030005360764B77491360FFF773FC01238E
:1022F000754C6360754B2360FFF7A8FBA06022005C
:1023000030007349FFF766FC724B01229846414644
:102310005A60714B40460B6000238B60CB600B749E
:102320004B618B61CB610B624B628B62CB620B6347
:102330004B638B63CB636C21684C4354684B626086
:10234000A060002200212000236000F0B5FB2200E5
:1023500030006449FFF73EFC634F644B6C213B60E7
:1023600000230122624C7B54BB60FB603B747B61A9
:10237000BB61FB613B627B62BB62FB623B637B6375
:10238000BB63FB635B4B7A6062600021002220002C
:102390002360A76000F040FB220030005649FFF7A1
:1023A00019FC0123554A30005360554B55491360C1
:1023B000FFF710FC0123544A30005360534B54493B
:1023C0001360A7E018300320282F0320102F0320CC
:1023D000002803200C280320D0320320E82F0320FC
:1023E0003833032078230320349E041084220320F2
:1023F000CCAF041008330320D8300320A8C3041046
:1024000048330320E8300320E4C304105033032092
:1024100000300320B0AF0410F832032098260320C8
:10242000C89D04102823032024B00410E8320320A0
:10243000DC260320B89D041034230320F0AF0410E1
:10244000EC320320CC22032074B004101833032094
:10245000DC2203208CB00410203303200825032045
:1024600014C40410EC220320183203209C22032001
:10247000A4B0041010330320AC22032014C50410B0
:102480007433032064220320003303202C2A03200A
:10249000D4320320F42F03203C330320E023032015
:1024A000449E041090220320B0BC04100C3303207F
:1024B000E03003203CCD04104C330320F0300320E7
:1024C00078CD0410543303200C30032094BC041046
:1024D000FC32032020270320E89D04104023032022
:1024E00008BD0410F032032090270320D89D04106B
:1024F0004C230320D4BC0410F4320320D422032044
:1025000058BD04101C330320E422032070BD0410C6
:1025100024330320FFF75EFB01237D4C80226360A0
:102520007C4B210023600023A360E360236163618F
:10253000A361E36123626362A362E3622363636373
:10254000A363E36323646364A364E3642365636553
:10255000A365E36523666366A366E3662367636733
:10256000A367A3500432A3500432A3500432A350F3
:102570000432A3500432A3500432A3500432A350B7
:102580000432A3500432A3500432A3500432A350A7
:102590000432A3500432A3500432A3500432A35097
:1025A0000432A3500432A3545B48E367C33A1DF0DE
:1025B000BDF93000584A5949FFF70CFB0123584A2E
:1025C00030005360574B58491360FFF703FB01235A
:1025D000564A30005360564B56491360FFF7FAFADB
:1025E0000121554811F0EAFA3000534A5349FFF7E8
:1025F000F1FA0123524A30005360524B52491360A2
:10260000FFF7E8FA0123514A30005360504B51491B
:102610001360FFF7DFFA01234F4A300053604F4B3E
:102620004F491360FFF7D6FA01234E4A300053603A
:102630004D4B4E491360FFF7CDFA4D4B30000293DE
:10264000534603934B4604935B460593434602A9C6
:102650000693079701F06CFDF36846480193FFF776
:102660009FFC019B424A8000C250F368424801939C
:10267000FFF796FC5246019B8000C250F3683F482A
:102680009A46FFF78DFC4A4653468000C250F368D5
:102690003B489946FFF784FC4B468000C5503948BB
:1026A000F568FFF77DFC5B46800043513648F568CE
:1026B000FFF776FC4346800043513448F568FFF746
:1026C0006FFC800047511548F568FFF769FC8000F2
:1026D0004451300009B0F0BCBB46B246A946A04602
:1026E000F0BD05000E00731C0FD1280026F0B0FFCE
:1026F000050020000E00FFF793F9F4E7F8E7F7E78D
:10270000F6E7F5E7F4E7F3E7F2E726F085FEC046E3
:10271000D0250320A8CD0410002303201C32032061
:10272000A422032088BD041014330320B422032004
:10273000A8CE04107833032074220320043303202E
:10274000BC2203208CA1041034330320C4220320B4
:1027500034A104102C3303205823032060A104105B
:10276000303303206023032008A104102833032002
:102770007823032008330320E8320320EC320320BF
:10278000183203200C330320F0320320F4320320EC
:10279000F8B50023174E036033680400002B1AD0ED
:1027A000154D2A6822609A420AD0144E3378BFF33E
:1027B0005B8FDB0706D52B681A68236001321A602D
:1027C0002000F8BD3000FEF719FE0028F3D03000DD
:1027D000FEF730FEEFE70A4F02213800FFF7EEFB6D
:1027E000054D3900074837602F60FFF72DF9336832
:1027F000D7E7C046D8320320E43203204C2203201E
:10280000142303200C2F032070B5040080680028D7
:1028100028D02E234374A268023B93740023A0683F
:102820001D4A1E4DC360836103628362C36282607E
:102830004261C2614262290004223030FCF730F963
:10284000A068042229003430FCF72AF90022144B36
:102850001868A368815C9B183833013219700B2A01
:10286000F7D170BD4430FCF721F90E4B0022036014
:10287000002343608360C360038243618361C3615B
:10288000036243628362C3620363436343338274BC
:10289000A060C254BDE7C0464495041034D704106C
:1028A000BC210020B89D041070B504008068002889
:1028B00028D02E234374A268023B93740023A0689F
:1028C0001D4A1E4DC360836103628362C3628260DE
:1028D0004261C2614262290004223030FCF7E0F814
:1028E000A068042229003430FCF7DAF80022144BE7
:1028F0001868A368815C9B183833013219700B2A61
:10290000F7D170BD4430FCF7D1F80E4B00220360C4
:10291000002343608360C360038243618361C361BA
:10292000036243628362C36203634363433382741B
:10293000A060C254BDE7C0464495041034D70410CB
:10294000BC210020C89D0410094B10B50400036091
:102950008068002802D003685B6898472000FFF772
:102960005FF8200010BD2000FFF75AF826F054FD54
:10297000F0AF04100D4B10B5040003608068002810
:1029800002D003685B6898472000FFF749F82000F1
:10299000FCF794F8200010BD2000FFF741F820005C
:1029A000FCF78CF826F038FDF9E7C046F0AF0410CC
:1029B000094B10B5040003608068002802D003684A
:1029C0005B6898472000FFF72BF8200010BD20001F
:1029D000FFF726F826F020FD24B004100D4B10B5AB
:1029E000040003608068002802D003685B68984791
:1029F0002000FFF715F82000FCF760F8200010BD5C
:102A00002000FFF70DF82000FCF758F826F004FD31
:102A1000F9E7C04624B0041070B5040080680028AF
:102A200027D02E224261023A82611E4A1E498260EC
:102A300000221E4DC260C161026241628262C162B7
:102A400002634263290004323830FCF729F8A06899
:102A5000042229003C30FCF723F8A068144B1A68C4
:102A600003006C3040331178013202C38342FAD143
:102A700070BD7030FCF71AF80E49002201606C211D
:102A800042608260C260027442618261C26102621D
:102A900042628262C262026342638263C263A06076
:102AA0004254BEE7449504106C01051034D704105D
:102AB000BC210020D89D041070B504008068002857
:102AC00027D02E224261023A82611E4A1E4982604C
:102AD00000221E4DC260C161026241628262C16217
:102AE00002634263290004323830FBF7D9FFA06843
:102AF000042229003C30FBF7D3FFA068144B1A686E
:102B000003006C3040331178013202C38342FAD1A2
:102B100070BD7030FBF7CAFF0E49002201606C21C6
:102B200042608260C260027442618261C26102627C
:102B300042628262C262026342638263C263A060D5
:102B40004254BEE7449504106C01051034D70410BC
:102B5000BC210020E89D0410094B10B5040003605F
:102B60008068002802D003685B6898472000FEF761
:102B700057FF200010BD2000FEF752FF26F04CFC4E
:102B8000D4BC04100D4B10B504000360806800280D
:102B900002D003685B6898472000FEF741FF2000E1
:102BA000FBF78CFF200010BD2000FEF739FF20004E
:102BB000FBF784FF26F030FCF9E7C046D4BC0410D4
:102BC000094B10B5040003608068002802D0036838
:102BD0005B6898472000FEF723FF200010BD20000F
:102BE000FEF71EFF26F018FC08BD04100D4B10B5B3
:102BF000040003608068002802D003685B6898477F
:102C00002000FEF70DFF2000FBF758FF200010BD4D
:102C10002000FEF705FF2000FBF750FF26F0FCFB2D
:102C2000F9E7C04608BD0410104B10B503604323FC
:102C3000C35C0400002B13D08068002801D0FBF790
:102C400041FF6069002801D0FBF73CFFE0690028E4
:102C500001D0FBF737FF606A002801D0FBF732FF95
:102C60002000FEF7DDFE200010BDC046B89D041018
:102C700010B50400FFF7D8FF2000FBF71FFF20006E
:102C800010BD2000FBF71AFF26F0C6FB104B10B555
:102C900003604323C35C0400002B13D0806800282A
:102CA00001D0FBF70FFF6069002801D0FBF70AFF96
:102CB000E069002801D0FBF705FF606A002801D019
:102CC000FBF700FF2000FEF7ABFE200010BDC04662
:102CD000C89D041010B50400FFF7D8FF2000FBF7D3
:102CE000EDFE200010BD2000FBF7E8FE26F094FB6F
:102CF000104B10B503606C23C35C0400002B13D091
:102D00008068002801D0FBF7DDFEE069002801D0D3
:102D1000FBF7D8FE606A002801D0FBF7D3FEE06A1B
:102D2000002801D0FBF7CEFE2000FEF779FE200040
:102D300010BDC046D89D041010B50400FFF7D8FFA1
:102D40002000FBF7BBFE200010BD2000FBF7B6FE05
:102D500026F062FB104B10B503606C23C35C0400CB
:102D6000002B13D08068002801D0FBF7ABFEE06990
:102D7000002801D0FBF7A6FE606A002801D0FBF70F
:102D8000A1FEE06A002801D0FBF79CFE2000FEF7C0
:102D900047FE200010BDC046E89D041010B5040099
:102DA000FFF7D8FF2000FBF789FE200010BD2000B0
:102DB000FBF784FE26F030FB70B504008068002825
:102DC00028D02E234374A268023B93740023A0688A
:102DD0001D4A1E4DC360836103628362C3628260C9
:102DE0004261C2614262290004223030FBF758FE82
:102DF000A068042229003430FBF752FE0022144B55
:102E00001868A368815C9B183833013219700B2A4B
:102E1000F7D170BD4430FBF749FE0E4B0022036032
:102E2000002343608360C360038243618361C361A5
:102E3000036243628362C362036343634333827406
:102E4000A060C254BDE7C0464495041034D70410B6
:102E5000BC210020B89D041070B5040080680028D3
:102E600028D02E234374A268023B93740023A068E9
:102E70001D4A1E4DC360836103628362C362826028
:102E80004261C2614262290004223030FBF708FE31
:102E9000A068042229003430FBF702FE0022144B04
:102EA0001868A368815C9B183833013219700B2AAB
:102EB000F7D170BD4430FBF7F9FD0E4B00220360E3
:102EC000002343608360C360038243618361C36105
:102ED000036243628362C362036343634333827466
:102EE000A060C254BDE7C0464495041034D7041016
:102EF000BC210020C89D041070B5104B85680400EB
:102F00000360002D0AD02B680D4A5B6828009342AD
:102F100009D1FFF789FE2800FBF7D0FD2000FEF75E
:102F20007FFD200070BD9847F8E702E02800FBF71E
:102F3000C5FD2000FEF774FD26F06EFA34C40410BF
:102F4000712C011010B50400FFF7D6FF2000FBF72D
:102F5000B5FD200010BD2000FBF7B0FD26F05CFAA7
:102F600070B5104B856804000360002D0AD02B68F3
:102F70000D4A5B682800934209D1FFF787FE2800BD
:102F8000FBF79CFD2000FEF74BFD200070BD98472D
:102F9000F8E702E02800FBF791FD2000FEF740FD76
:102FA00026F03AFA68C40410D52C011010B50400BC
:102FB000FFF7D6FF2000FBF781FD200010BD2000A9
:102FC000FBF77CFD26F028FA70B504008068002825
:102FD00027D02E224261023A82611E4A1E49826037
:102FE00000221E4DC260C161026241628262C16202
:102FF00002634263290004323830FBF751FDA068B8
:10300000042229003C30FBF74BFDA068144B1A68E2
:1030100003006C3040331178013202C38342FAD18D
:1030200070BD7030FBF742FD0E49002201606C213B
:1030300042608260C260027442618261C261026267
:1030400042628262C262026342638263C263A060C0
:103050004254BEE7449504106C01051034D70410A7
:10306000BC210020D89D041070B5040080680028A1
:1030700027D02E224261023A82611E4A1E49826096
:1030800000221E4DC260C161026241628262C16261
:1030900002634263290004323830FBF701FDA06867
:1030A000042229003C30FBF7FBFCA068144B1A6893
:1030B00003006C3040331178013202C38342FAD1ED
:1030C00070BD7030FBF7F2FC0E49002201606C21EC
:1030D00042608260C260027442618261C2610262C7
:1030E00042628262C262026342638263C263A06020
:1030F0004254BEE7449504106C01051034D7041007
:10310000BC210020E89D041070B5104B85680400B8
:103110000360002D0AD02B680D4A5B68280093429B
:1031200009D1FFF7E5FD2800FBF7C8FC2000FEF7FA
:1031300077FC200070BD9847F8E702E02800FBF715
:10314000BDFC2000FEF76CFC26F066F9C8CD04102B
:10315000392D011010B50400FFF7D6FF2000FBF752
:10316000ADFC200010BD2000FBF7A8FC26F054F9B0
:1031700070B5104B856804000360002D0AD02B68E1
:103180000D4A5B682800934209D1FFF7E3FD280050
:10319000FBF794FC2000FEF743FC200070BD98472D
:1031A000F8E702E02800FBF789FC2000FEF738FC76
:1031B00026F032F9FCCD04109D2D011010B504004D
:1031C000FFF7D6FF2000FBF779FC200010BD2000A0
:1031D000FBF774FC26F020F910B504008068002885
:1031E0002BD0204B2E2283600023C3600374243332
:1031F000C254A1680133023ACA5400221A4B18681B
:10320000A368815C9B18263301321970242AF7D1F8
:103210000022164B1868A368815C9B184A33013260
:1032200019701A2AF7D1A368114A5A6104229A61C7
:10323000104ADA6105221A6210BD6830FBF736FCCD
:103240000D4A00230260002243608360C360037460
:1032500043618361C361036283846433C254A060A9
:10326000BFE7C04644950410B8210020B4210020D7
:10327000F09D0410F89D0410349E0410094B10B505
:10328000040003608068002802D003685B689847E8
:103290002000FEF7C5FB200010BD2000FEF7C0FB9C
:1032A00026F0BAF8CCAF04100D4B10B50400036043
:1032B0008068002802D003685B6898472000FEF70A
:1032C000AFFB2000FBF7FAFB200010BD2000FEF74B
:1032D000A7FB2000FBF7F2FB26F09EF8F9E7C046BB
:1032E000CCAF041070B584680500002C26D01F4BAD
:1032F0002000A3600023E36023742E336362023B4B
:10330000A3621B4BBC301A6823002C3311780132A6
:1033100002C38342FAD12000164A25301268FF30DA
:103320001178013202C38342FAD1134B6361042343
:10333000A361124BE3610523236270BD942040001A
:10334000FBF7B4FB0E4A0023026092225200436056
:103350008360C360037443618361C361036243623A
:10336000836204008354A860C1E7C04644950410FA
:10337000B8210020B4210020009E0410149E0410E7
:10338000449E0410094B10B50400036080680028B7
:1033900002D003685B6898472000FEF741FB2000DD
:1033A00010BD2000FEF73CFB26F036F8B0BC041040
:1033B0000D4B10B5040003608068002802D003683C
:1033C0005B6898472000FEF72BFB2000FBF776FB9D
:1033D000200010BD2000FEF723FB2000FBF76EFB52
:1033E00026F01AF8F9E7C046B0BC04100D4B10B532
:1033F00003606423C35C0400002B0ED080680028A7
:1034000001D0FBF75FFB6069002801D0FBF75AFB96
:10341000E069002801D0FBF755FB2000FEF700FB18
:10342000200010BD349E041010B50400FFF7DEFF2D
:103430002000FBF743FB200010BD2000FBF73EFB04
:1034400025F0EAFF0E4B10B5036092235B00C35CCE
:103450000400002B0ED08068002801D0FBF732FB5F
:103460006069002801D0FBF72DFBE069002801D03E
:10347000FBF728FB2000FEF7D3FA200010BDC04662
:10348000449E041010B50400FFF7DCFF2000FBF79A
:1034900015FB200010BD2000FBF710FB25F0BCFF42
:1034A00010B50400806800282BD0204B2E228360AA
:1034B0000023C36003742433C254A1680133023A69
:1034C000CA5400221A4B1868A368815C9B182633E3
:1034D00001321970242AF7D10022164B1868A3680C
:1034E000815C9B184A33013219701A2AF7D1A368FC
:1034F000114A5A6104229A61104ADA6105221A625D
:1035000010BD6830FBF7D2FA0D4A0023026000229A
:1035100043608360C360037443618361C36103627A
:1035200083846433C254A060BFE7C046449504104E
:10353000B8210020B4210020F09D0410F89D041053
:10354000349E041070B5104B856804000360002D94
:103550000AD02B680D4A5B682800934209D1FFF717
:1035600045FF2800FBF7AAFA2000FEF759FA2000D1
:1035700070BD9847F8E702E02800FBF79FFA2000AB
:10358000FEF74EFA25F048FF84C3041029340110D9
:1035900010B50400FFF7D6FF2000FBF78FFA2000DC
:1035A00010BD2000FBF78AFA25F036FF70B584685D
:1035B0000500002C26D01F4B2000A3600023E360F1
:1035C00023742E336362023BA3621B4BBC301A6828
:1035D00023002C331178013202C38342FAD1200038
:1035E000164A25301268FF301178013202C3834237
:1035F000FAD1134B63610423A361124BE3610523EA
:10360000236270BD94204000FBF750FA0E4A00235D
:1036100002609222520043608360C360037443617E
:103620008361C36103624362836204008354A860C0
:10363000C1E7C04644950410B8210020B421002001
:10364000009E0410149E0410449E041070B5104B8C
:10365000856804000360002D0AD02B680D4A5B6862
:103660002800934209D1FFF7EDFE2800FBF726FA68
:103670002000FEF7D5F9200070BD9847F8E702E07A
:103680002800FBF71BFA2000FEF7CAF925F0C4FE5C
:1036900018CD04108534011010B50400FFF7D6FFD3
:1036A0002000FBF70BFA200010BD2000FBF706FA04
:1036B00025F0B2FE009B03201A607047002070477F
:1036C0000020704704207047009B03201A60704759
:1036D000009B03201A607047009B03201A6070470C
:1036E000036802004068F0B5C51A98422AD0002449
:1036F0001C571878002C15DAC12820D9DF2814D8D7
:10370000012D1FD05C783F252600AE43802E16D1B8
:10371000800100192F4CA4466044814204D3023337
:10372000136001E001331360F0BDEF280DD8022DC6
:1037300008D95C783F252600AE43802E30D001208A
:103740004042F1E702204042EEE7F428F7D8032D8B
:10375000F8D95C783F252600AE43802EEFD1F028C3
:1037600035D0F42801D18F2CE9D89D783F262F0041
:10377000AC46B743802FE2D1DF783D00B543802DC2
:10378000DDD12403800400196446A501124C4019C0
:10379000A446C01960448842C6D804331360C3E706
:1037A000E02811D09D783F262F00B743802FC6D147
:1037B000A40100030019094C4019A4466044814249
:1037C000B2D303331360AFE79F2CEBD8B7E78F2C4E
:1037D000CBD8B4E780CFFFFF80DF37FC80DFF1FF7D
:1037E000036802004068F0B5C51A98422AD0002448
:1037F0001C571878002C15DAC12820D9DF2814D8D6
:10380000012D1FD05C783F252600AE43802E16D1B7
:10381000800100192F4CA4466044814204D3023336
:10382000136001E001331360F0BDEF280DD8022DC5
:1038300008D95C783F252600AE43802E30D0012089
:103840004042F1E702204042EEE7F428F7D8032D8A
:10385000F8D95C783F252600AE43802EEFD1F028C2
:1038600035D0F42801D18F2CE9D89D783F262F0040
:10387000AC46B743802FE2D1DF783D00B543802DC1
:10388000DDD12403800400196446A501124C4019BF
:10389000A446C01960448842C6D804331360C3E705
:1038A000E02811D09D783F262F00B743802FC6D146
:1038B000A40100030019094C4019A4466044814248
:1038C000B2D303331360AFE79F2CEBD8B7E78F2C4D
:1038D000CBD8B4E780CFFFFF80DF37FC80DFF1FF7C
:1038E00010B50400024B0360FEF79AF8200010BDEB
:1038F000709E041010B50400024B0360FEF790F8B0
:10390000200010BD9C9E041010B50400024B036003
:10391000FEF786F8200010BDC89E041010B5040004
:10392000024B0360FEF77CF8200010BDF49E0410EB
:1039300010B50400044B0360FEF772F82000FBF79B
:10394000BDF8200010BDC046709E041010B50400E4
:10395000044B0360FEF764F82000FBF7AFF820008B
:1039600010BDC0469C9E041010B50400044B0360BB
:10397000FEF756F82000FBF7A1F8200010BDC04666
:10398000C89E041010B50400044B0360FEF748F80D
:103990002000FBF793F8200010BDC046F49E0410F1
:1039A00010B57F2908D8036842689A4244D05A1C4F
:1039B00002600120197010BD80231B01994212D2B0
:1039C000026843689B1A012B36D9531C03608B098C
:1039D000403B13700268531C03603F231940803939
:1039E00001201170E7E780235B02994226D38823E8
:1039F0005B03994220D2026843689B1A032B1BD9B0
:103A0000531C03608B0C103B137004680A0B631C7F
:103A100003603F231A40803A22700468621C0260EF
:103A20008A091A40803A227002681940541C803971
:103A3000046001201170BEE70020BCE70268436803
:103A40009B1A022BF8D9531C03600B0B203B1370FD
:103A500004688A09631C03603F23E2E7802310B5F2
:103A60001B0199420FD2026843689B1A012B3ED971
:103A70008B09403B1370931C03603F2301201940C6
:103A80008039517010BD80235B02994213D20368C4
:103A90004268D21A022A2AD90A0B203A1A703F2207
:103AA0008C091440803C11405C708039DC1C04603F
:103AB00001209970E6E788235B03994217D20368D7
:103AC0004268D21A032A12D98A0C103A1A703F227D
:103AD0000C0B1440803C5C708C091440803C1140FD
:103AE0009C7080391C1D04600120D970CAE7002039
:103AF000C8E7C046F8B54746CE46046899464368CD
:103B000080B50500170088461A1B9C4233D08026DA
:103B1000F6001FE04B46012B28D0022A2BD96388E0
:103B2000174A9A18B24221D2164A8902944663442F
:103B300059180224B94219D84046FFF731FF00282E
:103B40001BD02B6864009C466B6864442C601A1B75
:103B5000A34210D021880C4BCB18B342DAD3084BC8
:103B6000CB18B34202D30124B942E5D90220C0BC2C
:103B7000B946B046F8BD0020F9E70120F7E7C04696
:103B80000024FFFF0024A0FC0028FFFF00B585B043
:103B90000193079B00920293089B68460393064A91
:103BA000002302A9FFF7A6FF069B009A1A60099B53
:103BB000029A1A6005B000BDFFFF100070B5160034
:103BC000882582B0069A002000960193541E6D034A
:103BD000002A02D109E0A84205D268460449FFF74D
:103BE000FFFD013CF7D2009B981B02B070BDC046A0
:103BF000FFFF100070B584B0099C0A9D02920393E8
:103C00009A421AD0882676030DE00E4902A8FFF7E3
:103C1000E7FD831C09D0B04211D2039A029B01C474
:103C200001929A4209D0A542EFD10120029B089A45
:103C300013600B9B1C6004B070BD0020F7E70220EE
:103C4000029BF4E7FFFF1000F0B5CE46474680B573
:103C500083B00A9E9146012400920193012E1BD944
:103C6000802388275B02002598467F0306E04045B5
:103C700000D22C00651C0234A6420DD968460A49C0
:103C8000FFF7AEFDB842F2D34B460098C01A03B01E
:103C9000C0BCB946B046F0BDA642F5D1684603495E
:103CA000FFF79EFDF0E7C046FFFF1000FFFF00009A
:103CB000F0B5C64614001E0000B584B00C9A0B9BEC
:103CC00003920293321BB44246D080270123FF00A7
:103CD000984616E0022A2DD96388204A9A18BA42DB
:103CE00034D21F4A0225944689026344C91802A8A7
:103CF000FFF7B4FE00282CD06D006419321BA642D9
:103D000018D02188174BCB18BB42E3D3134BCB18E9
:103D1000BB421BD345467F29E9D8039A029B0192F7
:103D20009A420AD002255A1C641902921970321B59
:103D3000A642E6D10020029B00E001200A9A14600E
:103D40000D9A136004B080BCB846F0BD0220029BFF
:103D5000F4E7029B0130F1E70020EFE70024FFFFCA
:103D60000024A0FC0028FFFF70B584B014001D00E3
:103D7000099A0A9B02920393AC4227D088267603C5
:103D80000AE0039B029A0193934212D0531C0293C0
:103D900011700434A54216D02168B14210D27F2997
:103DA000EFD902A8FFF75AFE0028F2D1029A01309B
:103DB00000E00120089B1C600B9B1A6004B070BDE2
:103DC0000220029AF6E70020029AF3E70020F1E7CA
:103DD000F0B5C64600B584B017000B9C0C9D02924E
:103DE00003939A4235D0802388265B029846760357
:103DF00006E0039B029F208001930234BB4228D03F
:103E0000A54228D0184902A8FFF7EAFC831C25D058
:103E1000B04226D24045ECD32B1B022B08D8012000
:103E20000A9B1F600D9B1C6004B080BCB846F0BDAF
:103E30000E4A830A9446634423800D4B80059C46BA
:103E4000800D039B029F6044608001930434BB4259
:103E5000D6D10020E4E70020029FE1E7029F033073
:103E6000DEE70220029FDBE7FFFF1000C0D7FFFF65
:103E700000DCFFFF70B582B014001D00089A079B9C
:103E800001920093AC421BD08826760307E0684677
:103E9000FFF786FD00280DD00434A5420DD021681F
:103EA000B142F4D30220009B069A1460099A136071
:103EB00002B070BD009B0130F6E70020009BF3E7E5
:103EC0000020F1E770B51600882582B0069A002020
:103ED00000960193541E6D03002A02D109E0A84206
:103EE00005D268460449FFF7FBFB013CF7D2009B73
:103EF000981B02B070BDC046FFFF100070B584B0C3
:103F0000099C0A9D029203939A421AD0882676034E
:103F10000DE00E4902A8FFF7E3FB831C09D0B04275
:103F200011D2039A029B01C401929A4209D0A54280
:103F3000EFD10120029B089A13600B9B1C6004B018
:103F400070BD0020F7E70220029BF4E7FFFF10009E
:103F5000F0B5C64600B582B01D0008AB1B7817004F
:103F6000009001915B0725D4012F17D980235B02B4
:103F700000260124984606E0404500D23400661C25
:103F80000234BC420BD229006846FFF7A9FB8542E8
:103F9000F2D2009802B080BCB846F0BD0124A7421E
:103FA000F7D10C4B9D4200D90B4D29006846FFF715
:103FB00097FBEEE7091A0229D6D90378EF2BD3D164
:103FC0004378BB2BD0D18378BF2BCDD10330009069
:103FD000CAE7C046FEFF0000FFFF000010B5190051
:103FE0001400002382B000932000034B049AFFF7D3
:103FF000AFFF001B02B010BDFFFF1000F8B5CE46AA
:10400000474605000C00160080B55A0753D40268D5
:1040100047689046B8454CD00121194089466268EE
:1040200011E0236862689A4221D0494680B2002993
:1040300001D140BA80B2991C21606F6818802B684A
:1040400098469F4235D023689A4232D031002800EA
:10405000FFF746FB831C46D0864248D380235B0291
:104060009842DED321686268531A022B06D8434671
:10407000012088C5C0BCB946B046F8BD1D4F830AB3
:10408000BC4663449FB283051B489B0D844648464B
:1040900063449BB2002803D17FBA5BBABFB29BB224
:1040A000081D0F8020606F684B802B6898469F42E8
:1040B000C9D10020DEE7026847689046BA1A022A92
:1040C000A8D942461278EF2AA4D142465278BB2A98
:1040D000A0D142469278BF2A9CD1BC3A9446E04493
:1040E0004246026096E7089B581CC0B2C2E7022015
:1040F000C0E7C046C0D7FFFF00DCFFFF00B587B0B8
:104100000393099B029204930A9B084A0593002398
:1041100004A9009302A80133FFF770FF089B029ADD
:104120001A600B9B049A1A6007B000BDFFFF1000D5
:10413000F0B54E464546DE465746E0B54B6887B07B
:1041400000938B68AA4E019301230A687360A94B00
:1041500004000D00300000213360B2600492FFF7CC
:104160009FF97368676801337360A34B18009A4620
:10417000FDF716FF01238000C651A04E7360A04BCF
:104180003360FDF763FC736867680133B060736088
:104190009C48FDF705FF01238000C6519A4E00227E
:1041A00073609A4B00213360009B3000B360FEF7D0
:1041B00053FE73686768013373609548FDF7F0FE3E
:1041C00001238000C651934E00227360924B002160
:1041D0003360019B3000B360FEF7EEFD73686768E3
:1041E000013373608D48FDF7DBFE8000C6518C4BB8
:1041F0008C4E0227336063688B4898467760FDF7E2
:10420000CFFE43468000C650884E894B89483360B4
:10421000636877609846FDF7C3FE43468000C6504A
:10422000854E864B86483360636877609846FDF715
:10423000B7FE43468000C650824E0121300010F088
:10424000DBFD73686768013373607F48FDF7A8FE84
:104250008000C6512B69EA6802936B697B4D03931A
:1042600001236B607A4B002128002B60AA60059225
:10427000FFF79CF96B68666801336B60754B18003B
:104280009946FDF78DFE012380008551724D6B60CC
:10429000724B2B60FDF7DAFB6B6866680133A86030
:1042A0006B606F48FDF77CFE0123800085516D4DEA
:1042B00000226B606C4B00212B60029B2800AB60DE
:1042C000FEF7D2FE6B68666801336B60674B1800BF
:1042D0009846FDF765FE012380008551644D00225C
:1042E0006B60644B00212B60039B2800AB60FEF7E2
:1042F0006BFE6B68604F0133666838006B60FDF7DA
:104300004FFE800085515D4B5D4D02262B6063683A
:104310005C489B466E60FDF743FE5B468000C550DF
:10432000594D5A4B5A482B6063686E609B46FDF7A7
:1043300037FE5B468000C550564D574B57482B60A3
:1043400063686E609B46FDF72BFE5B468000C550A0
:10435000534D012128001BF001FB6B686668013397
:104360006B605048FDF71CFE800085515046E568A3
:10437000FDF716FE049B800043512548E568FDF7D4
:104380000FFE009B800043512448E568FDF708FEBE
:10439000019B800043514846E568FDF701FE059BFF
:1043A000800043514046E568FDF7FAFD029B80001E
:1043B00043513800E468FDF7F3FD039B800003518F
:1043C00007B0F0BCBB46B246A946A046F0BD3000DF
:1043D000FDF726FB25F020F82800FDF721FB25F04E
:1043E0001BF8F9E7F8E7F7E7F1E7F0E7EFE7C04692
:1043F0004032032084C3041064330320B832032006
:1044000068C30410403303208832032068C40410BA
:10441000083203209432032034C404100C320320E9
:10442000E4C40410683203207C3303207832032074
:10443000FCC40410843303205832032028C5041020
:104440006C330320203203205C3303204C320320E2
:1044500018CD041068330320C4320320BCCC0410F0
:1044600044330320A0320320FCCD0410103203207B
:10447000AC320320C8CD04101432032078CE0410CF
:1044800070320320803303208032032090CE04104A
:104490008833032060320320BCCE04107033032025
:1044A000303203206033032010B50C0082B0C168A5
:1044B00004980093019013000020220009F09CFE54
:1044C00002B010BDF0B5040010008A6879218BB0ED
:1044D0000691149910AD05911399049112990391C5
:1044E00001A9C0CDC0C100930021030020000AF043
:1044F00063FB20000BB0F0BDF0B5040010008A682B
:104500006D218BB00691149910AD0591139904910A
:104510001299039101A9C0CDC0C1009300210300ED
:1045200020000AF049FB20000BB0F0BDF0B50400FC
:1045300010008A6877218BB00691149910AD05910F
:10454000139904911299039101A9C0CDC0C10093A0
:104550000021030020000AF02FFB20000BB0F0BD6B
:10456000F0B5040010008A6864218BB0069114999C
:1045700010AD0591139904911299039101A9C0CD31
:10458000C0C100930021030020000AF015FB2000A9
:104590000BB0F0BDF0B5040010008A6874218BB038
:1045A0000691149910AD05911399049112990391F4
:1045B00001A9C0CDC0C100930021030020000AF072
:1045C000FBFA20000BB0F0BD10B5816800200AF0A6
:1045D000E7FA10BDF0B5CE46474680B500279946AC
:1045E00091B00A92050010001AAA12780B930D9749
:1045F0008B681B9907970EAF06970DAF059704912F
:10460000039201A918AF98460CCF0CC14B4608AED7
:10461000424600210AAC0093030030000AF0F4FB8C
:10462000230006CE06C30D9B002B0DD10E990F9AC9
:104630001D9B19605A602B00280006CC06C311B0E0
:10464000C0BCB946B046F0BD1C9A1360F3E7C04643
:10465000F0B58F680021040010008BB010AA157807
:1046600012AA167806911499159A04910592119A36
:104670000093029203003A00200000210396019566
:104680000AF02AFD20000BB0F0BDC04610B50A00AC
:10469000016900200AF074FA10BDC04610B514007C
:1046A0000A6882B013000C3B01691B68002000946B
:1046B0000AF03EF902B010BD10B50C0082B0C1681E
:1046C00004980093019013000020220009F0A2FD3D
:1046D00002B010BDF0B5040010008A6879218BB0DB
:1046E0000691149910AD05911399049112990391B3
:1046F00001A9C0CDC0C100930021030020000AF031
:10470000EFFA20000BB0F0BDF0B5040010008A688D
:104710006D218BB00691149910AD059113990491F8
:104720001299039101A9C0CDC0C1009300210300DB
:1047300020000AF0D5FA20000BB0F0BDF0B504005F
:1047400010008A6877218BB00691149910AD0591FD
:10475000139904911299039101A9C0CDC0C100938E
:104760000021030020000AF0BBFA20000BB0F0BDCE
:10477000F0B5040010008A6864218BB0069114998A
:1047800010AD0591139904911299039101A9C0CD1F
:10479000C0C100930021030020000AF0A1FA20000C
:1047A0000BB0F0BDF0B5040010008A6874218BB026
:1047B0000691149910AD05911399049112990391E2
:1047C00001A9C0CDC0C100930021030020000AF060
:1047D00087FA20000BB0F0BD10B5816800200AF008
:1047E000E5F910BDF0B5CE46474680B5002799469D
:1047F00091B00A92050010001AAA12780B930D9737
:104800008B681B9907970EAF06970DAF059704911C
:10481000039201A918AF98460CCF0CC14B4608AEC5
:10482000424600210AAC0093030030000AF09CFBD2
:10483000230006CE06C30D9B002B0DD10E990F9AB7
:104840001D9B19605A602B00280006CC06C311B0CE
:10485000C0BCB946B046F0BD1C9A1360F3E7C04631
:10486000F0B58BB00400149E159F100010AA1578A7
:104870008A6800210691129900930391119903000F
:104880000291200000210496059701950AF086FC0C
:1048900020000BB0F0BDC04610B50A000169002031
:1048A0000AF076F910BDC04610B514000A6882B04F
:1048B00013000C3B01691B68002000940AF058F8B3
:1048C00002B010BDF0B5C64600B592B0099318AB62
:1048D0001B781B9F984600230BAC05000E002000A0
:1048E00039000892A36103F0F1F83B6800200C3B0B
:1048F0001B6800216360124BB268A3611A9B04908D
:1049000005910393199B0021029343460193099B50
:10491000280000930694089B0AF040FCA369002B32
:1049200001D020009847280012B080BCB846F0BDE6
:10493000A369002B01D02000984724F06DFDC046EC
:10494000F54E0110F0B54746CE4680B593B00993B9
:104950001AAB1B781D9F98461CAB1B780BAC994675
:10496000002305000E00200039000892A36102F028
:104970000FFD3B6800200C3B1B6800216360124B5D
:10498000B268A3614B4603931B9B0490059102936D
:1049900043460193099B002100932800089B06943D
:1049A0000AF09AFBA369002B01D020009847280049
:1049B00013B0C0BCB946B046F0BDA369002B01D00E
:1049C0002000984724F028FD5952011010B504002A
:1049D00000208CB0C9680093130005AA0B9009F061
:1049E00027FC0B9B0393002B0FD0069B2000039307
:1049F000039A059904AB02F015FD0B9B002B01D027
:104A000005A8984720000CB010BD05480FF0ECFA3F
:104A10000B9B002B01D005A8984724F0FDFCC04655
:104A2000B0A1041010B5040000208CB0C968009338
:104A3000130005AA0B9009F047FC0B9B0393002B76
:104A40000FD0069B20000393039A059904AB03F053
:104A500091F80B9B002B01D005A8984720000CB0C3
:104A600010BD05480FF0C0FA0B9B002B01D005A824
:104A7000984724F0D1FCC046B0A1041030B5040022
:104A800000208FB00D9013980969006805000C3D57
:104A90002D68029012980093019013000020039556
:104AA00007AA09F0F5FF0D9B0593002B0FD0089B7B
:104AB00020000593059A079906AB03F05BF80D9B60
:104AC000002B01D007A8984720000FB030BD054843
:104AD0000FF08AFA0D9B002B01D007A8984724F00D
:104AE0009BFCC046B0A1041030B5040000208FB07C
:104AF0000D9013980969006805000C3D2D6802901F
:104B000012980093019013000020039507AA09F062
:104B10004FFF0D9B0593002B0FD0089B20000593A2
:104B2000059A079906AB02F07DFC0D9B002B01D086
:104B300007A8984720000FB030BD05480FF054FA81
:104B40000D9B002B01D007A8984724F065FCC046B8
:104B5000B0A10410094B10B50833036004000069CC
:104B600043685A1E4260012B02D103685B68984774
:104B700020000FF0BBFD200010BDC04690A804101F
:104B8000094B10B5083303600400006943685A1EDE
:104B90004260012B02D103685B68984720001AF03D
:104BA00013FB200010BDC046ACA804100A4B10B582
:104BB000083303600400806843685A1E4260012B7A
:104BC00002D103685B689847044B20002360FCF720
:104BD00027FF200010BDC04690A90410FCC404109B
:104BE0000A4B10B5083303600400806843685A1EFE
:104BF0004260012B02D103685B689847044B200098
:104C00002360FCF70DFF200010BDC04610A9041062
:104C100028C504100A4B10B50833036004008068EF
:104C200043685A1E4260012B02D103685B689847B3
:104C3000044B20002360FCF7F3FE200010BDC046AB
:104C400038A90410BCCE04100A4B10B50833036019
:104C50000400806843685A1E4260012B02D1036839
:104C60005B689847044B20002360FCF7D9FE2000C6
:104C700010BDC04660A90410E4C404100A4B10B56E
:104C8000083303600400006943685A1E4260012B28
:104C900002D103685B68984720000FF027FD2000D1
:104CA000F9F70CFF200010BD90A804100A4B10B5B6
:104CB000083303600400806843685A1E4260012B79
:104CC00002D103685B689847044B20002360FCF71F
:104CD000A7FE200010BDC04678A9041078CE0410AD
:104CE0000A4B10B5083303600400006943685A1E7C
:104CF0004260012B02D103685B68984720001AF0DC
:104D000063FA2000F9F7DAFE200010BDACA8041009
:104D10000A4B10B5083303600400806843685A1ECC
:104D20004260012B02D103685B689847044B200066
:104D30002360FCF775FE200010BDC046A8A9041032
:104D400090CE04100B4B10B508330360040080684C
:104D500043685A1E4260012B02D103685B68984782
:104D6000054B20002360FCF75BFE2000F9F7A6FE50
:104D7000200010BD60A90410E4C404100B4B10B552
:104D8000083303600400806843685A1E4260012BA8
:104D900002D103685B689847054B20002360FCF74D
:104DA0003FFE2000F9F78AFE200010BD78A904100C
:104DB00078CE041000220A4B10B508330360036953
:104DC0000400C068DA6043685A1E4260012B02D1B9
:104DD00003685B6898472000FEF738FC200010BD90
:104DE000ECA804100B4B10B5083303600400806876
:104DF00043685A1E4260012B02D103685B689847E2
:104E0000054B20002360FCF70BFE2000F9F756FE4F
:104E1000200010BD10A9041028C504100B4B10B5BC
:104E2000083303600400806843685A1E4260012B07
:104E300002D103685B689847054B20002360FCF7AC
:104E4000EFFD2000F9F73AFE200010BD90A90410F4
:104E5000FCC404100B4B10B50833036004008068D9
:104E600043685A1E4260012B02D103685B68984771
:104E7000054B20002360FCF7D3FD2000F9F71EFE50
:104E8000200010BD38A90410BCCE04100B4B10B587
:104E9000083303600400806843685A1E4260012B97
:104EA00002D103685B689847054B20002360FCF73C
:104EB000B7FD2000F9F702FE200010BDA8A90410DC
:104EC00090CE041000220A4B10B50833036003692A
:104ED0000400C068DA6043685A1E4260012B02D1A8
:104EE00003685B6898472000FEF72CFB200010BD8C
:104EF000C8A80410036800B51800084A0C3883B02D
:104F0000904201D103B000BD043B1A68511E1960E4
:104F1000002AF7DC01A902F02BFBF3E7E8310320BC
:104F20000C4B10B5083303600400C06843685A1E78
:104F30004260012B02D103685B6898472000064B52
:104F40000830236025F0FCFC2000FCF769FD200000
:104F500010BDC04658A8041068C3041000220C4BB2
:104F600010B50833036003690400C068DA60436861
:104F70005A1E4260012B02D103685B6898472000EB
:104F8000FEF7E0FA2000F9F799FD200010BDC046B9
:104F9000C8A8041000220C4B10B508330360036945
:104FA0000400C068DA6043685A1E4260012B02D1D7
:104FB00003685B6898472000FEF748FB2000F9F77C
:104FC0007DFD200010BDC046ECA804100C4B10B5B0
:104FD000083303600400C06843685A1E4260012B16
:104FE00002D103685B6898472000064B08302360B5
:104FF00025F0A6FC2000FCF713FD200010BDC046E4
:1050000074A80410BCCC04100D4B10B50833036019
:105010000400C06843685A1E4260012B02D1036835
:105020005B6898472000074B0830236025F088FC18
:105030002000FCF7F5FC2000F9F740FD200010BD32
:1050400058A8041068C304100D4B10B50833036052
:105050000400C06843685A1E4260012B02D10368F5
:105060005B6898472000074B0830236025F068FCF8
:105070002000FCF7D5FC2000F9F720FD200010BD32
:1050800074A80410BCCC041000220C4B10B50833DB
:10509000036003690400C068DA609A611A629A6268
:1050A00043685A1E4260012B02D103685B6898472F
:1050B0002000FDF721FF200010BDC046F4A9041018
:1050C00000220C4B10B50833036003690400C0686C
:1050D000DA609A611A629A6243685A1E4260012B32
:1050E00002D103685B6898472000FDF739FF200074
:1050F00010BDC046C0A9041000220C4B10B50833E7
:10510000036003690400C068DA601A629A621A6375
:1051100043685A1E4260012B02D103685B689847BE
:105120002000FEF725F8200010BDC04628AA041074
:1051300000220C4B10B50833036003690400C068FB
:10514000DA601A629A621A6343685A1E4260012B3F
:1051500002D103685B6898472000FDF7D5FF200067
:1051600010BDC0465CAA041000220D4B10B50833D8
:10517000036003690400C068DA609A611A629A6287
:1051800043685A1E4260012B02D103685B6898474E
:105190002000FDF7E5FE2000F9F790FC200010BD8F
:1051A000C0A9041000220D4B10B508330360036939
:1051B0000400C068DA609A611A629A6243685A1EF3
:1051C0004260012B02D103685B6898472000FDF71D
:1051D00093FE2000F9F772FC200010BDF4A9041022
:1051E00000220D4B10B50833036003690400C0684A
:1051F000DA601A629A621A6343685A1E4260012B8F
:1052000002D103685B6898472000FDF77DFF20000E
:10521000F9F754FC200010BD5CAA041000220D4BCD
:1052200010B50833036003690400C068DA601A62CD
:105230009A621A6343685A1E4260012B02D10368C6
:105240005B6898472000FDF793FF2000F9F736FCD4
:10525000200010BD28AA0410036800B51800084AF1
:105260000C3883B0904201D103B000BD043B1A68F2
:10527000511E1960002AF7DC01A901F0E7FDF3E7F0
:10528000F8310320F0B54F464646D646C0B596B035
:105290000B939C4620AB1B780FAF98460023924699
:1052A000BB610A920D938A6806930DAB0593219B0F
:1052B00007970493434601A903931EAB050091464B
:1052C00005CB05C1634608AE00934A46534600210C
:1052D00030000AAC09F048FE230006CE06C30D9B41
:1052E000002B10D0229A13602B0006CC06C3BB699A
:1052F000002B01D038009847280016B0E0BCBA4611
:10530000B146A846F0BDBB69002B19D07A680F9949
:105310000CAB0EA802F02EFC23980EA902F0B6F8F2
:105320000E9B0C4A18000C389042DDD0043B1A68E2
:10533000511E1960002AD7DC0CA902F019F9D3E735
:1053400005480EF051FEBB69002B01D0380098478C
:1053500024F062F8E8310320B0A10410F0B54F4604
:105360004646D646C0B596B00B939C4620AB1B78FC
:105370000FAF984600239246BB610A920D938A684C
:1053800006930DAB0593219B07970493434601A910
:1053900003931EAB0500914605CB05C1634608AEDD
:1053A00000934A465346002130000AAC09F02CFD18
:1053B000230006CE06C30D9B002B10D0229A13604B
:1053C0002B0006CC06C3BB69002B01D038009847E0
:1053D000280016B0E0BCBA46B146A846F0BDBB698D
:1053E000002B19D07A680F990CAB0EA802F01AF8AE
:1053F00023980EA901F098FC0E9B0C4A18000C385B
:105400009042DDD0043B1A68511E1960002AD7DC97
:105410000CA901F01BFDD3E705480EF0E5FDBB69C3
:10542000002B01D03800984723F0F6FFF831032015
:10543000B0A10410436810B55A1E4260012B02D17E
:1054400003685B68984710BDF0B5C64600B50B68A9
:1054500082B008009B6814000D0098472423E05494
:105460002B682800DB6898472523E054002301229D
:10547000A3606361E3616433E2542B6801A81B6994
:1054800029009847019B0C3B1F68781CF9F712FB19
:105490000600010000233A0001A801F01DFC0023D2
:1054A000F355019BE7601800324F0C38A660B842F4
:1054B0003BD12B6801A85B6929009847019B0C3BF5
:1054C0001B68581C9846F9F7F5FA060001000023FE
:1054D000424601A801F000FC00234246B354019B60
:1054E000666118000C38A261B84228D12B6801A867
:1054F0009B6929009847019B0C3B1E68701CF9F7BB
:10550000D9FA050001000023320001A801F0E4FBF4
:105510000023AB55019BE56118000C382662B842A8
:1055200017D102B080BCB846F0BD043B1A68511ECA
:105530001960002ABDDC694601F088FCB9E7043B2C
:105540001A68511E1960002AD0DC694601F07EFC01
:10555000CCE7043B1A68511E1960002AE1DC694659
:1055600001F074FCDDE701A801F0A4FD23F054FF75
:10557000F9E7F8E7F8310320F0B5C64600B50B6847
:105580000D0082B008009B68140098472B68606289
:10559000DB682800984700230122A3606361E36170
:1055A0002533FF33A062E2542B6801A81B69290050
:1055B0009847019B0C3B1F68781CF9F77BFA0600A3
:1055C000010000233A0001A801F086FB0023F355F7
:1055D000019B404A18000C38A660E76090424CD10D
:1055E0002B6829005B6901A89847019B0C3B1B684D
:1055F00098465E1C384B9E426AD8B6003000F9F7D8
:1056000059FA070001000023424601A801F016FFE5
:105610000023BE19043E33604346A361019B6761CA
:1056200018002E4F0C38B84231D12B6829009B69E5
:1056300001A89847019B0C3B1B6898465D1C264BB4
:105640009D4238D8AD002800F9F734FA0600010071
:105650000023424601A801F0F1FE00237519043D24
:105660002B6043462362019BE66118000C38B84268
:1056700017D102B080BCB846F0BD043B1A68511E79
:105680001960002AACDC694601F0E0FBA8E7043BA6
:105690001A68511E1960002AC7DC694601F068FFCC
:1056A000C3E7043B1A68511E1960002AE1DC694611
:1056B00001F05EFFDDE723F08DFF01A801F0FAFCA9
:1056C00023F0AAFE01A802F08DF823F0A5FEF9E769
:1056D00023F080FFF8310320FEFFFF1FE831032095
:1056E000080010B582B0059C11001A0003680094F0
:1056F0009C68049BA04702B010BDC046080010B5CE
:1057000082B0059C11001A00036800949C68049BF9
:10571000A04702B010BDC04630B514001A000B6897
:1057200083B0DD6801A8069BA847A369002B01D0C0
:1057300020009847200001A901F02AFE019B1800D3
:105740000C38026862600B4AA2610B4A904201D198
:1057500003B030BD043B1A68511E1960002AF7DC03
:10576000694601F073FBF3E701A801F0A3FC23F005
:1057700053FEC04659520110F831032030B51400D1
:105780001A000B6883B0DD6801A8069BA847A369CF
:10579000002B01D020009847200001A902F096F9C3
:1057A000019B18000C38026862600B4AA2610B4A28
:1057B000904201D103B030BD043B1A68511E1960FC
:1057C000002AF7DC694601F0D3FEF3E701A802F0F6
:1057D00009F823F021FEC046F54E0110E831032000
:1057E000F0B5C64600B50B6884B008009B6814008D
:1057F0000D00984760742B682800DB689847A074F8
:105800002B6828001B6A984700230122A36063616C
:10581000E36163624333E062E2542B6803A81B69CF
:1058200029009847039B0C3B1F68781CF9F742F945
:105830000600010000233A0003A801F04DFA0023FE
:10584000F355039BE76018004E4F0C38A660B84232
:1058500066D12B6803A85B6929009847039B0C3B22
:105860001B68581C9846F9F725F90600010000232B
:10587000424603A801F030FA00234246B354039B8A
:10588000666118000C38A261B84254D12B6803A895
:105890009B6929009847039B0C3B1B68581C984642
:1058A000F9F708F9060001000023424603A801F0B9
:1058B00013FA00234246B354039BE66118000C38E8
:1058C0002262B84241D12B6803A8DB6929009847BE
:1058D000039B0C3B1B68581C9846F9F7EBF8060035
:1058E00001000023424603A801F0F6F900234246D6
:1058F000B354039B666218000C38A262B8422ED1E2
:105900002B6828005B6A984720632B6803900290FD
:105910009B6A28009847606304B080BCB846F0BD1D
:10592000043B1A68511E1960002A00DD91E702A9A4
:1059300001F08CFA8DE7043B1A68511E1960002AA9
:10594000A4DC02A901F082FAA0E7043B1A68511E08
:105950001960002AB7DC02A901F078FAB3E7043B2A
:105960001A68511E1960002ACADC02A901F06EFAF9
:10597000C6E703A801F09EFB23F04EFDF9E7F8E728
:10598000F7E7C046F8310320F0B5C64600B50B680E
:1059900084B008009B6814000D00984760742B6861
:1059A0002800DB689847A0742B6828001B6A98477A
:1059B00000230122A3606361E36163624333E06219
:1059C000E2542B6803A81B6929009847039B0C3BF2
:1059D0001F68781CF9F76EF80600010000233A00F2
:1059E00003A801F079F90023F355039BE760180041
:1059F0004E4F0C38A660B84266D12B6803A85B698D
:105A000029009847039B0C3B1B68581C9846F9F7E4
:105A100051F8060001000023424603A801F05CF99A
:105A200000234246B354039B666118000C38A26100
:105A3000B84254D12B6803A89B6929009847039B5F
:105A40000C3B1B68581C9846F9F734F80600010017
:105A50000023424603A801F03FF900234246B35415
:105A6000039BE66118000C382262B84241D12B68D2
:105A700003A8DB6929009847039B0C3B1B68581C53
:105A80009846F9F717F8060001000023424603A8DC
:105A900001F022F900234246B354039B66621800CA
:105AA0000C38A262B8422ED12B6828005B6A984756
:105AB00020632B68039002909B6A280098476063DC
:105AC00004B080BCB846F0BD043B1A68511E196092
:105AD000002A00DD91E702A901F0B8F98DE7043B47
:105AE0001A68511E1960002AA4DC02A901F0AEF95F
:105AF000A0E7043B1A68511E1960002AB7DC02A90E
:105B000001F0A4F9B3E7043B1A68511E1960002A9A
:105B1000CADC02A901F09AF9C6E703A801F0CAFAA3
:105B200023F07AFCF9E7F8E7F7E7C046F8310320FD
:105B3000F0B5CE46474680B50B680D0085B008002D
:105B40009B68140098472B686061DB6828009847C1
:105B50002B68A0611B6A2800984700230122A360DC
:105B6000E3616362E3626C336063E2542B6803A811
:105B70001B6929009847039B0C3B1F68781CF8F7AA
:105B800099FF0600010000233A0003A801F0A4F8E1
:105B90000023F355039B624A18000C38A660E760A7
:105BA000904200D081E02B6829005B6903A89847E8
:105BB000039B0C3B1B6898465E1C5A4B9E4200D9C7
:105BC000A1E0B6003000F8F775FF070001000023E0
:105BD000424603A801F032FC0023BE19043E3360A4
:105BE00043462362039BE76118004F4F0C38B842CD
:105BF00066D12B6829009B6903A89847039B0C3B3F
:105C00001B6898465E1C474B9E4200D986E0B60052
:105C10003000F8F74FFF814601000023424603A8F9
:105C200001F00CFC00234E44043E33604B4663629B
:105C30004346A362039B18000C38B8424AD12B6834
:105C40002900DB6903A89847039B0C3B1B68984617
:105C50005E1C344B9E425FD8B6003000F8F72AFF36
:105C6000814601000023424603A801F0E7FB002320
:105C70004E44043E33604B46E36243462363039B3A
:105C800018000C38B8422FD12B6828005B6A98475F
:105C9000A0632B68039002909B6A28009847E063FA
:105CA00005B0C0BCB946B046F0BD043B1A68511EF1
:105CB0001960002A00DD76E702A901F0C7F872E753
:105CC000043B1A68511E1960002A92DC02A901F0F7
:105CD0004FFC8EE7043B1A68511E1960002AAEDCA7
:105CE00002A901F045FCAAE7043B1A68511E19609D
:105CF000002AC9DC02A901F03BFCC5E703A801F0BA
:105D000071FD23F089FB23F065FC03A801F0D2F9B3
:105D100023F082FBF2E7F1E723F05CFC23F05AFC6E
:105D2000F8310320FEFFFF1FE8310320F0B5CE4617
:105D3000474680B50B680D0085B008009B681400CD
:105D400098472B686061DB68280098472B68A06142
:105D50001B6A2800984700230122A360E361636265
:105D6000E3626C336063E2542B6803A81B6929006B
:105D70009847039B0C3B1F68781CF8F79BFE0600B6
:105D8000010000233A0003A800F0A6FF0023F3550A
:105D9000039B624A18000C38A660E760904200D06E
:105DA00081E02B6829005B6903A89847039B0C3BA3
:105DB0001B6898465E1C5A4B9E4200D9A1E0B60073
:105DC0003000F8F777FE070001000023424603A8E1
:105DD00001F034FB0023BE19043E336043462362C6
:105DE000039BE76118004F4F0C38B84266D12B680F
:105DF00029009B6903A89847039B0C3B1B689846A6
:105E00005E1C474B9E4200D986E0B6003000F8F792
:105E100051FE814601000023424603A801F00EFB1B
:105E200000234E44043E33604B4663624346A36204
:105E3000039B18000C38B8424AD12B682900DB6953
:105E400003A89847039B0C3B1B6898465E1C344B89
:105E50009E425FD8B6003000F8F72CFE8146010064
:105E60000023424603A801F0E9FA00234E44043E11
:105E700033604B46E36243462363039B18000C38B0
:105E8000B8422FD12B6828005B6A9847A0632B6823
:105E9000039002909B6A28009847E06305B0C0BC5D
:105EA000B946B046F0BD043B1A68511E1960002A7D
:105EB00000DD76E702A900F0C9FF72E7043B1A682B
:105EC000511E1960002A92DC02A901F051FB8EE7F5
:105ED000043B1A68511E1960002AAEDC02A901F0C9
:105EE00047FBAAE7043B1A68511E1960002AC9DC67
:105EF00002A901F03DFBC5E703A801F073FC23F004
:105F00008BFA23F067FB03A801F0D4F823F084FA9E
:105F1000F2E7F1E723F05EFB23F05CFBF8310320AE
:105F2000FEFFFF1FE831032010B50C0082B0110006
:105F300001A81A006B4601F075FA236820009B68DF
:105F4000049A01A99847019B040018000A4A0C38DA
:105F5000904202D1200002B010BD043B1A68511ECD
:105F60001960002AF6DC694600F070FFF2E701A82C
:105F700001F0A0F823F050FAF831032010B50C001E
:105F800082B0110001A81A006B4601F04BFA236899
:105F900020009B68049A01A99847019B04001800FF
:105FA0000A4A0C38904202D1200002B010BD043BD6
:105FB0001A68511E1960002AF6DC694600F046FF97
:105FC000F2E701A801F076F823F026FAF831032071
:105FD000F0B5C6460D001E0000B586B004AF0E99A0
:105FE00002AB140038000F9A01F01CFA0D9A2B68CE
:105FF00000920197DB683200984629000C9B05A8A7
:10600000C047A369002B01D020009847200005A9B4
:1060100001F0BEF9059B18000C3802686260154A51
:10602000A261154CA04208D1049B18000C38A04274
:106030000DD106B080BCB846F0BD043B1A68511EB5
:106040001960002AF0DC03A900F000FFECE7043B34
:106050001A68511E1960002AEBDC05A900F0F6FE53
:10606000E7E705A801F026F8380001F023F823F04F
:10607000D3F9F9E759520110F8310320F0B5C646BB
:106080000D001E0000B586B004AF0E9902AB1400DF
:1060900038000F9A01F06EFD0D9A2B68009201975F
:1060A000DB683200984629000C9B05A8C047A3690D
:1060B000002B01D020009847200005A901F006FD23
:1060C000059B18000C3802686260154AA261154CE5
:1060D000A04208D1049B18000C38A0420DD106B094
:1060E00080BCB846F0BD043B1A68511E1960002AF6
:1060F000F0DC03A901F03CFAECE7043B1A68511EFE
:106100001960002AEBDC05A901F032FAE7E705A8DF
:1061100001F068FB380001F065FB23F07DF9F9E739
:10612000F54E0110E8310320080010B50368110096
:106130001B69984710BDC046080010B503681100E0
:106140001B69984710BDC04610B50B6808009B68D6
:10615000984710BD10B50B6808009B68984710BDA4
:1061600082B0F0B58BB0119318AB1B781100643B73
:10617000444ADBB29B00D358040006A89F460200A5
:1061800011AB60CB60C213001D0013AAC0CAC0C50A
:10619000179D0A680495169D20000395159D02958C
:1061A0006D46C0CBC0C55569079B069AA84720001D
:1061B0000BB0F0BC08BC02B01847020011AB60CBBA
:1061C00060C213001D0013AAC0CAC0C5179D0A688B
:1061D0000495169D20000395159D02956D46C0CB34
:1061E000C0C5D568079B069AA847E0E7020011AB37
:1061F00060CB60C213001D0013AAC0CAC0C5179DA2
:106200000A680495169D20000395159D02956D461C
:10621000C0CBC0C59569079B069AA847C7E702008F
:1062200011AB60CB60C213001D0013AAC0CAC0C569
:10623000179D0A680495169D20000395159D0295EB
:106240006D46C0CBC0C51569079B069AA847AEE747
:10625000020011AB60CB60C213001D0013AAC0CABC
:10626000C0C5179D0A680495169D20000395159DCD
:1062700002956D46C0CBC0C5D569079B069AA84755
:1062800095E7C046CCA1041082B0F0B58BB0119355
:1062900018AB1B781100643B444ADBB29B00D35817
:1062A000040006A89F46020011AB60CB60C2130039
:1062B0001D0013AAC0CAC0C5179D0A680495169D83
:1062C00020000395159D02956D46C0CBC0C555694C
:1062D000079B069AA84720000BB0F0BC08BC02B090
:1062E0001847020011AB60CB60C213001D0013AA57
:1062F000C0CAC0C5179D0A680495169D2000039565
:10630000159D02956D46C0CBC0C5D568079B069A02
:10631000A847E0E7020011AB60CB60C213001D008C
:1063200013AAC0CAC0C5179D0A680495169D20000F
:106330000395159D02956D46C0CBC0C59569079B19
:10634000069AA847C7E7020011AB60CB60C21300F2
:106350001D0013AAC0CAC0C5179D0A680495169DE2
:1063600020000395159D02956D46C0CBC0C51569EB
:10637000079B069AA847AEE7020011AB60CB60C24C
:1063800013001D0013AAC0CAC0C5179D0A68049552
:10639000169D20000395159D02956D46C0CBC0C586
:1063A000D569079B069AA84795E7C04624A2041022
:1063B00082B0F0B5D6464F464646C0B58EB017936C
:1063C0001BAB1B7805009C461E9B110017AC002BD5
:1063D00022D00AA8030044CC44C322001C00C0CA37
:1063E000C0C41E9C0A6805941D9C280004941C9C33
:1063F0000394644602946C46C0CBC0C494680B9B63
:106400000A9AA04728000EB0E0BCBA46B146A8469A
:10641000F0BC08BC02B01847220007AB9946294BD4
:10642000079308AB9A46C0CAC0C31E0019AA984673
:1064300088CA88C64A46634605921D9A029304920A
:106440001C9A434603926A4681CB81C20B68300096
:10645000DB68089A984653465B68C04723003200C1
:1064600003CA03C31D9B1B68002B13D11F9B9B6991
:10647000002B01D01F98984749461F9800F088FFCD
:10648000079B1F9A18000C38016851600E4A1F992B
:106490008A6102E0079B18000C382A0082CC82C275
:1064A0000A4A9042AED0043B1A68511E1960002A75
:1064B000A8DC310000F0CAFCA4E7484600F0FAFD71
:1064C00022F0AAFF0432032059520110F8310320B0
:1064D00082B0F0B5D6464F464646C0B58EB017934B
:1064E0001BAB1B7805009C461E9B110017AC002BB4
:1064F00022D00AA8030044CC44C322001C00C0CA16
:10650000C0C41E9C0A6805941D9C280004941C9C11
:106510000394644602946C46C0CBC0C494680B9B41
:106520000A9AA04728000EB0E0BCBA46B146A84679
:10653000F0BC08BC02B01847220007AB9946294BB3
:10654000079308AB9A46C0CAC0C31E0019AA984652
:1065500088CA88C64A46634605921D9A02930492E9
:106560001C9A434603926A4681CB81C20B68300075
:10657000DB68089A984653465B68C04723003200A0
:1065800003CA03C31D9B1B68002B13D11F9B9B6970
:10659000002B01D01F98984749461F9801F096FAA2
:1065A000079B1F9A18000C38016851600E4A1F990A
:1065B0008A6102E0079B18000C382A0082CC82C254
:1065C0000A4A9042AED0043B1A68511E1960002A54
:1065D000A8DC310000F0CCFFA4E7484601F002F946
:1065E00022F01AFFF4310320F54E0110E8310320A8
:1065F00082B0F0B54F464646D646C0B58AB0139332
:1066000015AB1B780400984617AB1B78150099460C
:106610001A9B13AF002B2CD09A69002A49D006CBC5
:1066200007AB9A4608AE3300504600F0FBFE33003D
:1066300006CF06C3524603924A460292169A2B6828
:10664000019242460092DF6829002000089A099BC7
:10665000B847079B1B4A18000C3890421FD12000F6
:106660000AB0E0BCBA46B146A846F0BC08BC02B0CD
:10667000184708AB1A0003CF03C218981999049061
:1066800005914946029116992A6801914146009167
:10669000966829002000089A099BB047DFE7043B71
:1066A0001A68511E1960002AD9DC310000F0CEFBB7
:1066B000D5E705480DF098FC504600F0FBFC22F0B1
:1066C000ABFEC046F8310320B0A1041082B0F0B593
:1066D0004746CE4680B58BB0139315AB1B780400AC
:1066E00098461A9B150013AF002B2BD09A69002AED
:1066F00048D006CB07AB994608AE3300484601F0B8
:1067000039FA330006CF06C34A460392179A2B681C
:106710000292169A2900019242460092DF682000F8
:10672000089A099BB847079B1A4A18000C389042F0
:106730001ED120000BB0C0BCB946B046F0BC08BCAE
:1067400002B0184708AB1A0003CF03C21898199972
:106750000490059117992A680291169920000191D9
:106760004146009196682900089A099BB047E0E7E6
:10677000043B1A68511E1960002ADADC310000F06F
:10678000F7FED6E704480DF02FFC484601F02AF842
:1067900022F042FEE8310320B0A10410F8B5022334
:1067A0000D00CB4ACB495B42060022F039FD041EA6
:1067B00002D005682800F8BDC74B9D4248D0C74BA2
:1067C0009D4200D18FE0C64B9D426CD0C54B9D428F
:1067D00000D19AE0C44B9D4200D1A3E0C34B9D423F
:1067E00000D1ACE0C24B9D4200D1D9E0C14B9D42EB
:1067F00000D106E1C04B9D4200D111E1BF4B9D424B
:106800005ED0BF4B9D4200D138E1BE4B9D4200D1CE
:1068100042E1BD4B9D4200D14CE1BC4B9D4200D1B9
:10682000AAE1BB4B9D4200D1D8E1BA4B9D4200D0BA
:1068300006E21420F8F73AF90021050019F08EF865
:1068400073682E6101337360B34B08332B60B1E77B
:106850006820F8F72BF9B14B0022036064234460F1
:106860008460C460047444618461C461046284848B
:106870000700C2541420F8F719F9A94B002144600D
:10688000036087600500FCF70BFE73683A00013374
:106890007360A44B310008330020EE602B602F6141
:1068A00007F0A2FB86E70C20F8F700F973680500F3
:1068B000013373609C4B446008338660036079E762
:1068C0001020F8F7F3F800234360984B05000360AD
:1068D000FBF7BCF87368A86001337360944BEE60FB
:1068E00008332B6066E71020F8F7E0F8914B44601E
:1068F00003600500FBF7AAF87368A86001337360B2
:106900008D4BEE6008332B6054E70C20F8F7CEF87F
:106910007368050001337360884B446008338660F8
:10692000036047E70C20F8F7C1F8736805000133EE
:106930007360834B44600833866003603AE7442009
:10694000F8F7B4F87F4B432203600023446083745C
:106950008460C460048244618461C46104624462EE
:106960008462C46204634463070083541420F8F70C
:106970009DF8754B0022002144600360876005008C
:10698000FCF71AFA73683A00013373606F4B3100F9
:1069900008330020EE602B602F6107F0E9FC09E767
:1069A0004420F8F783F86A4B4322036000234460D5
:1069B00083748460C460048244618461C46104623D
:1069C00044628462C46204634463070083541420F5
:1069D000F8F76CF85F4B0022002144600360876089
:1069E0000500FCF739FA73683A00013373605A4BBB
:1069F000310008330020EE602B602F6107F05EFD50
:106A0000D8E61420F8F752F8002105000EF0F4F94A
:106A100073682E6101337360504B08332B60C9E6F5
:106A200094204000F8F742F84D4B00270360922372
:106A30005B0047608760C760077447618761C76113
:106A40000762476287620400C7541420F8F72EF8E3
:106A5000444B00214760036084600500FCF7A6FDFD
:106A600073682200013373603F4B3100083300200C
:106A7000EE602B602C6107F02FFB9BE60C20F8F7F3
:106A800015F8002343607368050001337360374BCA
:106A90008660083303608DE60C20F8F707F80023C2
:106AA00043607368050001337360314B86600833BF
:106AB00003607FE60C20F7F7F9FF0023436073685B
:106AC0000500013373602B4B86600833036071E669
:106AD000C8A204100C9D041064330320403303202B
:106AE0006C3303207C330320843303200C320320D7
:106AF000083203205C33032068330320443303202F
:106B000070330320803303208833032014320320A2
:106B10001032032060330320ACA80410349E04100C
:106B200084C30410C8A8041010A90410BCCC04101D
:106B300074A8041068C3041058A8041060A90410B5
:106B400090A90410B89D041034C40410F4A90410D2
:106B5000C89D041068C40410C0A9041090A80410B3
:106B6000449E041018CD0410ECA8041038A9041099
:106B700078A90410A8A904107020F7F797FF4F4BCD
:106B8000002703606C2347608760C7600774476114
:106B90008761C761076247628762C76207634763AD
:106BA0008763C7630400C7541420F7F77FFF444B83
:106BB000002200214760036084600500FCF704FAAE
:106BC00073682200013373603E4B310008330020AC
:106BD000EE602B602C6107F017FDEBE57020F7F7F6
:106BE00065FF394B002703606C2347608760C760EF
:106BF000077447618761C761076247628762C7623E
:106C0000076347638763C7630400C7541420F7F71B
:106C10004DFF2E4B00220021476003608460050079
:106C2000FCF722FA7368220001337360284B3100AD
:106C300008330020EE602B602C6107F0AFFDB9E552
:106C400024480DF0D1F9E868FEF7F4FB2800FCF7C2
:106C50008FFA2800F7F732FF22F0DEFB2800FAF760
:106C6000DFFEF6E7E868FEF7E5FB2800FCF7EEFC40
:106C7000EFE7F3E7F2E7ECE7E868FEF7DBFB280075
:106C8000FCF742FAE5E7E9E7E868FEF7D3FB2800FE
:106C9000FCF758FCDDE7E1E7E868FEF7CBFB2800EE
:106CA000FCF75EF9D5E7D9E7E868FEF7C3FB2800F3
:106CB000FCF722F9CDE7D1E7D0E7CAE7D89D041069
:106CC000C8CD04105CAA0410E89D0410FCCD04108B
:106CD00028AA04107CA2041070B50E0001681D00E3
:106CE0000B000C3B1C68A54213D8641B94420AD8C5
:106CF000002C06D04919012C08D022003000F7F7EB
:106D0000CFFE200070BD141EFBD0F3E70B7833706C
:106D1000F7E723002A00024902480DF095F9C04622
:106D2000C8AA041090AA0410036830B51A000C3ADF
:106D30009468002C01DA002494600A6814000C3C6A
:106D4000A568002D01DA0025A56002600B6030BD4A
:106D5000006810B503000C3B1C68A24203D307E097
:106D60000132A24204D0835C8B42F9D0100001E0D2
:106D70000120404210BDC0461B4B10B50400984294
:106D80002FD8884218D94B00984200D21C0023000B
:106D9000200080221D330D305201934213D98C42C2
:106DA00011D994461B051B0D6444E41A0E4B9C42FA
:106DB00011D820000D3008E0230080221D330D3053
:106DC0005201934201D9002809DBF7F76FFE002337
:106DD0004460836010BD1C0020000D30F5E70DF00D
:106DE000E3F802480DF018F9FCFFFF3FDCAA04109D
:106DF000F8B504000D00002802D10D4E3000F8BD9A
:106E00000021FFF7B9FF060007000C36012C0DD05A
:106E1000220029003000F7F73DFE064B9F42EDD0DF
:106E200000233C603C19BB602373E7E70573F4E77C
:106E300004320320F831032010B5040008001100CB
:106E40001A00FFF7D5FF2060200010BD10B5F7F73E
:106E500035FE10BDF0B557464E464546DE46E0B518
:106E60001F000368050018009946BB1A98460C38A5
:106E7000066853180C004168B0449A4683B0F61A6D
:106E8000884502D88368002B2FDD404601AAFFF712
:106E900073FF0C2383465B449946002C06D0296877
:106EA000012C45D022001800F7F7FAFD002E10D172
:106EB0002B682A4C18000C38A04241D14B462B605D
:106EC000A3452CD103B0F0BCBB46B246A946A046B0
:106ED000F0BD200029680C30C01958445144012EDF
:106EE0002BD03200F7F7DCFDE2E7002E13D09742FB
:106EF00011D03F193800494648445144012E29D049
:106F0000320032F0F5FA2B68144C99460C235B42A0
:106F10004B449B46D4E78346104CA345D2D04A4607
:106F2000002341460C3A936011604A465354C9E726
:106F30000B780373002EBBD0CBE70B780370B7E759
:106F4000043B1A68511E1960002AB7DC01A9FFF73B
:106F50007DFFB3E70B780370D5E7C046F831032017
:106F600003680A4A0C3B10B50400934205D09A68A6
:106F7000002A03DC012252429A6010BD0023002245
:106F80000021FFF767FF23680C3BF3E7F83103208C
:106F9000F8B50E0001681C0006AB1F780C390E4BCB
:106FA0000968D31805005B1A9C4211D823003100F0
:106FB000FFF750FF002C07D02B689819012C05D043
:106FC00022003900F7F766FD2800F8BD0770FBE7DF
:106FD00002480DF021F8C046FCFFFF3FF4AA041060
:106FE000F8B5069E1F00330004000D00FFF732FFC6
:106FF000002E07D023685819012E05D03200390021
:10700000F7F74EFD2000F8BD3B780370FAE7C04665
:1070100070B506680B003100040023480C391500D8
:1070200082B00A6885423BD89E4206D900212000E2
:107030000095FFF7D5FF02B070BDB0189842F5D3A8
:1070400088680028F2DC9A1B954216D9002A0BD0DA
:10705000012D1FD0002D07D0190030002A0032F07A
:1070600047FA266831000C39104B20009942E2D0D3
:1070700000230D608B607355DDE7012D0AD0002DD4
:10708000F2D0190030002A00F7F70AFD2668310017
:107090000C39E9E71B783370266831000C39E3E7D7
:1070A00003480CF0B9FFC046FCFFFF3FF831032056
:1070B00014AB0410036810B504001800084A0C381B
:1070C00082B0904202D1200002B010BD043B1A6889
:1070D000511E1960002AF6DC01A9FFF7B7FEF2E79E
:1070E000F831032070B504000368D0180A00616805
:1070F000FFF742FE0600226805000C36002A07D082
:10710000012A0AD0210030000C31F7F7C9FC2268AF
:10711000084B9D4207D1300070BD237B0373054BA4
:1071200022689D42F7D000232A60AB60AD182B7314
:10713000F1E7C046F831032030B50400006883B0A1
:107140000C384368994202D18368002B0EDD026837
:1071500091420DD38A1A01A9FFF7C4FF23680500E5
:107160001800094A0C38904204D1256003B030BDA4
:107170001100EFE7043B1A68511E1960002AF4DC85
:1071800001A9FFF763FEF0E7F8310320F8B50D0021
:10719000096804000B000C3B1E68002E21D000681B
:1071A00002000C3A13689C469F1953689F4202D80C
:1071B0009268002A09DD39002000FFF7BDFF206832
:1071C000296803000C3B1B689C466044012E0FD0CD
:1071D0003200F7F765FC2268074913000C3B8B422D
:1071E00001D12000F8BD00211F609960D155F8E75A
:1071F0000B780370EFE7C046F8310320F8B50500BF
:107200000E00141E25D000681F4A01000C390B68BF
:10721000D21A944235D84A68E718974202D88A6849
:10722000002A09DDB04216D928003900FFF784FF93
:10723000286803000C3B1B68C018012C19D02200E1
:107240003100F7F72DFC2A68104913000C3B8B42E4
:1072500012D12800F8BDC3189E42E5D8361A39006D
:107260002800FFF769FF286803000C3B1B6886199C
:10727000E2E733780370E6E700211F609960D1559B
:10728000E7E703480CF0C8FEFCFFFF3FF83103209E
:107290002CAB0410F8B505000C001700002923D012
:1072A0000068174E02000C3A1368F61AB14224D84F
:1072B000CE1851688E4202D89268002A07DD280055
:1072C0003100FFF739FF286803000C3B1B68C0182A
:1072D000012C0BD022003900F7F7DCFB2A680949A2
:1072E00013000C3B8B4203D12800F8BD0770F5E773
:1072F00000211E6099609155F6E703480CF08CFE62
:10730000FCFFFF3FF83103202CAB0410036810B5DD
:107310000A4C0C3B1B68A1420CD8994206D800D3FA
:1073200010BD5A1A0023FFF795FDF9E7C91AFFF7B8
:10733000B1FFF5E702480CF06FFEC046FCFFFF3FCF
:1073400044AB0410F8B503680D001A000C3A176836
:1073500051687E1C04008E4203D891683A000029CF
:1073600007DD31002000FFF7E7FE23681A000C3A22
:1073700012689D542368054A0C3B934200D1F8BD26
:1073800000221E609A60DB195A73F8E7F831032077
:107390000B6810B5040018000C38826882B0002A0F
:1073A00006DB0849884209D12000236002B010BDE5
:1073B000002201A9FFF796FE0300F5E7191F01322D
:1073C0000A60F1E7F8310320F8B50500884218D0CB
:1073D00000281ED00C1A20000021FFF7CDFC07006A
:1073E00006000C37012C09D0220029003800F7F7DD
:1073F00057FB094B9E4206D13800F8BD2B7803732A
:10740000F7E7064FF8E7002334603419B3602373BD
:10741000F2E703480CF0E8FDF831032004320320C2
:107420005CAB041010B50400080011001A004118EC
:107430000023FFF7C9FF2060200010BD70B50E00CB
:1074400001681D000B000C3B1C68A54214D8641B8E
:1074500094420BD8002C07D0AD004919012C08D05C
:10746000220030002BF068F9200070BD141EFBD004
:10747000F2E70B683360F7E723002A00014902486E
:107480000CF0E2FDC8AA041090AA0410036830B5FD
:107490001A000C3A9468002C01DA002494600A68FF
:1074A00014000C3CA568002D01DA0025A5600260DF
:1074B0000B6030BD144B10B50400984221D88842AF
:1074C00015D94B00984200D21C00201D80000200FC
:1074D000802310325B019A420BD98C4209D91205E4
:1074E000120D9B1A9B081C19074B9C4207D8201DA4
:1074F0008000F7F7DBFA00234460836010BD1C00B6
:10750000F5E702480CF088FDFEFFFF0FDCAA04102F
:10751000F8B504000D00002802D10E4E3000F8BD71
:107520000021FFF7C7FF060007000C36012C0ED024
:107530002200290030002BF00BF9074B9F42EDD0C1
:1075400000233C60A4003C19BB60E360E6E7C56033
:10755000F3E7C046F4310320E831032010B50400FE
:10756000080011001A00FFF7D3FF2060200010BDB3
:1075700010B5F7F7A3FA10BDF0B557464E4645468D
:107580001C00DE46E0B50E00A11A8846036891197A
:107590009A460C3B1F688946B8447F1A5968050013
:1075A00083B0884502D89868002836DD404601AA95
:1075B000FFF780FF8346002E22D10C225A449246C8
:1075C0002B68002F0CD04A46A419A0000C30910063
:1075D00058445918012F45D03A002BF0ADF82B68CC
:1075E0001800294C0C38A0423FD153462B60A345CC
:1075F0002BD103B0F0BCBB46B246A946A046F0BDB5
:107600000C235B449A462B68012E28D019003200C7
:1076100050462BF091F82B68D3E7002F11D09442FD
:107620000FD04A46A419A000910050445144012FA4
:1076300025D03A002BF086F82B689A460C235B4243
:1076400053449B46104CA345D3D053464146002299
:107650000C3B19609A608B0051465A50C9E7196873
:10766000C160AEE70A680260BAE7043B1A68511EBF
:107670001960002AB9DC01A9FFF77AFFB5E70A68AB
:107680009B46014C0260B2E7E831032003680A4AD6
:107690000C3B10B50400934205D09A68002A03DC25
:1076A000012252429A6010BD002300220021FFF700
:1076B00063FF23680C3BF3E7E831032070B50E004D
:1076C00001681C000C390F4B0968D31805005B1AC0
:1076D0009C4214D823003100FFF74EFF002C09D044
:1076E0002B68B0009C466044012C05D02200049910
:1076F0002BF02EF8280070BD049B0360FAE70248C7
:107700000CF08AFCFEFFFF0FF4AA0410F8B5069EE9
:107710001F00330004000D00FFF72EFF002E09D0DC
:107720002368A8009C466044012E05D03200390031
:107730002BF002F82000F8BD3B680360FAE7C04672
:1077400070B506680B003100040023480C391500A1
:1077500082B00A6885423BD89E4206D900212000AB
:107760000095FFF7D3FF02B070BD9000301898422B
:10777000F4D388680028F1DC9A1B9210954217D93F
:10778000002A0BD0012D20D0002D07D01900300089
:107790002A002AF0D7FF266831000C390F4B200051
:1077A0009942E0D000230D60AD008B60AB51DAE769
:1077B000012D0AD0002DF1D0190030002A002AF046
:1077C000BBFF266831000C39E8E71B683360E5E74A
:1077D00003480CF021FCC046FEFFFF0FE8310320F8
:1077E00014AB0410036810B504001800084A0C38E4
:1077F00082B0904202D1200002B010BD043B1A6852
:10780000511E1960002AF6DC01A9FFF7B1FEF2E76C
:10781000E831032070B504000368D0180A006168DD
:10782000FFF748FE0600226805000C36002A07D044
:10783000012A0AD0210030000C312AF07DFF226895
:10784000084B9D4207D1300070BDE368C360054B13
:1078500022689D42F7D000232A609200AB60AD18E9
:10786000EB60F0E7E831032030B50400006883B036
:107870000C384368994202D18368002B0EDD026800
:1078800091420DD38A1A01A9FFF7C4FF23680500AE
:107890001800094A0C38904204D1256003B030BD6D
:1078A0001100EFE7043B1A68511E1960002AF4DC4E
:1078B00001A9FFF75DFEF0E7E8310320F8B50D0000
:1078C000096804000B000C3B1E68002E23D00268E0
:1078D00013000C3B1868844687195868874202D801
:1078E0009868002809DD39002000FFF7BDFF2268F5
:1078F000296813000C3B1868844660468000101805
:10790000012E10D032002AF017FF226813000C3B22
:1079100006498B4201D12000F8BD00211F60BF0045
:107920009960B950F7E709680160F1E7E831032091
:10793000F8B505000E00141E26D0036821491A0070
:107940000C3A1068091A8C4238D8516827188F42AF
:1079500002D89168002909DDB34217D928003900FF
:10796000FFF782FF2B681A000C3A10688000181885
:10797000012C1AD0220031002AF0DEFE2B681A00FA
:107980000C3A11498A4213D12800F8BD800018181A
:107990008642E3D828003900F61AFFF765FF2B6806
:1079A0001A000C3A10689E19E0E731680160E8E7B8
:1079B00000211760BF009160F950E5E703480CF023
:1079C0002BFBC046FEFFFF0FE83103202CAB041059
:1079D000F8B505000C001600002924D002681849EB
:1079E00013000C3B1868091A8C4226D859682718CE
:1079F0008F4202D89968002907DD28003900FFF777
:107A000033FF2A6813000C3B186880001018012C03
:107A10000BD0220031002AF09BFE2A6813000C3B99
:107A200008498B4203D12800F8BD0660F8E7002121
:107A30001F60BF009960B950F5E703480CF0ECFAFD
:107A4000FEFFFF0FE83103202CAB0410036810B5D4
:107A50000A4C0C3B1B68A1420CD8994206D800D3B3
:107A600010BD5A1A0023FFF787FDF9E7C91AFFF77F
:107A7000AFFFF5E702480CF0CFFAC046FEFFFF0F5C
:107A800044AB041070B5040000680D0003000C3B0B
:107A90001A685968561C8E4202D89968002907DD79
:107AA00020003100FFF7E0FE206803000C3B1A685D
:107AB00092001550044A934200D170BD00221E600E
:107AC000B6009A603250F8E7E83103200B6810B531
:107AD000040018000C38826882B0002A06DB0849CE
:107AE000884209D12000236002B010BD002201A904
:107AF000FFF790FE0300F5E7191F01320A60F1E776
:107B0000E8310320F0B5C646050000B588421ED016
:107B1000002825D00C1AA71000213800FFF7CAFC56
:107B20000C23984606008044012F0DD0002F04D06E
:107B30003A00290040462AF0FFFD0B4B9E4209D136
:107B4000404680BCB846F0BD2B68C360F5E7074BE4
:107B50009846F5E700233419B3603760E360EFE738
:107B600003480CF041FAC046E8310320F431032009
:107B70005CAB041020B505000800110089001A0054
:107B800041180023FFF7BEFF2860280020BDC04633
:107B9000080070470800704710B50400094B08330F
:107BA0000360083022F0CCFE237B002B04D0A069B8
:107BB000002801D0F6F786FF2000F9F731FF2000FA
:107BC00010BDC046E4AB041010B50400064B0833EA
:107BD0000360083022F0B4FE044B20002360F9F764
:107BE0001FFF200010BDC04614AC0410D8CC0410F8
:107BF00010B514008A4203D00298521AF6F750FFCB
:107C0000200010BD10B5180014008A4202D0521A8C
:107C1000F6F746FF200010BD10B50400074B0833EF
:107C20000360083022F08CFE054B20002360F9F73A
:107C3000F7FE2000F6F742FF200010BD14AC041040
:107C4000D8CC041010B504000A4B08330360083088
:107C500022F076FE237B002B04D0A069002801D0FF
:107C6000F6F730FF2000F9F7DBFE2000F6F726FFDD
:107C7000200010BDE4AB041070B58021C0B004003A
:107C80006B46002249001A70013201338A42FAD150
:107C9000250023681D35DE690D4B9E4212D140AB95
:107CA0002800991AF6F7FCFE012380222900684675
:107CB0002377520031F054FB002801D002232377B0
:107CC00040B070BD2B006946200040AAB047EBE7EA
:107CD000057C01104B1E99410B4B10B508334160D8
:107CE00003600400F9F7B2FE0023A06023732000B4
:107CF00000F088FA200010BD044B20002360F9F743
:107D00008FFE21F089FBC04614AC0410D8CC0410BF
:107D100083695B5C9B0701D52039C9B208007047B5
:107D200083695B5CDB0701D52031C9B2080070476D
:107D300070B50400581E83416360154B2360002911
:107D400020D0002A18D12273226162612000802293
:107D5000A161520000211D30F6F79CFE2000002595
:107D600080221E30257700215200FF30F6F792FE68
:107D7000084B2000E55470BD0123237300232361C9
:107D80006361E3E72173216161610349DEE7C04676
:107D9000ECAB04101D02000049E00410F0B5C6462B
:107DA00005000C00160000B591421AD202230F4FB5
:107DB00098460AE04246AB695B5C1A4201D0203922
:107DC000C9B221700134A6420BD02B6821789B6880
:107DD000BB42EFD028009847010021700134A64231
:107DE000F3D1300080BCB846F0BDC046117D011013
:107DF000F0B5C64605000C00160000B591421AD237
:107E000001230F4F98460AE04246AB695B5C1A4279
:107E100001D02031C9B221700134A6420BD02B68A9
:107E200021781B69BB42EFD02800984701002170E0
:107E30000134A642F3D1300080BCB846F0BDC04644
:107E4000217D01109223F0B5C646DB00C418103323
:107E5000C518083B0F00904600B5C61803E0013472
:107E60000435B4420AD023783B42F8D04046296812
:107E700024F0A8FD0028F2D0012000E0002080BC02
:107E8000B846F0BD10B5442907D800290BD04429C5
:107E900009D81D4A8B00D3589F46972903D11B4808
:107EA0002AF030FC10BD44230B4204D1682300208B
:107EB0009943F7D0F3E716482AF024FCF2E7154877
:107EC0002AF020FCEEE714482AF01CFCEAE71348ED
:107ED0002AF018FCE6E712482AF014FCE2E7114801
:107EE0002AF010FCDEE710482AF00CFCDAE70F4815
:107EF0002AF008FCD6E70E482AF004FCD2E70D4829
:107F00002AF000FCCEE7C046ACAC04105CAC041018
:107F100094AC041064AC04106CAC041074AC041089
:107F20008CAC0410A4AC04107CAC041084AC041021
:107F30009CAC041054AC041010B5080029F042F8B1
:107F400010BDC04670B50C00160091420BD2551EF4
:107F50006D1AAD080135AD004D19206829F032F8D1
:107F600001C4AC42F9D1300070BDC04610B5080064
:107F700029F01AF810BDC04670B50C0016009142E9
:107F80000BD2551E6D1AAD080135AD004D19206894
:107F900029F00AF801C4AC42F9D1300070BDC046E6
:107FA000F0B54E46DE4657464546E0B583B09946A5
:107FB0000E0013000192914229D2013B5B1A9B08EB
:107FC00001334B449A469423DB009B46103B9C466E
:107FD0008444634600939323DB00984683448044A3
:107FE0005D460027009C2968306824F0EBFC0028DF
:107FF00001D023781F4301340435A045F3D14B460B
:108000001F7001239C46E1440436D145E8D1019814
:1080100003B0F0BCBB46B246A946A046F0BDC04680
:10802000F8B54E46DE46454657468146E0B5904691
:108030000E009B469A421FD29327FF004F444B46A7
:1080400042461B6812689B689246154A93421AD1B1
:1080500092249425E400ED004C444D4403E00134A7
:108060000435A74215D023783342F8D0504629680A
:1080700024F0A8FC0028F2D04046F0BCBB46B24633
:10808000A946A046F8BD5246310048469847002808
:10809000F2D104239C46E044C345D0D8ECE7C04667
:1080A000457E0110F8B54E46DE46454657468146A8
:1080B000E0B590460E009B469A4224D29327FF00DB
:1080C0004F444B4642461B6812689B689246174ACB
:1080D00093421FD192249425E400ED004C444D447A
:1080E00003E001340435A7420DD023783342F8D0A1
:1080F0005046296824F066FC0028F2D004239C46F0
:10810000E044C345DDD84046F0BCBB46B246A94674
:10811000A046F8BD52463100484698470028F2D0A4
:1081200004239C46E044C345CBD8ECE7457E0110D0
:10813000243189000858704730B50500100091427D
:1081400007D20C7801312434A400645910C388424A
:10815000F7D130BD030010B5080014007F2902D804
:108160001A7B002A07D12AF00DFA030020005A1CBE
:1081700000D0D8B210BD5818407BFBE7F8B5CE460A
:10818000474680B51E00037B81460D001700089C02
:10819000002B22D091421BD2531E5B1A9B08013345
:1081A0009846A04406E04844437B043523700134DC
:1081B000A0450DD028687F28F5D92AF0E3F93300CF
:1081C000421C00D0C3B2237001340435A045F1D164
:1081D0003800C0BCB946B046F8BD9142F8D2531E33
:1081E0005B1A9B0801339846A04428682AF0CAF914
:1081F0003300421C00D0C3B223700134043544451F
:10820000F3D1E5E7F0B5C64605000700002400B548
:108210000D3503E028550134802C29D020002AF0A8
:10822000B1F9431CF6D100233B733D0080260024A6
:1082300090357600200023F0F3FB013401C5B442F1
:10824000F8D19423DB00FD18103B9846002401264A
:10825000B8443100A1404346C9B219553800FFF770
:1082600011FE013401C5082CF3D180BCB846F0BD25
:1082700001233B73D9E7C0468368587C7047C046EA
:108280008368987C7047C0468368D86A7047C04648
:1082900010B58368FF24186B82B00300010A020C3A
:1082A000214023400902224012040B43000E1343D5
:1082B0000006184302B010BD10B58368FF24586B48
:1082C00082B00300010A020C21402340090222402F
:1082D00012040B43000E13430006184302B010BDF6
:1082E0008368587C7047C0468368987C7047C04656
:1082F0008368D86A7047C04610B58368FF24186B3E
:1083000082B00300010A020C2140234009022240EE
:1083100012040B43000E13430006184302B010BDB5
:1083200010B58368FF24586B82B00300010A020C69
:10833000214023400902224012040B43000E134344
:108340000006184302B010BD24238268D05C704739
:1083500025238268D05C704700207047002070475A
:108360007047C046002010B5914206D21924E04162
:108370000B78013118188A42F9D110BD10B50400EC
:10838000024B0360F9F74CFB200010BD74B00410E1
:1083900010B50400024B0360F9F742FB200010BD4A
:1083A0008CB0041010B50400024B0360F9F738FBE1
:1083B000200010BDA4B0041010B50400044B0360ED
:1083C000F9F72EFB2000F6F779FB200010BDC04620
:1083D00074B0041010B50400044B0360F9F720FBDF
:1083E0002000F6F76BFB200010BDC0468CB00410D7
:1083F00010B50400044B0360F9F712FB2000F6F7F8
:108400005DFB200010BDC046A4B0041010B50400F0
:10841000044B0360083022F093FA2000F9F700FBC8
:10842000200010BD58B0041010B50400FFF7EEFF97
:108430002000F6F743FB200010BDC04610B5040035
:10844000044B0360083022F07BFA2000F9F7E8FAC9
:10845000200010BDB0AF0410F0B55746DE464E46C2
:1084600045461C00E0B58DB002AB0093070099466D
:108470006846002316F050FD08AB9A46069321008B
:108480000023169A06A816F047FD019B009D98460A
:10849000069C079EA844A61903E0A6422AD00135EF
:1084A000013422002900380022F0FCFB834600281A
:1084B0000ED1280026F022FC2D18200026F01EFCEC
:1084C0002418A845E9D1341B631E9C4163429B4696
:1084D0000698504501D0F6F7F1FA0098484501D0CA
:1084E000F6F7ECFA58460DB0F0BCBB46B246A946CA
:1084F000A046F0BD01239B46EAE70098484501D01D
:10850000F6F7DCFA20F088FF10B50400064B036094
:10851000083022F015FA2000F9F782FA2000F6F769
:10852000CDFA200010BDC046B0AF0410F0B55746DC
:108530004E464546DE46E0B51E0008239C46844470
:1085400063468BB0036003930023150043600372FE
:1085500006AB04008A46049332000023290004A8D5
:1085600016F0DAFC049F059B761B7600FB183000A2
:108570000293F6F79FFA3E4B05009B4607E0002268
:1085800049465A5443464146636023685A543A0068
:1085900033002900504622F08FFB020086420ED89D
:1085A000461C2800F6F78EFA3000F6F783FA3A00F8
:1085B000010005003300504622F07EFB02005B46BE
:1085C00061685B1A9A4234D82900200016F0BAFB81
:1085D000380026F093FB029B3F18BB4218D063681B
:1085E000039A994601234B449846236801379A42DF
:1085F0000CD0A2689045C2D90123002200934946BD
:108600000023200016F0AEF92368B8E70F22F1E747
:108610002800F6F757FA049806AB984201D0F6F70F
:108620004DFA20000BB0F0BCBB46B246A946A046AE
:10863000F0BD10480BF0F0FC21F08AF821F012FD9B
:1086400001E021F0BFF8049806AB984201D0F6F79C
:1086500035FA2068039B834201D0F6F72FFA20F009
:10866000DBFEF6E721F074F82800F6F72BFAE5E7D1
:10867000FFFFFF3F2CAB0410F0B506008B680836F7
:108680009F68040083B00660002F25D0380026F0D4
:1086900035FB0500030001900F280CD8012807D1F5
:1086A0003A782272002220006360F25403B0F0BDD9
:1086B0000028F7D008E00022200001A916F010F9E8
:1086C0000600019B2060A36030002A003900F6F705
:1086D000E7F9019B2668E5E701480BF085FCC046F9
:1086E000C0AD0410F0B506008B6808365F6A040060
:1086F00083B00660002F25D0380026F0FFFA050071
:10870000030001900F280CD8012807D13A78227273
:10871000002220006360F25403B0F0BD0028F7D0BF
:1087200008E00022200001A916F0DAF80600019BFB
:108730002060A36030002A003900F6F7B1F9019BF0
:108740002668E5E701480BF04FFCC046C0AD0410B9
:10875000F0B506008B6808365F69040083B00660D8
:10876000002F25D0380026F0C9FA0500030001903B
:108770000F280CD8012807D13A7822720022200055
:108780006360F25403B0F0BD0028F7D008E0002287
:10879000200001A916F0A4F80600019B2060A36048
:1087A00030002A003900F6F77BF9019B2668E5E7DF
:1087B00001480BF019FCC046C0AD0410F0B506002E
:1087C0008B680836DF69040083B00660002F25D06F
:1087D000380026F093FA0500030001900F280CD80A
:1087E000012807D13A782272002220006360F254F7
:1087F00003B0F0BD0028F7D008E00022200001A956
:1088000016F06EF80600019B2060A36030002A007D
:108810003900F6F745F9019B2668E5E701480BF0BA
:10882000E3FBC046C0AD0410F0B506008B68083607
:108830009F68040083B00660002F25D0380026F022
:108840005DFA0500030001900F280CD8012807D11C
:108850003A782272002220006360F25403B0F0BD27
:108860000028F7D008E00022200001A916F038F80F
:108870000600019B2060A36030002A003900F6F753
:108880000FF9019B2668E5E701480BF0ADFBC046F8
:10889000C0AD0410F0B506008B6808365F690400AF
:1088A00083B00660002F25D0380026F027FA050097
:1088B000030001900F280CD8012807D13A782272C2
:1088C000002220006360F25403B0F0BD0028F7D00E
:1088D00008E00022200001A916F002F80600019B22
:1088E0002060A36030002A003900F6F7D9F8019B18
:1088F0002668E5E701480BF077FBC046C0AD0410E1
:10890000F0B506008B680836DF69040083B00660A6
:10891000002F25D0380026F0F1F905000300019062
:108920000F280CD8012807D13A78227200222000A3
:108930006360F25403B0F0BD0028F7D008E00022D5
:10894000200001A915F0CCFF0600019B2060A36068
:1089500030002A003900F6F7A3F8019B2668E5E706
:1089600001480BF041FBC046C0AD0410F0B5060055
:108970008B6808365F6A040083B00660002F25D03C
:10898000380026F0BBF90500030001900F280CD831
:10899000012807D13A782272002220006360F25445
:1089A00003B0F0BD0028F7D008E00022200001A9A4
:1089B00015F096FF0600019B2060A36030002A009E
:1089C0003900F6F76DF8019B2668E5E701480BF0E2
:1089D0000BFBC046C0AD0410F0B506008B6808362E
:1089E0009F68040083B00660002F25D0380026F071
:1089F00085F90500030001900F280CD8012807D144
:108A00003A782272002220006360F25403B0F0BD75
:108A10000028F7D008E00022200001A915F060FF2F
:108A20000600019B2060A36030002A003900F6F7A1
:108A300037F8019B2668E5E701480BF0D5FAC046F8
:108A4000C0AD0410F0B506008B6808365F690400FD
:108A500083B00660002F25D0380026F04FF90500BE
:108A6000030001900F280CD8012807D13A78227210
:108A7000002220006360F25403B0F0BD0028F7D05C
:108A800008E00022200001A915F02AFF0600019B42
:108A90002060A36030002A003900F6F701F8019B3E
:108AA0002668E5E701480BF09FFAC046C0AD041008
:108AB000F0B506008B680836DF69040083B00660F5
:108AC000002F25D0380026F019F905000300019089
:108AD0000F280CD8012807D13A78227200222000F2
:108AE0006360F25403B0F0BD0028F7D008E0002224
:108AF000200001A915F0F4FE0600019B2060A36090
:108B000030002A003900F5F7CBFF019B2668E5E726
:108B100001480BF069FAC046C0AD041008B4F0B5C6
:108B2000C64600B50D000420002183B0160024F0D5
:108B30002DF803780400432B0BD14378002B08D188
:108B40000AAB31002800099A0193F4F73FFD0400B5
:108B50001FE0200026F0D2F8431C98461800F5F7D5
:108B6000A9FF424621000700F5F79AFF0D490420AE
:108B700024F00CF80AAB3100099A28000193F4F7AD
:108B800025FD39000400042024F000F83800F5F732
:108B900099FF200003B080BCB846F0BC08BC01B00F
:108BA0001847C046B89A0410F0B5DE464E46454612
:108BB0005746E0B5A1B0109214006C229446119370
:108BC0001D002B9B0C9003932C9B2A9F6344180041
:108BD00099460CF025F90A90CA48F9F7E1F92C9B5F
:108BE0008046DA6E8300D668F61833689B46002B01
:108BF00000D1E1E338235B4409935B461B6A002BF9
:108C000004D05B469B6A5A1E9341DBB20F9314ABB0
:108C1000984616AB424614930023536013725B468A
:108C20001B7C002B03D02021404615F011FF1CAB0C
:108C30001A9300231AAE202130003372736015F0AE
:108C400007FF39235B4404935B465B6B139300235C
:108C50000593079302930D930B930E93039B01339C
:108C60005A425341DBB208931421059A0EAB5B18AC
:108C70009B5C042B01D900F03EFCA34A9B00D35817
:108C80009F46099B1CAAC01AA04B1B681B5C9A46F6
:108C9000736899465D1C3368934200D122E2B26842
:108CA000954200D9D3E14A4651469954002332688F
:108CB00075605355029B01330293A368E2689342A7
:108CC0005ED20133A36001256D42002C00D1B8E1D2
:108CD000002399466B1C00D1D2E1002F00D149E15D
:108CE000039A0023013200D1DAE14B4500D145E17E
:108CF000002C02D06B1C00D1E0E1FF21EBB29A46C0
:108D000029400A22049830F04BFB0028B9D15B4679
:108D10005B7C534500D1A4E15B461B7C9946002B4C
:108D200000D12BE15B469B7C534500D028E1079B9B
:108D3000002B01D000F0EEFB029B002B01D100F0D4
:108D40000AFCDBB29A4643465B6816AA99465D1C4C
:108D500043461B68934200D1E2E142469268954245
:108D600000D9B4E14A4651469954434642465D60B3
:108D70000023126802935355A368E2689342A0D37C
:108D8000236820009B6A98479DE701239946059B2D
:108D9000032B00D1FFE0002C00D1B9E06B1C00D008
:108DA000E2E0DAE0002C00D1BAE200239A466B1C24
:108DB00000D1C0E3002F00D1BAE2039A00230132B0
:108DC00000D1AAE3002291465345E0D02B00002CAD
:108DD00003D06A1C01D100F037FCFF2000221840AC
:108DE0000A9B91469B6906931B5C1B07CFD5A36822
:108DF000E268934201D300F08BFC0133A360059B32
:108E0000032B01D000F08DFC0B9B012B01D800F04F
:108E100095FC0123012599466D42C4E05B461B6A1F
:108E2000002B00D05BE25B469B6A002B00D0FFE288
:108E300001230F9A5A409146059B032B00D1AAE0CB
:108E4000013305934B46002B00D00DE72D9B1B688B
:108E500002930423029A13432D9A1360002C00D12D
:108E6000B3E100266B1C00D103E3002F00D1B3E176
:108E7000039A0023013200D10AE39E4207D12D9BC1
:108E80001B6802930223029A13432D9A13600C9BD2
:108E90001A9830C31CAB984201D0F5F70FFE149816
:108EA00016AB984201D0F5F709FE0C9821B0F0BC42
:108EB000BB46B246A946A046F0BD2C9BDB68069394
:108EC0009B0500D58EE10B9B012B00D98AE1059B08
:108ED000002B00D186E1012B00D179E301239946D3
:108EE000059B022BA8D10EABDB7D042B00D179E1D1
:108EF0000F9A002A02D0032B00D173E103230593BC
:108F0000B2E6C046EC320320ECAD0410BC210020D8
:108F10006B1C5A425341DBB29A46002F28D0039A69
:108F20000023013200D1DFE09A4500D184E72A0016
:108F3000002C02D06B1C00D1E4E0FF200A9B104003
:108F40009B6906931B5C1B0700D475E7A368E26866
:108F5000934200D391E10133A360A368E268934296
:108F600000D3CBE201256D4200239A46002FD6D1D3
:108F7000089BD9E7089B4B4500D0B9E601239946E9
:108F800073685A1E93414A465B421A40059B9146BC
:108F9000032B00D054E70B9B012B00D8C2E04B46BB
:108FA000002B00D152E70E9B002B00D0C2E15B46A4
:108FB000DB69059301239A46039B01335A425341CF
:108FC000DBB206932BE0002304936B1C00D1C4E1B9
:108FD000002F2DD0039A0023013200D1CCE1049A56
:108FE000934229D00B9B9A4500D19FE02800002C8A
:108FF00002D06B1C00D1CDE15246059BC0B29B5CF8
:10900000834200D022E7A368E268934200D3CEE116
:109010000133A360012301259C466D42E244002CEC
:10902000D1D16B1C5A425341DBB20493002FD1D1F2
:10903000069B049A9342D5D10B9B9A4500D005E735
:1090400074E06B1C5A425341DBB2994645E601235A
:109050000022009349460023300015F083FC33685A
:1090600021E6079B002B00D056E65B46DB6A002B0F
:1090700084DD029B0D9301230793002302931CE6DA
:10908000A368E268934200D227E6236820005B6A67
:109090009847431C00D020E60123002499461CE693
:1090A000BA68F9688A4200D21FE63B6838005B6AFA
:1090B0009847431C00D137E3002316E6A368E26813
:1090C000934200D3F2E11B789A46190019E6012376
:1090D0000022009349460023404615F043FC4346D6
:1090E0001B683FE60F22DBE5BA68F9688A4200D2C6
:1090F0001AE73B6838005B6A9847431C00D12FE3AE
:10910000002311E7A368E268934200D326E20A999C
:109110001A7889698A5C0691120700D51BE78BE6ED
:109120000F221CE64B46002B00D18FE67368012B03
:1091300000D968E10E9B002B04D01A9B1B78302BC2
:1091400000D001E143465B689946002B2DD0079B78
:10915000002B00D0F2E06B461B7A049301234B44B2
:109160009A46149B16AA934200D157E2424692684F
:10917000924500D9FDE14A46049999544346524626
:1091800051465A600023149A53545B464246D968AC
:10919000986821F0F9FE002807D12D9B1B680493E5
:1091A0000423049A13432D9A1360079B002B05D0C8
:1091B0005B46029ADB6A934200D047E631002E9864
:1091C00015F010FE002C00D04BE66E1C73425E4181
:1091D000F6B2002F00D04BE6039B01335A425341B5
:1091E000DBB24AE65B469B69069300239A4626E07B
:1091F000002399466B1C52D0002F29D0039A0023DC
:1092000001323FD04B4526D0069B9A4500D172E1F2
:109210002800002C01D06B1C4FD05B4652465B6986
:10922000C0B29B5C83421AD1A368E268934251D2D8
:109230000133A360012301259C466D42E244002CCA
:10924000D6D16B1C5A425341DBB29946002FD5D17F
:10925000089B4B45D8D1069B9A4500D14BE1002392
:1092600099465346002B00D0E6E501222C9BDB6893
:1092700006935B0A9A439146DEE5236820009B6AC9
:1092800098476AE6BA68F9688A42BBD33B683800F7
:109290005B6A9847431C00D166E20023B2E7A368EB
:1092A000E2689342A8D3236820005B6A9847431C76
:1092B000A2D10123002499469EE7A368E268934265
:1092C00000D3A1E15A46504652691978125C914286
:1092D000AED0C4E7236820009B6A9847AAE7002C19
:1092E00000D16FE1002399466B1C00D1CEE1002F25
:1092F00000D165E1039A0023013200D1B8E199451C
:1093000000D0DFE05B469B6A002B00D090E05B461C
:109310001B6A002B00D18BE5012399460E938BE548
:109320006B1C5A425341DBB29A46002F00D044E5F1
:10933000089B47E55B465B6A05933BE66B46342238
:109340009B181B78049309E72D230022009300212A
:1093500030002C3B15F0C4FBF4E6A368E2689342AE
:1093600000D235E6236820005B6A9847431C00D191
:10937000FDE1002304932BE6BA68F9688A4200D223
:109380002DE63B6838005B6A9847431C00D1F2E148
:10939000002324E6A368E268934200D340E15046EC
:1093A000059A1978125C914200D131E64EE52368A6
:1093B00020009B6A98472DE64420F5F777FBD34BB6
:1093C00000220360002343608360C3600382436123
:1093D0008361C361036243628362C3620363436365
:1093E000433382744946C25482460CF0FBF82C9BEE
:1093F0004246DB6E514618000293F8F753FD33687E
:109400009B46FFF7F7FB00223021300015F05CFD92
:10941000002800D18EE6431C00D10BE11B9B02000B
:10942000984200D9E6E00021300015F0F5FA81E617
:10943000002C00D1E0E0002399466B1C00D146E1EE
:10944000002F00D1DEE0039A0023013200D150E169
:10945000994500D097E05B461B6A002B00D1E7E4FA
:109460005B469B6A002B00D0E2E4012399460E93F1
:10947000E2E4A368E268934200D2F6E423682000A5
:109480005B6A9847431C00D0EFE401260024ECE41B
:10949000BA68F9688A4200D2EFE43B6838005B6A38
:1094A0009847431C5A425341DBB2E6E4236820004C
:1094B0005B6A9847431C00D13AE1FF21C3B29A4648
:1094C00001401EE42800002C02D06B1C00D1EDE00E
:1094D0005B46DB69C0B21B78834200D012E75B4673
:1094E0001B6AE2680B93A368934200D357E10133F0
:1094F000A36001256D42012399469DE42368200065
:109500005B6A98470500431C00D02BE5012300242B
:109510009A4602E5079B994632E5BA68F9688A429D
:1095200000D24FE43B6838005B6A9847431C00D187
:109530003AE1002346E4A368E268934200D239E4AA
:10954000236820005B6A9847431C00D032E4012363
:1095500000249A462EE40023994611E52368200052
:109560005B6A9847431C591E8B415B4202001C40BA
:10957000E3E401230022009349460023404615F00E
:10958000F1F9149BF7E52800002C02D06B1C00D1E8
:10959000D7E05B465B6AC0B21B78834200D05AE7D3
:1095A0005B469B6AE2680B93A368934200D3F1E0A9
:1095B0000133A3600123012599466D420E933BE4DC
:1095C000089B9CE66B1C5A425341DBB299468EE6DF
:1095D0000F9B002B00D005E60EAB1B7D032B00D1AB
:1095E00000E60EAB9B7D012B00D1FBE5022305932A
:1095F000FFF73AFB1A0016E76B1C5A425341DBB2E5
:1096000099461DE7089B23E7236820005B6A98477B
:10961000431C5A1E93415B421C40FEE50F22A7E506
:10962000236820005B6A9847431C5A1E93415B42A3
:109630001C40E1E47368581E03D3002800D179E58B
:10964000EDE63268137075E5A368E268934200D3D3
:1096500094E00A991A7889698A5C0691120701D503
:10966000FFF7CBFB059B032B00D076E4FFF7EEFB67
:10967000BA68F9688A4200D241E63B6838005B6A02
:109680009847431C00D1A9E0002338E6A368E268AC
:10969000934200D22BE6236820005B6A9847431C64
:1096A00000D024E601230024994620E6A368E2685E
:1096B000934200D389E05A46D269197812789142D0
:1096C00000D17EE05B469B6A002B00D11FE60023A1
:1096D000E2689946A368934200D2B1E6236820006D
:1096E0005B6A9847431C00D0AAE6012300249946F0
:1096F000A6E6BA68F9688A4200D2A9E63B68380053
:109700005B6A9847431C6CD00023A1E6B89D041007
:10971000236820009B6A9847059B032B01D1FFF724
:1097200073FB0123994618E401230027FFF7DDFAB4
:10973000FF23FF219A460024FFF7E3FA01256D423B
:10974000F4E4A368E268934232D25A46526A11782E
:109750001A78914200D07EE65A46926A0B9227E729
:1097600001230027FFF7E0FB012300274AE54B46D2
:10977000002404932CE44B46002730E423682000A7
:109780005B6A9847421C511E8A41524203001440B2
:10979000FFF723FB236820009B6A98470AE72368AA
:1097A00020009B6A9847A4E601230027FFF70AFBE5
:1097B000236820005B6A9847431C00D0E9E6002438
:1097C000E7E65A46126A0B9291E6236820005B6A2C
:1097D0009847431C00D07BE6002479E6012300274C
:1097E0008DE50123002733E61FF0B2FF20F03AFC9D
:1097F0001FF0AEFF53461B6850465B689847F5E77D
:109800001FF0E0FF1FF008FE1A981CAB984201D031
:10981000F5F754F9149816AB984201D0F5F74EF9C4
:109820001FF0FAFDF6E7C046F0B5DE464E46454667
:109830005746E0B5A1B0109214006C2294461193E3
:109840001D002B9B0C9003932C9B2A9F63441800B4
:1098500099460BF0E5FA0A90CA48F8F7A1FB2C9B51
:109860008046DA6E8300D668F61833689B46002B74
:1098700000D1E1E338235B4409935B461B6A002B6C
:1098800004D05B469B6A5A1E9341DBB20F9314AB24
:10989000984616AB424614930023536013725B46FE
:1098A0001B7C002B03D02021404615F0D1F81CABC7
:1098B0001A9300231AAE202130003372736015F022
:1098C000C7F839235B4404935B465B6B1393002317
:1098D0000593079302930D930B930E93039B013310
:1098E0005A425341DBB208931421059A0EAB5B1820
:1098F0009B5C042B01D900F03EFCA34A9B00D3588B
:109900009F46099B1CAAC01AA04B1B681B5C9A4669
:10991000736899465D1C3368934200D122E2B268B5
:10992000954200D9D3E14A46514699540023326802
:1099300075605355029B01330293A368E26893421A
:109940005ED20133A36001256D42002C00D1B8E145
:10995000002399466B1C00D1D2E1002F00D149E1D0
:10996000039A0023013200D1DAE14B4500D145E1F1
:10997000002C02D06B1C00D1E0E1FF21EBB29A4633
:1099800029400A2204982FF00BFD0028B9D15B462C
:109990005B7C534500D1A4E15B461B7C9946002BC0
:1099A00000D12BE15B469B7C534500D028E1079B0F
:1099B000002B01D000F0EEFB029B002B01D100F048
:1099C0000AFCDBB29A4643465B6816AA99465D1CC0
:1099D00043461B68934200D1E2E1424692689542B9
:1099E00000D9B4E14A4651469954434642465D6027
:1099F0000023126802935355A368E2689342A0D3F0
:109A0000236820009B6A98479DE701239946059BA0
:109A1000032B00D1FFE0002C00D1B9E06B1C00D07B
:109A2000E2E0DAE0002C00D1BAE200239A466B1C97
:109A300000D1C0E3002F00D1BAE2039A0023013223
:109A400000D1AAE3002291465345E0D02B00002C20
:109A500003D06A1C01D100F037FCFF20002218401F
:109A60000A9B91469B6906931B5C1B07CFD5A36895
:109A7000E268934201D300F08BFC0133A360059BA5
:109A8000032B01D000F08DFC0B9B012B01D800F0C3
:109A900095FC0123012599466D42C4E05B461B6A93
:109AA000002B00D05BE25B469B6A002B00D0FFE2FC
:109AB00001230F9A5A409146059B032B00D1AAE03F
:109AC000013305934B46002B00D00DE72D9B1B68FF
:109AD00002930423029A13432D9A1360002C00D1A1
:109AE000B3E100266B1C00D103E3002F00D1B3E1EA
:109AF000039A0023013200D10AE39E4207D12D9B35
:109B00001B6802930223029A13432D9A13600C9B45
:109B10001A9830C31CAB984201D0F4F7CFFF1498C9
:109B200016AB984201D0F4F7C9FF0C9821B0F0BCF5
:109B3000BB46B246A946A046F0BD2C9BDB68069307
:109B40009B0500D58EE10B9B012B00D98AE1059B7B
:109B5000002B00D186E1012B00D179E30123994646
:109B6000059B022BA8D10EABDB7D042B00D179E144
:109B70000F9A002A02D0032B00D173E1032305932F
:109B8000B2E6C046E832032000AE0410BC2100203B
:109B90006B1C5A425341DBB29A46002F28D0039ADD
:109BA0000023013200D1DFE09A4500D184E72A008A
:109BB000002C02D06B1C00D1E4E0FF200A9B104077
:109BC0009B6906931B5C1B0700D475E7A368E268DA
:109BD000934200D391E10133A360A368E26893420A
:109BE00000D3CBE201256D4200239A46002FD6D147
:109BF000089BD9E7089B4B4500D0B9E6012399465D
:109C000073685A1E93414A465B421A40059B91462F
:109C1000032B00D054E70B9B012B00D8C2E04B462E
:109C2000002B00D152E70E9B002B00D0C2E15B4617
:109C3000DB69059301239A46039B01335A42534142
:109C4000DBB206932BE0002304936B1C00D1C4E12C
:109C5000002F2DD0039A0023013200D1CCE1049AC9
:109C6000934229D00B9B9A4500D19FE02800002CFD
:109C700002D06B1C00D1CDE15246059BC0B29B5C6B
:109C8000834200D022E7A368E268934200D3CEE18A
:109C90000133A360012301259C466D42E244002C60
:109CA000D1D16B1C5A425341DBB20493002FD1D166
:109CB000069B049A9342D5D10B9B9A4500D005E7A9
:109CC00074E06B1C5A425341DBB2994645E60123CE
:109CD0000022009349460023300014F043FE33680D
:109CE00021E6079B002B00D056E65B46DB6A002B83
:109CF00084DD029B0D9301230793002302931CE64E
:109D0000A368E268934200D227E6236820005B6ADA
:109D10009847431C00D020E60123002499461CE606
:109D2000BA68F9688A4200D21FE63B6838005B6A6D
:109D30009847431C00D137E3002316E6A368E26886
:109D4000934200D3F2E11B789A46190019E60123E9
:109D50000022009349460023404614F003FE434688
:109D60001B683FE60F22DBE5BA68F9688A4200D239
:109D70001AE73B6838005B6A9847431C00D12FE321
:109D8000002311E7A368E268934200D326E20A9910
:109D90001A7889698A5C0691120700D51BE78BE661
:109DA0000F221CE64B46002B00D18FE67368012B77
:109DB00000D968E10E9B002B04D01A9B1B78302B36
:109DC00000D001E143465B689946002B2DD0079BEC
:109DD000002B00D0F2E06B461B7A049301234B4426
:109DE0009A46149B16AA934200D157E242469268C3
:109DF000924500D9FDE14A4604999954434652469A
:109E000051465A600023149A53545B464246D9681F
:109E1000986821F0B9F8002807D12D9B1B6804939E
:109E20000423049A13432D9A1360079B002B05D03B
:109E30005B46029ADB6A934200D047E631002E98D7
:109E400014F0D0FF002C00D04BE66E1C73425E4134
:109E5000F6B2002F00D04BE6039B01335A42534128
:109E6000DBB24AE65B469B69069300239A4626E0EE
:109E7000002399466B1C52D0002F29D0039A00234F
:109E800001323FD04B4526D0069B9A4500D172E166
:109E90002800002C01D06B1C4FD05B4652465B69FA
:109EA000C0B29B5C83421AD1A368E268934251D24C
:109EB0000133A360012301259C466D42E244002C3E
:109EC000D6D16B1C5A425341DBB29946002FD5D1F3
:109ED000089B4B45D8D1069B9A4500D14BE1002306
:109EE00099465346002B00D0E6E501222C9BDB6807
:109EF00006935B0A9A439146DEE5236820009B6A3D
:109F000098476AE6BA68F9688A42BBD33B6838006A
:109F10005B6A9847431C00D166E20023B2E7A3685E
:109F2000E2689342A8D3236820005B6A9847431CE9
:109F3000A2D10123002499469EE7A368E2689342D8
:109F400000D3A1E15A46504652691978125C9142F9
:109F5000AED0C4E7236820009B6A9847AAE7002C8C
:109F600000D16FE1002399466B1C00D1CEE1002F98
:109F700000D165E1039A0023013200D1B8E199458F
:109F800000D0DFE05B469B6A002B00D090E05B4690
:109F90001B6A002B00D18BE5012399460E938BE5BC
:109FA0006B1C5A425341DBB29A46002F00D044E565
:109FB000089B47E55B465B6A05933BE66B463422AC
:109FC0009B181B78049309E72D230022009300219E
:109FD00030002C3B14F084FDF4E6A368E268934261
:109FE00000D235E6236820005B6A9847431C00D105
:109FF000FDE1002304932BE6BA68F9688A4200D297
:10A000002DE63B6838005B6A9847431C00D1F2E1BB
:10A01000002324E6A368E268934200D340E150465F
:10A02000059A1978125C914200D131E64EE5236819
:10A0300020009B6A98472DE64420F4F737FDD34B68
:10A0400000220360002343608360C3600382436196
:10A050008361C361036243628362C36203634363D8
:10A06000433382744946C25482460BF0E1FC2C9B78
:10A070004246DB6E514618000293F7F713FF336830
:10A080009B46FFF7F7FB00223021300014F01CFF45
:10A09000002800D18EE6431C00D10BE11B9B02007F
:10A0A000984200D9E6E00021300014F0B5FC81E6CA
:10A0B000002C00D1E0E0002399466B1C00D146E162
:10A0C000002F00D1DEE0039A0023013200D150E1DD
:10A0D000994500D097E05B461B6A002B00D1E7E46E
:10A0E0005B469B6A002B00D0E2E4012399460E9365
:10A0F000E2E4A368E268934200D2F6E42368200019
:10A100005B6A9847431C00D0EFE401260024ECE48E
:10A11000BA68F9688A4200D2EFE43B6838005B6AAB
:10A120009847431C5A425341DBB2E6E423682000BF
:10A130005B6A9847431C00D13AE1FF21C3B29A46BB
:10A1400001401EE42800002C02D06B1C00D1EDE081
:10A150005B46DB69C0B21B78834200D012E75B46E6
:10A160001B6AE2680B93A368934200D357E1013363
:10A17000A36001256D42012399469DE423682000D8
:10A180005B6A98470500431C00D02BE5012300249F
:10A190009A4602E5079B994632E5BA68F9688A4211
:10A1A00000D24FE43B6838005B6A9847431C00D1FB
:10A1B0003AE1002346E4A368E268934200D239E41E
:10A1C000236820005B6A9847431C00D032E40123D7
:10A1D00000249A462EE40023994611E523682000C6
:10A1E0005B6A9847431C591E8B415B4202001C402E
:10A1F000E3E401230022009349460023404614F083
:10A20000B1FB149BF7E52800002C02D06B1C00D199
:10A21000D7E05B465B6AC0B21B78834200D05AE746
:10A220005B469B6AE2680B93A368934200D3F1E01C
:10A230000133A3600123012599466D420E933BE44F
:10A24000089B9CE66B1C5A425341DBB299468EE652
:10A250000F9B002B00D005E60EAB1B7D032B00D11E
:10A2600000E60EAB9B7D012B00D1FBE5022305939D
:10A27000FFF73AFB1A0016E76B1C5A425341DBB258
:10A2800099461DE7089B23E7236820005B6A9847EF
:10A29000431C5A1E93415B421C40FEE50F22A7E57A
:10A2A000236820005B6A9847431C5A1E93415B4217
:10A2B0001C40E1E47368581E03D3002800D179E5FF
:10A2C000EDE63268137075E5A368E268934200D347
:10A2D00094E00A991A7889698A5C0691120701D577
:10A2E000FFF7CBFB059B032B00D076E4FFF7EEFBDB
:10A2F000BA68F9688A4200D241E63B6838005B6A76
:10A300009847431C00D1A9E0002338E6A368E2681F
:10A31000934200D22BE6236820005B6A9847431CD7
:10A3200000D024E601230024994620E6A368E268D1
:10A33000934200D389E05A46D26919781278914243
:10A3400000D17EE05B469B6A002B00D11FE6002314
:10A35000E2689946A368934200D2B1E623682000E0
:10A360005B6A9847431C00D0AAE601230024994663
:10A37000A6E6BA68F9688A4200D2A9E63B683800C6
:10A380005B6A9847431C6CD00023A1E6C89D04106B
:10A39000236820009B6A9847059B032B01D1FFF798
:10A3A00073FB0123994618E401230027FFF7DDFA28
:10A3B000FF23FF219A460024FFF7E3FA01256D42AF
:10A3C000F4E4A368E268934232D25A46526A1178A2
:10A3D0001A78914200D07EE65A46926A0B9227E79D
:10A3E00001230027FFF7E0FB012300274AE54B4646
:10A3F000002404932CE44B46002730E4236820001B
:10A400005B6A9847421C511E8A4152420300144025
:10A41000FFF723FB236820009B6A98470AE723681D
:10A4200020009B6A9847A4E601230027FFF70AFB58
:10A43000236820005B6A9847431C00D0E9E60024AB
:10A44000E7E65A46126A0B9291E6236820005B6A9F
:10A450009847431C00D07BE6002479E601230027BF
:10A460008DE50123002733E61FF072F91FF0FAFD96
:10A470001FF06EF953461B6850465B689847F5E736
:10A480001FF0A0F91EF0C8FF1A981CAB984201D02B
:10A49000F4F714FB149816AB984201D0F4F70EFBB6
:10A4A0001EF0BAFFF6E7C046F0B593B0089200225E
:10A4B00009931AAB050018780CAB1A725A60049312
:10A4C0001C9B0EAF03931B9B08AC02938C466B4600
:10A4D0000C9706AE18AA00281FD003CA03C3614612
:10A4E0003000089A6368FEF75FFB230006CE06C3C0
:10A4F0000C9EF7F7ABFA1C9A1D990B900BAB300032
:10A5000020F0A8F92B0006CC06C30C98B84201D065
:10A51000F4F7D4FA280013B0F0BD03CA03C36146B0
:10A520003000089A6368FFF77FF9DEE70C98B842BD
:10A5300001D0F4F7C3FA1EF06FFFC046F0B54E46E7
:10A54000DE4645465746E0B593B005001F980B938D
:10A550006C301EAB1F788B460A920AF061FC0EAB82
:10A5600099460C9300230CAE0AAC8046337273609C
:10A57000002F49D0209B049603931F9B1CAA029393
:10A580006B4603CA03C308AF594638000A9A63688A
:10A59000FEF70AFB230006CF06C373689A46002B1A
:10A5A00010D10C9F2B0006CC06C34F4502D03800BB
:10A5B000F4F784FA280013B0F0BCBB46B246A946B3
:10A5C000A046F0BD00221900219814F0E3FA0C9F78
:10A5D0003B0053440793219B1B689B4643461B7FCC
:10A5E000012B26D0002B20D043461B68DE691C4B74
:10A5F0009E4228D1079BBB42D3D0390052465846D1
:10A60000F4F74EFA0C9FCDE7209B049603931F9B13
:10A610001CAA02936B4603CA03C308AF594638000D
:10A620000A9A6368FFF700F9B4E74046FDF724FB98
:10A63000DAE7079BBB42B5D0390052465846F4F7DB
:10A640002FFA3768AEE75B4639004046079AB047B5
:10A65000A7E70C98484501D0F4F730FA1EF0DCFE6D
:10A66000057C0110F0B5DE46454657464E46E0B53E
:10A670009FB00D9328AB80CB03901B780C92059371
:10A680002A9B0CAD9A466C239B46BB4458460AF065
:10A69000C7FB8146CA48F7F783FCFA6E8300D66889
:10A6A0008046F6183468002C00D191E153461E68AC
:10A6B00038233278E35C9A422DD0236B0F93E36901
:10A6C0000693236A0493534659687118B14215D909
:10A6D0004B469B6922009C460C00330061460420D7
:10A6E000944602E001339C4203D01A788A5C1042FF
:10A6F000F8D19A1B64469046B34218D10023BB6040
:10A70000039B06CD06C303981FB0F0BCBB46B24600
:10A71000A946A046F0BD636B0F93534659680029C4
:10A72000ECD0636A01360693A36A0493CDE712ABBB
:10A73000994614AB4A461293002353601372434662
:10A740004846590014F084F94246E36AD21A924608
:10A75000002A25DD002B00DAC246E368002B00D179
:10A7600058E10022534600924A460021484652686A
:10A770005B0014F0B5F950463018E368A268A17C7C
:10A780000190009612980BF037FC129BC21A139B93
:10A790009A4200D989E14B465A6000230370E36A6C
:10A7A000002B00DDC2E04946B0224968FB688C46B8
:10A7B0001A400892049A624492469B0500D5B1E083
:10A7C00018AB98461AAB4246189300235360137295
:10A7D00053464046590014F03BF9BB689B460023A2
:10A7E0000793089B102B03D1DA459B415B420793EB
:10A7F00052465B469B1A9A460FAE3378042B5CD8C0
:10A80000704A9B00D3589F46049B002B55D0069B53
:10A810001AAA1B780B9343465B680A93013309938A
:10A8200043461B68934200D13AE142469268099937
:10A83000914200D90EE10A9A0B9923E0FB689B052F
:10A840003BD54046604B4068A26961691B1A9A4239
:10A8500030D95E4809F0E0FB079B002B1ED1434630
:10A860005B681AAA0A930133099343461B68934213
:10A8700000D113E1424692680999914200D9FEE065
:10A880000A9A059999544346099A41465A60002309
:10A8900009688B5411E0079B002B0ED04146059BA5
:10A8A0000022009340465346496814F019F904E029
:10A8B0004B4606CB404614F045FA013610ABB34286
:10A8C0009BD1049B012B5DD8434659688B456BD9BE
:10A8D000089B202B6AD05B46059A5B1A00920021E8
:10A8E0000022404614F0FCF82E7918990C9C002E9A
:10A8F00008D123685A4620001B6B98471899584581
:10A9000000D0C7E01AAB0C942E71994202D0080017
:10A91000F4F7D4F8129814AB984200D1EEE6F4F7AD
:10A92000CDF8EBE6A3699C46E24449E7637C14AAB0
:10A9300008934B465B68079301339B46129B9342F7
:10A9400000D1A9E04A469268934500D98DE0079A64
:10A95000089999544B465A4659465A600023129A10
:10A9600053545346002B60DB4B46310016485B685E
:10A97000E26A5144C01A824200D993E0484614F07A
:10A98000E1F910E74046013B1A0006990E4B40687A
:10A9900001311B1A9A4200D98BE0404614F0D2F9DB
:10A9A000434659688B4593D88B469DE75B46059A8D
:10A9B000404600925B1A002214F092F894E7C046D9
:10A9C000EC32032028AE0410FFFFFF3F2CAB041035
:10A9D0004420F4F76BF8474B0022036000234360E8
:10A9E0008360C360038243618361C3610362436226
:10A9F0008362C36203634363433382745946C25420
:10AA000004000AF0EFFD21004246F86EF7F74AFA1B
:10AA100034684BE653464A460093002133004846CB
:10AA2000526814F0CBF8E36ABAE639224946A25CD0
:10AA300048460092496800225B4214F051F84A46A9
:10AA40002D4B526831009B1A4246984596D92B48A7
:10AA500009F0E2FA012300220093404600230A99FC
:10AA600013F080FF43461B68E5E6012300220093B4
:10AA700048460023079913F075FF129B67E70123EF
:10AA800000220093404600230A9913F06BFF4346CF
:10AA90001B68F5E6012635E70F2255E70F22EBE6A6
:10AAA0000F22C4E6154809F0B7FA1549154809F010
:10AAB000CBFA124809F0B0FA18981AAB984201D0B4
:10AAC000F3F7FCFF129814AB984201D0F3F7F6FFAE
:10AAD0001EF0A2FCF6E71EF03BFE236820005B6838
:10AAE00098471FF0BFFA1EF033FEFAE71EF06AFE29
:10AAF0001EF092FCB89D0410FFFFFF3F2CAB04102A
:10AB000014AE041090AA0410F0B5DE464546574630
:10AB10004E46E0B59FB00D9328AB80CB03901B78D9
:10AB20000C9205932A9B0CAD9A466C239B46BB4422
:10AB300058460AF075F98146CA48F7F731FAFA6EB5
:10AB40008300D6688046F6183468002C00D191E165
:10AB500053461E6838233278E35C9A422DD0236B2B
:10AB60000F93E3690693236A049353465968711857
:10AB7000B14215D94B469B6922009C460C0033001C
:10AB800061460420944602E001339C4203D01A78C7
:10AB90008A5C1042F8D19A1B64469046B34218D1A1
:10ABA0000023BB60039B06CD06C303981FB0F0BC17
:10ABB000BB46B246A946A046F0BD636B0F93534611
:10ABC00059680029ECD0636A01360693A36A04939E
:10ABD000CDE712AB994614AB4A461293002353605B
:10ABE000137243464846590013F032FF4246E36A67
:10ABF000D21A9246002A25DD002B00DAC246E3680D
:10AC0000002B00D158E10022534600924A46002111
:10AC1000484652685B0013F063FF50463018E36803
:10AC2000A268A17C0190009612980BF0E5F9129BA6
:10AC3000C21A139B9A4200D989E14B465A600023FD
:10AC40000370E36A002B00DDC2E04946B022496888
:10AC5000FB688C461A400892049A624492469B050F
:10AC600000D5B1E018AB98461AAB424618930023C2
:10AC70005360137253464046590013F0E9FEBB6817
:10AC80009B4600230793089B102B03D1DA459B4179
:10AC90005B42079352465B469B1A9A460FAE337847
:10ACA000042B5CD8704A9B00D3589F46049B002B12
:10ACB00055D0069B1AAA1B780B9343465B680A93F0
:10ACC0000133099343461B68934200D13AE142465F
:10ACD00092680999914200D90EE10A9A0B9923E0F2
:10ACE000FB689B053BD54046604B4068A2696169A3
:10ACF0001B1A9A4230D95E4809F08EF9079B002B47
:10AD00001ED143465B681AAA0A930133099343464E
:10AD10001B68934200D113E142469268099991421F
:10AD200000D9FEE00A9A059999544346099A41468A
:10AD30005A60002309688B5411E0079B002B0ED04A
:10AD40004146059B0022009340465346496813F054
:10AD5000C7FE04E04B4606CB404613F0F3FF013636
:10AD600010ABB3429BD1049B012B5DD8434659687D
:10AD70008B456BD9089B202B6AD05B46059A5B1AE2
:10AD8000009200210022404613F0AAFE2E79189965
:10AD90000C9C002E08D123685A4620001B6B984754
:10ADA0001899584500D0C7E01AAB0C942E719942FF
:10ADB00002D00800F3F782FE129814AB984200D13B
:10ADC000EEE6F3F77BFEEBE6A3699C46E24449E737
:10ADD000637C14AA08934B465B68079301339B4638
:10ADE000129B934200D1A9E04A469268934500D94C
:10ADF0008DE0079A089999544B465A4659465A602D
:10AE00000023129A53545346002B60DB4B4631000B
:10AE100016485B68E26A5144C01A824200D993E046
:10AE2000484613F08FFF10E74046013B1A00069991
:10AE30000E4B406801311B1A9A4200D98BE0404604
:10AE400013F080FF434659688B4593D88B469DE7A6
:10AE50005B46059A404600925B1A002213F040FEC2
:10AE600094E7C046E83203203CAE0410FFFFFF3FEA
:10AE70002CAB04104420F3F719FE474B002203606B
:10AE8000002343608360C360038243618361C361C5
:10AE9000036243628362C362036343634333827426
:10AEA0005946C25404000AF0C3FD21004246F86E20
:10AEB000F6F7F8FF34684BE653464A460093002104
:10AEC00033004846526813F079FEE36ABAE6392245
:10AED0004946A25C48460092496800225B4213F052
:10AEE000FFFD4A462D4B526831009B1A4246984559
:10AEF00096D92B4809F090F8012300220093404690
:10AF000000230A9913F02EFD43461B68E5E6012352
:10AF10000022009348460023079913F023FD129B5B
:10AF200067E7012300220093404600230A9913F0AB
:10AF300019FD43461B68F5E6012635E70F2255E764
:10AF40000F22EBE60F22C4E6154809F065F8154913
:10AF5000154809F079F8124809F05EF818981AAB0C
:10AF6000984201D0F3F7AAFD129814AB984201D091
:10AF7000F3F7A4FD1EF050FAF6E71EF0E9FB236894
:10AF800020005B6898471FF06DF81EF0E1FBFAE7C0
:10AF90001EF018FC1EF040FAC89D0410FFFFFF3F92
:10AFA0002CAB041014AE041090AA0410F0B5454662
:10AFB000DE4657464E46E0B593B004AF3A617B613A
:10AFC000102250239B18DB191B780C24BB605823DC
:10AFD00015009B18DB191B78F960796E7B60A3184C
:10AFE00080466C31D819F6F723FD6319D81909F09A
:10AFF00017FF90B0060004ADF6F728FD514B3862FC
:10B000009A4610239C4699463B6F7C6F02930394AB
:10B010000023BC44E14400934022534629004846A3
:10B02000FDF77CFD04003F2818DD431C9B466B4662
:10B030000834E408E4001B1B9D4604ADF6F706FD4A
:10B040003B6F7C6F38620293039400235A4600934F
:10B05000290053464846FDF761FD040018239B462E
:10B06000083B9C46BC44E3445B4600222100484622
:10B070003B6213F053FC2B193B603B6A9A46337FCB
:10B08000012B08D0002B3ED03368DB691A009C46A8
:10B090002D4B9A4241D12B19AB4204D022002900FA
:10B0A0005046F3F7FDFCBB68002B1FD04B460293C4
:10B0B0007B68404601937B6E00933A697B69F9682F
:10B0C000FFF7D0FA386A584501D0F3F7F7FC1022A1
:10B0D0000C239B18D819F6F745FD4046BD460FB026
:10B0E000F0BCBB46B246A946A046F0BD4B46029313
:10B0F0007B68404601937B6E00933A697B69F968EF
:10B10000FFF702FDDEE73000FCF7B6FD3368DB69D0
:10B110001A009C460C4B9A42BDD053462900300081
:10B1200064463A68A047BEE7386A584501D0F3F74D
:10B13000C5FC10220C239B18D819F6F713FD1EF03E
:10B140006BF9F6E750AE0410057C011010B586B01F
:10B15000059308AB04921A780AAB04001B78002A06
:10B160000BD00B9A0193099B02920093049A059BC2
:10B17000FFF778FA200006B010BD0B9A0193099BE7
:10B1800002920093049A059BFFF7BEFCF2E7C046CB
:10B19000F0B5DE4657464E464546E0B587B00390CB
:10B1A000169805931F00109B6C309B461600049266
:10B1B00009F036FE159B8246022B00D1C0E01D1F10
:10B1C0006B425D4166486D42054001350022119B8E
:10B1D0009146019301335A425341DBB2002402935A
:10B1E0004DE0002398467B1C5ED05B46002B50D080
:10B1F00000230093019B013364D0009B43454DD055
:10B20000159B99454DD0002E01D07B1C6BD0FF23A0
:10B21000F9B23B40534498461E33FF331B78002B52
:10B220000CD153461B684F4A1B6A934262D12A29AC
:10B2300066D043461E33FF3319700B00303BDAB241
:10B24000092A5DD8A200141964001C1923006B435D
:10B25000149A934254DC139AEB18934250DD280061
:10B260000A21F2F743FAB368F268050093425DD20F
:10B270000133B360012301279C467F42E144002E45
:10B28000AFD17B1C5A425341DBB298465B46002B40
:10B29000AED1029B0093009B4345B1D1159B9945CC
:10B2A0002ED1129B1C6036E0B368F26893429CD3A7
:10B2B000336830005B6A9847431C96D1012300260F
:10B2C000984692E75B469A68DB689A4295D35B465C
:10B2D0001B6858465B6A9847431C8ED10123009334
:10B2E00000239B4689E7B368F26893422AD2197813
:10B2F0000B008FE72A225046984701002A2998D14F
:10B30000159B042B17D0179B1B6800930423009AEE
:10B310001343179A1360039B18001E605F6007B009
:10B32000F0BCBB46B246A946A046F0BD336830002B
:10B330009B6A98479EE74B46022BE4D1643CB0E7FA
:10B340000A2543E7336830005B6A9847431C03D003
:10B35000FF23C1B203405DE7FF21FF23002659E729
:10B36000E7030000957B0110F0B5D6464F464646F0
:10B37000C0B58EB00B939A46199B0A92984600234B
:10B3800017000DAA0792189A0D93069204220393B0
:10B390000CAB8C4602936B4605929146364A08AE3A
:10B3A000049216AA05000AAC03CA03C33A00534626
:10B3B00061463000FFF7ECFE230006CE06C30D9B6E
:10B3C0000A9E002B29D10C9B2C4A9A18002B21DBBA
:10B3D0001A9B5A616368002E28D00027013332D0AF
:10B3E0001698179B002829D00022013338D0BA4282
:10B3F00005D14246022312681343424613602B00D4
:10B4000028000A9606CC06C30EB0E0BCBA46B14688
:10B41000A846F0BD64331A00DAE742464B4612688C
:10B420001343424613606368002ED6D101335A425B
:10B4300053411698DFB2179B0028D5D101335A42E9
:10B440005341DAB2D3E7B368F2689342C8D33368A2
:10B4500030005B6A9847431CC2D100260137BFE722
:10B460008368C1688B42C2D303685B6A9847431CF8
:10B470005A425341DAB2BAE70F27000094F8FFFFAF
:10B48000F0B5DE4657464E464546E0B58BB000AFB8
:10B49000F860786EF96D7B623B613B6D6C30924673
:10B4A0003A62BB618B4609F0BBFC6A463B6E060004
:10B4B0009B000733DB08DB00D31A9D465346E84662
:10B4C000002B00D11AE13B690024013300D149E18E
:10B4D0007B6D7B61BB69002B00D109E17B69002595
:10B4E000013300D150E1A54215D1BB6E1B68FB6151
:10B4F0000423FA691343BA6E1360FB6852461800BE
:10B50000BD461A603A695A600BB0F0BCBB46B24601
:10B51000A946A046F0BD5346002B00D15AE13B6935
:10B520005A1C00D159E1DBB299463B6E002BDCD0AE
:10B530000024002509E0336830009B68984748459F
:10B5400009D03B6E0134A3420DD05A46A300D35814
:10B5500019784945EFD14246AB009C503B6E01340F
:10B560000135A342F1D10023FB61012D70D97B6924
:10B5700001335A425341DBB23B6143461E685B468E
:10B58000B600985923F0BAFB330001242E009946E7
:10B5900005004246A300D3585A469B00985823F012
:10B5A000ADFB854200D905000134B442F1D34B46CE
:10B5B0005246A94635001E005346D2689B68934206
:10B5C00000D3C9E0524601339360FB690133FB614C
:10B5D0004B4500D39EE00023994653469A68DB68AA
:10B5E0009A4200D3E5E0BB69002B00D18EE07B6975
:10B5F0000024013300D191E0A14500D18AE0FB692C
:10B60000002499460CE042464146013DAB009A5861
:10B61000A3005A50A54216D94246A3009E58B60030
:10B620005B464A469B599E5C5346002B6CD0524663
:10B630009B68D268934200D385E018788642E2D1B5
:10B640000134A542E8D8012D97D801235B423B6124
:10B65000012D00D049E7534652469B68D268934279
:10B6600000D30CE152460133936043465A461B68AF
:10B67000FC693B619B009B5801341800994623F0FC
:10B680003DFB8046844200D3FFE07B695546013391
:10B690005A425341DBB2FB61BB699B461CE000236D
:10B6A0009A467B69013300D1B7E0B24500D1C7E0CB
:10B6B0004B461E5D002D00D1A2E0AB68EA689342C4
:10B6C00000D3D4E01A78B24200D0B9E00133AB60C5
:10B6D0000134444500D1B8E0AB68EA6800269342E3
:10B6E00000D3BAE05B46002BD9D1FB699A46DCE770
:10B6F0007B695D1C6B425D41EDB2F4E63B695C1C0D
:10B7000063425C41E4B2E3E6FF2097E73C69A14570
:10B7100000D074E701235B423B61E6E6BB699A68AF
:10B72000DB68BA607B6013007A68934200D263E7FB
:10B73000B86903685B6A9847431C00D05CE7002344
:10B740000134BB6158E753461B6850465B6A984713
:10B75000431C3BD0C0B271E753461B6850469B6AFE
:10B76000984732E753469A68DB689A4200D2AFE6C0
:10B7700053461B6850465B6A9847431C00D0A7E6B7
:10B78000002301349A46A3E6BB699A68DB68FA6134
:10B79000BB601300BA68934200D2A4E6B86903689C
:10B7A0005B6A9847431C00D09DE600230135BB61CE
:10B7B00099E653461B6850465B6A9847431C00D085
:10B7C00011E70123994600239A460CE70023FF2046
:10B7D0009A4633E73B7C9946A7E6534652469B6818
:10B7E000D268934202D21B7899469EE653461B6864
:10B7F00050465B6A9847431C4AD0C3B2994694E6C8
:10B80000FF239E421CD1AB68EA68934200D25DE7F9
:10B810002B6828009B6A98475AE75B469A68DB6862
:10B820009A4200D241E75B461B6858465B6A9847DC
:10B83000431C00D039E701239A4600239B4634E796
:10B8400001235B42AA463B614FE6AA46BB6D3A69BB
:10B850001A6001235B423B614FE62B6828005B6A5C
:10B860009847431C00D03DE7002501363AE72B6896
:10B8700028005B6A9847421C0FD0C3B2C1E7534609
:10B880001B6850469B6A9847EFE68442DED041E74A
:10B89000FF23994600239A4647E6FF230025B0E799
:10B8A000F0B5DE4657464E464546E0B58BB000AF94
:10B8B0007860786E7B629B463B6D6C3091463A6255
:10B8C000BB6109F0ADFA6A463B6E8246DB00D31AD3
:10B8D0009D464B46E846002B00D11CE15B46002408
:10B8E000013300D154E17B6D7B61BB69002B00D13A
:10B8F0001CE17B690025013300D15BE1A54200D04A
:10B90000D6E00024002500267B6901335A425341CA
:10B91000DBB23B614B46002B55D000239A465B4679
:10B92000013300D190E0BB69002B55D00023FB61AF
:10B930007B69013300D171E0FB699A4551D04B46D8
:10B94000002B03D05B46013300D190E05B46DBB2B5
:10B950009A46002C4AD000239C464B460022FB61AD
:10B9600005E0012399460132CC44944218D9930052
:10B97000F1180868A842F4D9434418689946FB6D49
:10B980008000C058405D504546D04346013CA00071
:10B990001B5848460360A300F3580B609442E6D856
:10B9A000FB699946A4451CD04A469B68D2689342DD
:10B9B00067D24A460133936001235B429B464B4664
:10B9C0000135002BA9D15B4601335A425341DBB20A
:10B9D0009A46BB69002BA9D13B69FB61FB699A457B
:10B9E000ADD1012C53D13368AB4258D0BB6E1B682C
:10B9F000FB610423FA691343BA6E13604A467B68FD
:10BA0000BD4618001A605A465A600BB0F0BCBB46DF
:10BA1000B246A946A046F0BD0132A6E7BB699A68C6
:10BA2000DB68FA60BB601300BA68934200D283E718
:10BA3000B86903685B6A9847431C00D07CE7012320
:10BA4000FB610023BB6177E74B469A68DB689A424B
:10BA500000D268E74B461B6848465B6A9847431C20
:10BA600000D060E701239A46002399465BE74B46E6
:10BA70004A469B68D268934200D3B0E01B789A464E
:10BA800067E74B461B6848469B6A984794E7022C39
:10BA9000ACD13368AB4202D07368AB42A6D1434607
:10BAA0003A6E1B68934200DB9B1ABA6D1360A5E7E0
:10BAB0004B46002B03D05B46013300D199E05B4637
:10BAC000DBB21A003B6E5D0000D19BE04B460026C6
:10BAD000A94600241500FB6109E053461B68504647
:10BAE0009B689847A84208D001364E450CD0FA6DA5
:10BAF000B300D3581978A942EFD14246A3009E5013
:10BB0000013601344E45F2D1FB699946002C13D120
:10BB100000250026F8E65B465C1C63425C417B6DB9
:10BB2000E4B27B61BB69002B00D0E2E67B695D1C5F
:10BB30006B425D41EDB2E1E64A469B68D2689342B2
:10BB400068D24A46013393606A46A3009A46073397
:10BB5000DB08DB00D31A9D466E463200FB6DA34620
:10BB60004646544600259A469046524673599B00D5
:10BB7000985823F0C3F8434658510435AC42F4D1E9
:10BB8000B0461E0001235B425C4601259B46BBE696
:10BB90004B469A68DB689A4200D2A4E64B461B6883
:10BBA00048465B6A9847431C00D09CE6002301345A
:10BBB000994698E6BB699A68DB68FA613B611300B5
:10BBC0003A69934200D299E6B86903685B6A98477C
:10BBD000431C00D092E600230135BB618EE64B4644
:10BBE0001B6848465B6A9847431C0ED0C3B29A460E
:10BBF000AFE64B464A469B68D268934210D21B7808
:10BC00001A005FE7002400267EE6FF239A46002301
:10BC100099469EE64B461B6848469B6A984793E7C1
:10BC20004B461B6848465B6A9847431C02D0C3B228
:10BC30001A0047E7FF231A000023994642E7C0464F
:10BC4000F0B5C64600B59CB0050024980B93259B23
:10BC50006C300F0098460A920AF0F0F8836808AE3C
:10BC60009A6C0AAC0E92DA6C0F921A6D10925A6DA1
:10BC700011929A6D1292DA6D13921A6E1492DA6A18
:10BC800015921A6B16925A6B17929A6B1892DA6B7E
:10BC900019921A6C5B6C1A921B9300230D930DABD7
:10BCA0000693249B22AA0593072304930EAB0393C8
:10BCB0000CAB02936B4603CA03C3390030000A9AE7
:10BCC0006368FFF7EDFD230006CE06C30D9B0A9EB9
:10BCD000002B20D1269B0C9A9A616368002E23D0FA
:10BCE0000027013339D02298239B002824D000223A
:10BCF000013326D0BA4205D14246022312681343CB
:10BD0000424613602B0028000A9606CC06C31CB0DE
:10BD100080BCB846F0BD4246042312681343424635
:10BD200013606368002EDBD101335A4253412298DD
:10BD3000DFB2239B0028DAD101335A425341DAB2F1
:10BD4000D8E78368C1688B42D4D303685B6A98479D
:10BD5000431C5A425341DAB2CCE7B368F2689342CB
:10BD6000C1D3336830005B6A9847431CBBD10026BF
:10BD70000137B8E7F0B5C64600B5A6B005002E9865
:10BD80000B932F9B6C300F0098460A920AF056F8DE
:10BD90009422836808AE9A580AAC0E9298229A5858
:10BDA0000F929C229A581092A0229A581192A42283
:10BDB0009A581292A8229A581392AC229A58149226
:10BDC000B0229A581592B4229A581692B8229A58CC
:10BDD0001792BC229A581892C0229A5819925A6EF9
:10BDE0001A929A6E1B92DA6E1C921A6F1D925A6FFB
:10BDF0001E929A6F1F92DA6F209280229A58219297
:10BE000084229A58229288229A5823928C229A58F5
:10BE1000249290229B582CAA259300230D930DABBE
:10BE200006932E9B05930C2304930EAB03930CAB4C
:10BE300002936B4603CA03C3390030000A9A636851
:10BE4000FFF72EFD230006CE06C30D9B0A9E002B96
:10BE500020D1309B0C9A1A616368002E23D00027F2
:10BE6000013339D02C982D9B002824D00022013397
:10BE700026D0BA4205D142460223126813434246F5
:10BE800013602B0028000A9606CC06C326B080BC9F
:10BE9000B846F0BD4246042312681343424613607D
:10BEA0006368002EDBD101335A4253412C98DFB234
:10BEB0002D9B0028DAD101335A425341DAB2D8E738
:10BEC0008368C1688B42D4D303685B6A9847431C7C
:10BED0005A425341DAB2CCE7B368F2689342C1D315
:10BEE000336830005B6A9847431CBBD1002601379A
:10BEF000B8E7C046F0B5DE46574645464E46E0B583
:10BF0000A3B02E9C1E006C3413932C9B0D900C91AF
:10BF1000200012A915009A4612928B4609F08EFF56
:10BF20000E90200008F07CFF0700319822F0E6FE1A
:10BF3000002314932D9BB0460A9301335A42534178
:10BF4000DBB200243E0009900B93002D43D0434602
:10BF50000027013300D18CE05346002B43D000234F
:10BF600099460A9B013300D1CFE0B9453FD0099BE8
:10BF7000A3423CD9149B002B00D0EFE0319B9946A3
:10BF8000195DA14473181E33FF331B780F00002B7B
:10BF90000CD13368D44A1B6A934200D0C8E0002910
:10BFA00006D00B00F7191E37FF373970252B6BD0E1
:10BFB0004B4640461F78002D03D04346013300D145
:10BFC000C2E0C0B287424BD00423149A13431493A7
:10BFD0000134002DBBD143465F1C7B425F41534679
:10BFE000FFB2002BBBD10B9B9946B945BFD1149B27
:10BFF0004646002B00D1A0E02F9B1B680993042329
:10C00000099A13432F9A13600D9B18001D605E6000
:10C0100023B0F0BCBB46B246A946A046F0BD43469D
:10C02000002D04D0013301D100F086FC4346FF27E8
:10C03000D9B21F40F7193B001E33FF331B78002B8A
:10C040000CD13368A84A1B6A934201D000F083FCEC
:10C050000029B9D00B001E37FF373970092BB3D137
:10C06000AB68EA68934201D300F037FC0133AB6060
:10C070000134AB68EA68934201D300F020FC01234D
:10C080005B429846002767E7631C99464A46319B06
:10C09000995C73181E33FF331B780F00002B0DD1F2
:10C0A0003368914A1B6A934201D000F0FDFB0029DE
:10C0B00056D00B00F7191E37FF3739700022159242
:10C0C000452B01D04F2B3DD1319B0234195D7318A4
:10C0D0001E33FF331B780F00002B0DD13368824ACB
:10C0E0001B6A934200D0E5E3002900D16CE70B0006
:10C0F000F7191E37FF373970413BDBB2382B00D9B7
:10C1000062E77A4A9B00D3589F4653469A68DB6899
:10C110009A4200D229E753461B6850465B6A98470B
:10C12000431C00D021E70123994600239A461CE7CF
:10C13000002230009847010031E7099BA34200D05C
:10C140005AE761E74C46D7E7AB68EA68934200D309
:10C15000DBE31A78BA4200D036E787E746464BE77A
:10C160004C4631E75B4642461D605A6053462C936D
:10C1700014AB07932E9B2CAA0693042305935C4BC8
:10C1800010AF04930023039315AB02936B4603CACD
:10C1900003C32A00434638000C99FEF7F9FF5B46BB
:10C1A00006CF06C35B461D685B689846149B002B50
:10C1B00000D00DE7159B4F4A9A18002B01DA643323
:10C1C0001A00309B01345A6103E794220E9B9B684E
:10C1D0009A58169298229A5817929C229A58189216
:10C1E000A0229A581992A4229A581A92A8229A58D0
:10C1F0001B92AC229A581C92B0229A581D92B422DB
:10C200009A581E92B8229A581F92BC229A5820928D
:10C21000C0229B58424621935B461D605A6053469C
:10C220002C9314AB06932E9B2CAA05930C230493FA
:10C2300016AB039315AB02936B4603CA03C310AF4F
:10C240002A00434638000C99FFF71AF95B4606CFDF
:10C2500006C35B461D685B689846149B002B00D0A4
:10C26000B6E6309B159A01341A61B2E65B46424647
:10C270001D605A6053462C9314AB07932E9B10AF4E
:10C28000069302230593153304930023039315AB00
:10C2900002936B462CAA03CA03C32A004346380004
:10C2A0000C99FEF775FF5B4606CF06C35B461D681B
:10C2B0005B689846149B002B00D089E6309B159A4A
:10C2C00001349A6085E65B4642461D605A605346DB
:10C2D0002C9314AB07932E9B10AF06930223059368
:10C2E0000A3304930B3BD1E7957B011078AE041021
:10C2F0000F27000094F8FFFF5B4642461D605A601E
:10C3000053462C9314AB07932E9B2CAA069302231F
:10C310000593393304930023039315AB02936B46C3
:10C3200003CA03C310AF2A00434638000C99FEF736
:10C330002FFF5B4606CF06C35B461D685B689846C9
:10C34000149B002B00D043E6309B159A01345A60B1
:10C350003FE6337F012B00D19DE2002B00D1DFE2CD
:10C360003368DF69E44B9F4200D194E2E34A16ABA5
:10C370003000911F9946B8477AE20E9B9B68DA6AB3
:10C3800016921A6B17925A6B18929A6B1992DA6B73
:10C390001A921A6C1B925B6C42461C935B461D60A2
:10C3A0005A6053462C9314AB06932E9B2CAA0593EC
:10C3B0000723049316AB039315AB02936B4603CA92
:10C3C00003C310AF2A00434638000C99FFF758F812
:10C3D0005B4606CF06C35B461D685B689846149BA8
:10C3E000002B00D0F4E5309B159A01349A61F0E5FA
:10C3F0000E9B9B689A6C1692DA6C17921A6D1892C3
:10C400005A6D19929A6D1A92DA6D1B921B6EC3E7E0
:10C410005B4642461D605A6053462C9314AB07930B
:10C420002E9B10AF0693022305931D3304931E3BEE
:10C43000039315AB02936B462CAA03CA03C32A00CD
:10C44000434638000C99FEF7A3FE5B4606CF06C3B1
:10C450005B461D685B689846149B002B00D0B7E5CF
:10C46000309B159A0134DA60B3E54346002D00D1C4
:10C4700030E14246013200D02CE1AB68EA689342D9
:10C4800000D31FE11A78B1698A5C120700D42BE24D
:10C490000133AB605B461D6001235A465B4253602B
:10C4A00052462C9214AA07922E9A09210692012232
:10C4B0000592039215AA9C4602926A4604912CA901
:10C4C00009C909C210AF2A006346BAE75B46424673
:10C4D0001D605A6053462C9314AB07932E9B2CAAD5
:10C4E0000693022305930A3304930B3B039315AB86
:10C4F00002936B4603CA03C310AF2A0043463800B9
:10C500000C99FEF745FE5B4606CF06C35B461D68E9
:10C510005B689846149B002B00D059E5159B309A18
:10C52000013B1361013454E50E9B9B685A6E1692D1
:10C530009A6E1792DA6E18921A6F19925A6F1A92AF
:10C540009A6F1B92DA6F1C9280229A581D92842255
:10C550009A581E9288229A581F928C229A5820929A
:10C56000902256E6337F012B00D179E1002B00D1D8
:10C57000DAE13368DF69604B9F4200D170E1604AC5
:10C5800016AB1100300009399946B84770E10E9B8F
:10C590009B689B68059342465B461D605A60534604
:10C5A00010AF2C93309B2CAA049314AB03932E9BB7
:10C5B000013402936B4603CA03C32A004346380082
:10C5C0000C99FFF797FC5B4606CF06C35B461D68D8
:10C5D0005B689846FDE45B4642461D605A605346E0
:10C5E0002C9314AB07932E9B2CAA0693022305933E
:10C5F0003B3304930023039315AB02936B4603CAAA
:10C6000003C310AF2A00434638000C99FEF7C0FD63
:10C610005B4606CF06C35B461D685B689846149B65
:10C62000002B00D0D4E4309B159A01341A60D0E47A
:10C63000337F012B00D125E1002B00D178E1336855
:10C64000DF692D4B9F4200D11CE116AB30002D4A13
:10C650002D499946B8470BE10E9B9B681B6999E7EA
:10C66000002D55D04346013352D1AB68EA6893425E
:10C6700000D3BDE11B784EE00E9B9B689B6989E768
:10C680004346002D03D0013300D15DE14346FF272F
:10C69000D9B21F40F7193B001E33FF331B78002B24
:10C6A0000CD13368194A1B6A934200D059E1002922
:10C6B00000D189E40B001E37FF3739700A2B00D0F8
:10C6C00082E4CDE42B6828005B6A98470300421C93
:10C6D00000D10025FF201840B3691B5C1B0700D464
:10C6E00002E1AB68EA68934200D2D1E62B682800E9
:10C6F0009B6A9847CEE6C046057C01106AAE0410DE
:10C7000061AE041075AE04106CAE0410957B011080
:10C71000FF2342461340B269D35CDB0700D453E4E5
:10C720005B4642461D605A6053462C9314AB0693F9
:10C730002E9B2CAA05930E230493D34B039316AB85
:10C74000029399466B4603CA03C32A0043460C99D9
:10C7500010A8FEF795FE5B4610AA03CA03C35B460A
:10C760001D685B689846002D00D101E100230F93FE
:10C770004346013300D101E15346002B00D1F5E0DF
:10C780000A9B0027013300D108E10F9B9F4200D193
:10C790001EE4149B169A134300D019E44746002D5B
:10C7A00003D04346013300D145E1337FFFB2002B74
:10C7B00000D105E14A23F15C8F4211D04746002D9C
:10C7C00003D04346013300D13BE1337FFFB2002B5E
:10C7D00000D11EE14823F15C8F4201D0FFF7F8FB46
:10C7E0005B461D6053462C9314AB07932E9B022788
:10C7F0000693172304930023039398464B46029312
:10C800006B4605972CAA03CA03C35B462A0010A8EF
:10C810005B680C99FEF7BCFC5B4610AA21CA21C3D9
:10C8200014AB07932E9B059706933B230493434633
:10C8300003934B4602936B462CAA21CA21C35B4645
:10C840000C990CCB10A8FEF7A3FC5B4610AA03CAF8
:10C8500003C35B461D685B6801349846FFF7B9FB6C
:10C8600016AB99464A46894B03CB03C21B7813701B
:10C870005B4642461D605A6053462C934B4610AFB0
:10C8800005938FE616AB99464A46814B03CB03C20C
:10C890001B781370ECE716AB99467E4B1A6816921C
:10C8A0004A469B889380E3E70022300098470100C6
:10C8B000FFF7FDFB002230009847010014E42B68CD
:10C8C00028005B6A984703008046013301D0FFF7D8
:10C8D000D6FB01270025FFF73FFB2B6828009B6A4A
:10C8E00098470134FFF7C5FB5B4642461D605A601E
:10C8F00053462C9314AB07932E9B10AF0693022341
:10C9000005931D330493153B92E52B6828005B6A61
:10C910009847431C5A1E93415B421D40FFF751FB51
:10C920003000FBF7A9F91BE53000FBF7A5F920E67D
:10C930003000FBF7A1F982E6AB68EA6893424DD27A
:10C9400019780F00FFF776FBAB68EA68934257D27D
:10C9500019780F009EE60022300098470100FFF78B
:10C9600077FB0022300098470100A0E60B9F0CE700
:10C9700001335A425341DBB20F93FDE6AB68EA68DC
:10C98000934200D2F8E62B6828005B6A9847431C64
:10C9900000D0F1E6012300250F93EDE653469A6897
:10C9A000DB689A4200D2F0E653461B6850465B6A49
:10C9B0009847431C00D0E8E6002301379A46E4E696
:10C9C0003000FBF759F93368334A9B692D219342B4
:10C9D00000D1F1E6300098470100EDE62B68280011
:10C9E0005B6A9847431C46D0C1B2C7B2FFF722FB2F
:10C9F0002B6828005B6A9847421C41D0C3B28AE684
:10CA00002B6828005B6A9847431C10D0C1B2C7B29C
:10CA100040E63000FBF730F933681F4A9B692B2151
:10CA2000934200D1D8E6300098470100D4E6FF27B2
:10CA3000002539002EE6AB68EA68934207D21F78DA
:10CA4000B3E6AB68EA6893420BD21F78BDE62B6869
:10CA500028005B6A98470700431C00D0A5E6002524
:10CA6000A3E62B6828005B6A98470700431C00D0A8
:10CA7000ABE60025A9E6FF2700253900FFF7DAFA23
:10CA8000FF23002547E6C046C021002058AE041011
:10CA90006CAE041064AE0410917B0110F0B5C64674
:10CAA00000B58AB0050012980993139B6C300F00F3
:10CAB0009846089209F0C2F9836810AA1B6906AE6D
:10CAC0000593149B08AC049343460393129B029373
:10CAD0006B4603CA03C339003000089A6368FFF746
:10CAE00009FA230006CE06C3089E6368002E1AD0FA
:10CAF0000027013330D01098119B00281BD0002252
:10CB000001331DD0BA4205D14246022312681343B5
:10CB1000424613602B002800089606CC06C30AB0D4
:10CB200080BCB846F0BD01335A4253411098DFB281
:10CB3000119B0028E3D101335A425341DAB2E1E7B5
:10CB40008368C1688B42DDD303685B6A9847431CE6
:10CB50005A425341DAB2D5E7B368F2689342CAD376
:10CB6000336830005B6A9847431CC4D10026013704
:10CB7000C1E7C046F0B5C64600B58AB005001298B8
:10CB80000993139B6C300F009846089209F056F9F0
:10CB9000836810AA9B6806AE0593149B08AC0493A7
:10CBA00043460393129B02936B4603CA03C33900A7
:10CBB0003000089A6368FFF79DF9230006CE06C38C
:10CBC000089E6368002E1AD00027013330D01098D9
:10CBD000119B00281BD0002201331DD0BA4205D181
:10CBE0004246022312681343424613602B0028007A
:10CBF000089606CC06C30AB080BCB846F0BD013327
:10CC00005A4253411098DFB2119B0028E3D10133FF
:10CC10005A425341DAB2E1E78368C1688B42DDD3FF
:10CC200003685B6A9847431C5A425341DAB2D5E71E
:10CC3000B368F2689342CAD3336830005B6A98479E
:10CC4000431CC4D100260137C1E7C046F0B5D64623
:10CC50004F464646C0B58CB0099319AB1B7805000A
:10CC60009A4616981AAB1B786C309946179F8846DF
:10CC7000089208F0D5F800233B60037F08AC06005B
:10CC8000002B44D04223C05C4A460BAB1870002AEC
:10CC900037D152465A704A469A700593189B0397AB
:10CCA0000493169B14AA02936B4603CA03C306AEF1
:10CCB00041463000089A6368FFF71CF9230006CE4E
:10CCC00006C3089E6368002E2DD0002290460133D3
:10CCD00037D01498159B00282ED0002201333ED067
:10CCE000424503D102233A6813433B602B002800DE
:10CCF000089606CC06C30CB0E0BCBA46B146A846BE
:10CD0000F0BD5A7052469A700022DA70C5E7FAF701
:10CD1000B3FF3368184A9B6925209342B4D025217C
:10CD200030009847B0E701335A4253411498DBB2C0
:10CD30009846159B0028D0D101335A425341DAB2AC
:10CD4000CEE7B368F2689342C3D3336830005B6ABE
:10CD50009847431CBDD1012300269846B9E7836854
:10CD6000C1688B42BCD303685B6A9847431C5A4234
:10CD70005341DAB2B4E7C046917B01104B1E994192
:10CD8000074B10B5416003600400F4F75FFEA0603C
:10CD9000200010BD2000F4F743FE1CF03DFBC04610
:10CDA00058B004100122184B1968114200D11A60C2
:10CDB0000122164B1968114200D11A600122144B4E
:10CDC0001968114200D11A600122124B19681142F0
:10CDD00000D11A600122104B1968114200D11A606B
:10CDE00001220E4B1968114200D11A6001220C4B2E
:10CDF0001968114200D11A6001220A4B19681142C8
:10CE000000D11A607047C046C4210320C821032006
:10CE1000F4210320FC210320E4210320EC21032042
:10CE2000DC210320D421032003000068083310B55F
:10CE3000984201D0F1F742FE10BDC04603000068E1
:10CE4000083310B5984201D0F1F738FE10BDC04646
:10CE500010B50C0082B0C1680498009301901300D3
:10CE600000202200F8F73CFC02B010BDF0B5040031
:10CE700010008A6879218BB00691149910AD059144
:10CE8000139904911299039101A9C0CDC0C10093D7
:10CE9000002103002000F9F763F920000BB0F0BD7A
:10CEA000F0B5040010008A686D218BB006911499CA
:10CEB00010AD0591139904911299039101A9C0CD68
:10CEC000C0C10093002103002000F9F749F92000B8
:10CED0000BB0F0BDF0B5040010008A6877218BB06C
:10CEE0000691149910AD059113990491129903912B
:10CEF00001A9C0CDC0C10093002103002000F9F7B3
:10CF00002FF920000BB0F0BDF0B5040010008A68C6
:10CF100064218BB00691149910AD05911399049179
:10CF20001299039101A9C0CDC0C100930021030053
:10CF30002000F9F715F920000BB0F0BDF0B50400A2
:10CF400010008A6874218BB00691149910AD059178
:10CF5000139904911299039101A9C0CDC0C1009306
:10CF6000002103002000F9F7FBF820000BB0F0BD12
:10CF700010B581680020F9F7E7F810BDF0B5CE468E
:10CF8000474680B50027994691B00A9205001000E7
:10CF90001AAA12780B930D978B681B9907970EAFFF
:10CFA00006970DAF05970491039201A918AF984613
:10CFB0000CCF0CC14B4608AE424600210AAC009390
:10CFC00003003000F9F7F4F9230006CE06C30D9BE9
:10CFD000002B0DD10E990F9A1D9B19605A602B00E2
:10CFE000280006CC06C311B0C0BCB946B046F0BD9F
:10CFF0001C9A1360F3E7C046F0B58F680021040067
:10D0000010008BB010AA157812AA16780691149900
:10D01000159A04910592119A0093029203003A0026
:10D020002000002103960195F9F7E2FA20000BB0E9
:10D03000F0BDC04610B50A0001690020F9F774F888
:10D0400010BDC04610B514000CC982B0016900942F
:10D050000020F8F769FF02B010BDC04610B50C0003
:10D0600082B0C16804980093019013000020220050
:10D07000F8F744FB02B010BDF0B5040010008A6858
:10D0800079218BB00691149910AD059113990491F3
:10D090001299039101A9C0CDC0C1009300210300E2
:10D0A0002000F9F7F1F820000BB0F0BDF0B5040056
:10D0B00010008A686D218BB00691149910AD05910E
:10D0C000139904911299039101A9C0CDC0C1009395
:10D0D000002103002000F9F7D7F820000BB0F0BDC5
:10D0E000F0B5040010008A6877218BB0069114997E
:10D0F00010AD0591139904911299039101A9C0CD26
:10D10000C0C10093002103002000F9F7BDF8200002
:10D110000BB0F0BDF0B5040010008A6864218BB03C
:10D120000691149910AD05911399049112990391E8
:10D1300001A9C0CDC0C10093002103002000F9F770
:10D14000A3F820000BB0F0BDF0B5040010008A6811
:10D1500074218BB00691149910AD05911399049127
:10D160001299039101A9C0CDC0C100930021030011
:10D170002000F9F789F820000BB0F0BD10B58168E8
:10D180000020F8F7E7FF10BDF0B5CE46474680B562
:10D190000027994691B00A92050010001AAA127849
:10D1A0000B930D978B681B9907970EAF06970DAFE2
:10D1B00005970491039201A918AF98460CCF0CC1B2
:10D1C0004B4608AE424600210AAC009303003000F3
:10D1D000F9F77EF9230006CE06C30D9B002B0DD177
:10D1E0000E990F9A1D9B19605A602B00280006CCDF
:10D1F00006C311B0C0BCB946B046F0BD1C9A13605E
:10D20000F3E7C046F0B58BB00400149E159F1000E4
:10D2100010AA15788A68002106911299009303914B
:10D2200011990300029120000021049605970195B1
:10D23000F9F74CFA20000BB0F0BDC04610B50A005B
:10D2400001690020F8F778FF10BDC04610B5140042
:10D250000CC982B0016900940020F8F78FFE02B07B
:10D2600010BDC04670B505000E0082B000291DD06B
:10D27000541A01940F2C0BD80068012C1BD10B7889
:10D280000370019C286800236C60035502B070BDD8
:10D29000002201A911F024FB019B2860AB60220051
:10D2A0003100F1F7FDFB019C2868ECE7002A05D16D
:10D2B00000240068E7E7002CE5D0F0E7014806F01D
:10D2C00093FEC046C0AD0410F0B54F464646D64664
:10D2D000C0B59CB00D939C4626AB1B7815AF984605
:10D2E00000239246BB610C920E938A6806930EABA4
:10D2F0000593279B07970493434601A9039324AB07
:10D300000500914605CB05C163460AAE00934A4627
:10D310005346002130000CACF9F74AF8230006CE42
:10D3200006C30E9B002B10D0289A13602B0006CC4E
:10D3300006C3BB69002B01D03800984728001CB0F9
:10D34000E0BCBA46B146A846F0BDBB69002B57D039
:10D350007B68159A9C4611AE159962440FA80F96EA
:10D36000FFF780FF299B18680F9BB3422ED0299AA4
:10D37000083290421AD02999299A92680B60109B22
:10D3800009930B0009995960119B09930999299BED
:10D390009960002816D00F9011920023109303700B
:10D3A0000F98B042C2D0F1F789FBBFE7299A13600A
:10D3B000109B09931300099A5A60119B0993099ACB
:10D3C000299B9A600F9611AE3000E6E7109A002A6A
:10D3D00007D0012A0BD03100F1F762FB299B109A8C
:10D3E0001868299B5A60002383540F98D5E73B3275
:10D3F00002AB9B181B780370299B109A1868F0E702
:10D40000044806F0F1FDBB69002B01D038009847B5
:10D410001CF002F8B0A1041070B504000D0082B039
:10D42000002921D0521A961001960C2A0BD80068B8
:10D43000012E11D12B6803600022019B63609B00C9
:10D440001A5002B070BD002201A91BF079FB019BAC
:10D450002060A360012EEDD0002EEDD03200290017
:10D4600025F06AF92068E7E7002A02D100680192F6
:10D47000E2E7014806F0B8FDC0AD0410F0B54F4634
:10D480004646D646C0B59CB00D939C4626AB1B784D
:10D4900015AF984600239246BB610C920E938A68A2
:10D4A00006930EAB0593279B07970493434601A968
:10D4B000039324AB0500914605CB05C163460AAE34
:10D4C00000934A465346002130000CACF9F700F8AF
:10D4D000230006CE06C30E9B002B10D0289A1360A3
:10D4E0002B0006CC06C3BB69002B01D0380098473F
:10D4F00028001CB0E0BCBA46B146A846F0BDBB69E6
:10D50000002B50D07B6811AE9A00159B0FA89C464B
:10D51000190062440F96FFF77FFF299B18680F9B45
:10D52000B34228D0299A0832904219D02999299AD1
:10D5300092680B60109B09930B0009995960119B2D
:10D5400009930999299B99600028C9D00F901192DD
:10D55000002310930360B042C2D0F1F7AFFABFE7E7
:10D56000299A1360109B09931300099A5A60119B22
:10D57000299A9360B4E7109A3300002A08D0012A50
:10D580000DD0310025F0D8F8299B109A18680F9B10
:10D5900029994A600021920011501800D8E7119A89
:10D5A0000260109AF4E7054806F01EFDBB69002BE7
:10D5B00001D0380098471BF02FFFC046B0A10410DF
:10D5C00010B5040000208CB0C9680093130005AAB0
:10D5D0000B90F8F7A1F80B9B0393002B14D0069B3C
:10D5E00020000393230008332360059B039A9C4685
:10D5F00019006244FFF736FE0B9B002B01D005A8F3
:10D60000984720000CB010BD044806F0EDFC0B9BC1
:10D61000002B01D005A898471BF0FEFEB0A1041016
:10D6200030B500258FB0040013980D954568096941
:10D63000039500680093029012981300019007AAC6
:10D640000020F8F7C5FC0D9B0593002B14D0089B18
:10D6500020000593230008332360079B059A9C460E
:10D6600019006244FFF7FEFD0D9B002B01D007A8B7
:10D67000984720000FB030BD044806F0B5FC0D9B64
:10D68000002B01D007A898471BF0C6FEB0A10410DC
:10D6900010B5040000208CB0C9680093130005AADF
:10D6A0000B90F8F76BF80B9B0393002B15D0069BA0
:10D6B00020000393230008332360039B9A00059BFB
:10D6C0009C4619006244FFF7A7FE0B9B002B01D07C
:10D6D00005A8984720000CB010BD054806F084FC52
:10D6E0000B9B002B01D005A898471BF095FEC04668
:10D6F000B0A1041030B500258FB0040013980D952B
:10D700004568096903950068009302901298130018
:10D71000019007AA0020F8F7B1FC0D9B0593002BA0
:10D7200015D0089B20000593230008332360059B38
:10D730009A00079B9C4619006244FFF76DFE0D9B03
:10D74000002B01D007A8984720000FB030BD054836
:10D7500006F04AFC0D9B002B01D007A898471BF050
:10D760005BFEC046B0A10410F0B54746CE4680B57A
:10D7700093B00892002209931AAB1B7805009846D3
:10D780001CAB1B780DA899461D9B0E001F685C689A
:10D7900011920B90002F3DD00A940F2C2BD8012C06
:10D7A0003ED16A4634213B785218137003000022A0
:10D7B0000C941A55204B002011930BAB06934B464B
:10D7C00003931B9B0021029343460193099B049002
:10D7D0000591009300212800B268089BF8F708FF24
:10D7E000119B002B01D00BA89847280013B0C0BC98
:10D7F000B946B046F0BD00220AA90BA811F070F896
:10D800000A9B0B900D9322003900F1F749F90A9C0D
:10D810000B9BCCE70300002CC9D0084806F0E4FBC2
:10D820000300002CC3D0EEE7119B002B01D00BA806
:10D8300098471BF0F1FDC04629CE0110C0AD041081
:10D84000F0B5C64600B592B008920022099318AB15
:10D850001B78040098461B9B0DA81F685B680D0091
:10D8600011920B909B00002F40D09E100A960C2B1B
:10D870002BD8012E26D0002E32D100220A9B002167
:10D880000C939B001A50204B002011930BAB069376
:10D890001A9B049005910393199B00210293434620
:10D8A0000193099B20000093AA68089BF8F70EFFDC
:10D8B000119B002B01D00BA89847200012B080BC10
:10D8C000B846F0BD3B680360D7E700220AA90BA861
:10D8D0001BF036F90A9B0B900D93012ECBD1F1E78B
:10D8E0003200390024F028FF0B98C6E7002B01D145
:10D8F0000A93C2E7054806F077FB119B002B01D085
:10D900000BA898471BF088FD3DCE0110C0AD041058
:10D91000094B10B5083303600400006943685A1EC0
:10D920004260012B02D103685B689847200001F038
:10D93000FBFF200010BDC0466CB90410094B10B5A8
:10D94000083303600400006943685A1E4260012BDB
:10D9500002D103685B6898472000FAF757FD200062
:10D9600010BDC04650B904100A4B10B5083303600F
:10D970000400806843685A1E4260012B02D103688C
:10D980005B689847044B20002360F4F749F82000B7
:10D9900010BDC04670BA041070BD04100A4B10B51B
:10D9A000083303600400806843685A1E4260012BFC
:10D9B00002D103685B689847044B20002360F4F7AA
:10D9C0002FF8200010BDC04640BA041058BD041006
:10D9D0000A4B10B5083303600400806843685A1E80
:10D9E0004260012B02D103685B689847044B20001A
:10D9F0002360F4F715F8200010BDC046FCB90410F0
:10DA000088BD04100A4B10B5083303600400806819
:10DA100043685A1E4260012B02D103685B68984735
:10DA2000044B20002360F3F7FBFF200010BDC0462D
:10DA300028BA041074B004100A4B10B50833036000
:10DA40000400006943685A1E4260012B02D103683A
:10DA50005B6898472000FAF7D9FC2000F1F72EF810
:10DA6000200010BD50B904100A4B10B508330360F4
:10DA70000400806843685A1E4260012B02D103688B
:10DA80005B689847044B20002360F3F7C9FF200030
:10DA900010BDC04658BA04108CB004100A4B10B523
:10DAA000083303600400806843685A1E4260012BFB
:10DAB00002D103685B689847044B20002360F3F7AA
:10DAC000AFFF200010BDC046D0B90410A4B00410B0
:10DAD0000A4B10B5083303600400006943685A1EFE
:10DAE0004260012B02D103685B689847200001F077
:10DAF0001BFF2000F0F7E2FF200010BD6CB90410FE
:10DB000000220A4B10B50833036003690400C068A3
:10DB1000DA6043685A1E4260012B02D103685B68D9
:10DB200098472000F5F72EFC200010BDACB904107A
:10DB30000B4B10B5083303600400806843685A1E1D
:10DB40004260012B02D103685B689847054B2000B7
:10DB50002360F3F765FF2000F0F7B0FF200010BD51
:10DB600028BA041074B004100B4B10B508330360CE
:10DB70000400806843685A1E4260012B02D103688A
:10DB80005B689847054B20002360F3F749FF2000AE
:10DB9000F0F794FF200010BD40BA041058BD0410E7
:10DBA0000B4B10B5083303600400806843685A1EAD
:10DBB0004260012B02D103685B689847054B200047
:10DBC0002360F3F72DFF2000F0F778FF200010BD51
:10DBD00070BA041070BD04100B4B10B5083303600D
:10DBE0000400806843685A1E4260012B02D103681A
:10DBF0005B689847054B20002360F3F711FF200076
:10DC0000F0F75CFF200010BDD0B90410A4B00410E0
:10DC10000B4B10B5083303600400806843685A1E3C
:10DC20004260012B02D103685B689847054B2000D6
:10DC30002360F3F7F5FE2000F0F740FF200010BD51
:10DC400058BA04108CB0041000220A4B10B50833E7
:10DC5000036003690400C068DA6043685A1E4260CA
:10DC6000012B02D103685B6898472000F5F706FB9B
:10DC7000200010BD88B904100B4B10B508330360A9
:10DC80000400806843685A1E4260012B02D1036879
:10DC90005B689847054B20002360F3F7C1FE200026
:10DCA000F0F70CFF200010BDFCB9041088BD041073
:10DCB0000C4B10B5083303600400C06843685A1E5B
:10DCC0004260012B02D103685B6898472000064B35
:10DCD000083023601CF034FE2000F3F7A1FE200082
:10DCE00010BDC04618B90410B0AF041000220C4B90
:10DCF00010B50833036003690400C068DA60436844
:10DD00005A1E4260012B02D103685B6898472000CD
:10DD1000F5F738FB2000F0F7D1FE200010BDC0461B
:10DD2000ACB904100C4B10B5083303600400C06894
:10DD300043685A1E4260012B02D103685B68984712
:10DD40002000064B083023601CF0FAFD2000F3F79A
:10DD500067FE200010BDC04634B9041094BC041006
:10DD600000220C4B10B50833036003690400C0683F
:10DD7000DA6043685A1E4260012B02D103685B6877
:10DD800098472000F5F77AFA2000F0F797FE200078
:10DD900010BDC04688B904100D4B10B508330360A0
:10DDA0000400C06843685A1E4260012B02D1036818
:10DDB0005B6898472000074B083023601CF0C0FDCB
:10DDC0002000F3F72DFE2000F0F778FE200010BDB4
:10DDD00018B90410B0AF04100D4B10B50833036030
:10DDE0000400C06843685A1E4260012B02D10368D8
:10DDF0005B6898472000074B083023601CF0A0FDAB
:10DE00002000F3F70DFE2000F0F758FE200010BDB3
:10DE100034B9041094BC041000220C4B10B5083324
:10DE2000036003690400C068DA601A629A621A63C8
:10DE300043685A1E4260012B02D103685B68984711
:10DE40002000F4F7BDFE200010BDC046F0BA04105B
:10DE500000220C4B10B50833036003690400C0684E
:10DE6000DA609A611A629A6243685A1E4260012B14
:10DE700002D103685B6898472000F4F765FD200035
:10DE800010BDC046BCBA041000220C4B10B50833BC
:10DE9000036003690400C068DA601A629A621A6358
:10DEA00043685A1E4260012B02D103685B689847A1
:10DEB0002000F4F751FE200010BDC04624BB041022
:10DEC00000220C4B10B50833036003690400C068DE
:10DED000DA609A611A629A6243685A1E4260012BA4
:10DEE00002D103685B6898472000F4F761FD2000C9
:10DEF00010BDC04688BA041000220D4B10B508337F
:10DF0000036003690400C068DA601A629A621A63E7
:10DF100043685A1E4260012B02D103685B68984730
:10DF20002000F4F719FE2000F0F7C8FD200010BD16
:10DF300024BB041000220D4B10B5083303600369A5
:10DF40000400C068DA601A629A621A6343685A1E53
:10DF50004260012B02D103685B6898472000F4F708
:10DF60002FFE2000F0F7AAFD200010BDF0BA04102B
:10DF700000220D4B10B50833036003690400C0682C
:10DF8000DA609A611A629A6243685A1E4260012BF3
:10DF900002D103685B6898472000F4F7D5FC2000A5
:10DFA000F0F78CFD200010BDBCBA041000220D4B10
:10DFB00010B50833036003690400C068DA609A6131
:10DFC0001A629A6243685A1E4260012B02D10368AA
:10DFD0005B6898472000F4F7EBFC2000F0F76EFD3B
:10DFE000200010BD88BA0410F0B5C64600B50B6815
:10DFF00086B008009B6814000D0098472423E05465
:10E000002B682800DB6898472523E0540023012271
:10E01000A3606361E3616433E2542B6868462900BE
:10E020001B699847019F781CF0F744FD060001002A
:10E0300000233A00684610F0AFFE00230098F35525
:10E04000E76002AFA660B84201D0F0F737FD2B6859
:10E0500068465B6929009847019B581C9846F0F771
:10E0600029FD0600010000234246684610F094FE98
:10E07000424600230098B3546661A261B84201D0C1
:10E08000F0F71CFD2B68684629009B699847019EA4
:10E09000701CF0F70FFD05000100002332006846F8
:10E0A00010F07AFE00230098AB55E5612662B84275
:10E0B00001D0F0F703FD06B080BCB846F0BD009873
:10E0C00002AB984201D0F0F7F9FC1BF0A5F90098DB
:10E0D000B842F8D1F9E7FAE7F0B5CE46474680B541
:10E0E0000B680D0087B008009B68140098472B68E8
:10E0F0006062DB682800984700230122A360636107
:10E10000E3612533FF33A062E2542B68684629009F
:10E110001B699847019F781CF0F7CCFC06000100B2
:10E1200000233A00684610F037FE00230098F355AC
:10E13000E76002AFA660B84201D0F0F7BFFC2B68E1
:10E1400029005B6968469847019B98465E1C294BED
:10E150009E424DD8B6003000F0F7ACFC814601007D
:10E160000023424668461AF043FF00234E44043E13
:10E1700033604B46636143460098A361B84201D0C7
:10E18000F0F79CFC2B6829009B6968469847019B27
:10E1900098465D1C174B9D4227D8AD002800F0F72C
:10E1A00089FC060001000023424668461AF020FF61
:10E1B00000237519043D2B6043460098E6612362F5
:10E1C000B84201D0F0F77AFC07B0C0BCB946B046FF
:10E1D000F0BD009802AB984201D0F0F76FFC1BF045
:10E1E0001BF90098B842F8D1F9E71BF0F3F9F8E70A
:10E1F0001BF0F0F9FEFFFF1F080010B582B0059C70
:10E2000011001A00036800949C68049BA04702B0A8
:10E2100010BDC046080010B582B0059C11001A0060
:10E22000036800949C68049BA04702B010BDC046E0
:10E2300070B514001A000B6888B0DD6802A80C9B4A
:10E24000A847A369002B01D0200098472000029E18
:10E250000830039D2060002E22D001950F2D10D88C
:10E26000012D22D133782372002365604355144B6E
:10E270000298A36104AB984201D0F0F71FFC08B0EC
:10E2800070BD0022200001A910F02AFB019B206034
:10E29000A3602A003100F0F703FC019D2068E3E74A
:10E2A000002DE1D0074805F09FFE002DDCD0F0E7FF
:10E2B000029804AB984201D0F0F700FC1BF0ACF8D8
:10E2C00029CE0110C0AD041070B514001A000B68FF
:10E2D00088B0DD6802A80C9BA847A369002B01D079
:10E2E000200098472000039B029E083020609B007E
:10E2F000002E2AD09D1001950C2B15D8012D10D081
:10E30000002D1CD10022019B63609B001A50164B0C
:10E310000298A36104AB984201D0F0F7CFFB08B09C
:10E3200070BD33680360EDE70022200001A91AF0F8
:10E3300007FC019B2060A360012DE1D1F1E72A00D9
:10E34000310024F0F9F92068DCE7002B01D10193BA
:10E35000D8E7064805F048FE029804AB984201D081
:10E36000F0F7ACFB1BF058F83DCE0110C0AD041027
:10E37000F0B5C64600B50B6888B008009B6814006D
:10E380000D00984760742B682800DB689847A074DC
:10E390002B6828001B6A984700230122A360636151
:10E3A000E36163624333E062E2542B6802A8290010
:10E3B0001B699847039F781CF0F77CFB060001005F
:10E3C00000233A0002A810F0E7FC00230298F3555E
:10E3D000E76004AFA660B84201D0F0F76FFB2B688E
:10E3E00002A85B6929009847039B581C9846F0F7E0
:10E3F00061FB060001000023424602A810F0CCFC9D
:10E40000424600230298B3546661A261B84201D02B
:10E41000F0F754FB2B6802A89B6929009847039BDF
:10E42000581C9846F0F746FB0600010000234246C0
:10E4300002A810F0B1FC424600230298B354E661F2
:10E440002262B84201D0F0F739FB2B6802A8DB69E1
:10E4500029009847039B581C9846F0F72BFB0600B1
:10E4600001000023424602A810F096FC4246002319
:10E470000298B3546662A262B84201D0F0F71EFB64
:10E480002B6828005B6A984720632B6802900190F4
:10E490009B6A28009847606308B080BCB846F0BD0E
:10E4A000029804AB984201D0F0F708FB1AF0B4FFD1
:10E4B0000298B842F8D1F9E7FAE7F9E7F0B5C646AD
:10E4C00000B50B6888B008009B6814000D009847E1
:10E4D00060742B682800DB689847A0742B682800BC
:10E4E0001B6A984700230122A3606361E3616362B2
:10E4F0004333E062E2542B6802A829001B69984765
:10E50000039F781CF0F7D6FA0600010000233A00BA
:10E5100002A810F041FC00230298F355E76004AF15
:10E52000A660B84201D0F0F7C9FA2B6802A85B696F
:10E5300029009847039B581C9846F0F7BBFA060041
:10E5400001000023424602A810F026FC42460023A8
:10E550000298B3546661A261B84201D0F0F7AEFAF6
:10E560002B6802A89B6929009847039B581C984672
:10E57000F0F7A0FA060001000023424602A810F0BE
:10E580000BFC424600230298B354E6612262B84273
:10E5900001D0F0F793FA2B6802A8DB6929009847AD
:10E5A000039B581C9846F0F785FA060001000023EB
:10E5B000424602A810F0F0FB424600230298B354F2
:10E5C0006662A262B84201D0F0F778FA2B682800A0
:10E5D0005B6A984720632B68029001909B6A280031
:10E5E0009847606308B080BCB846F0BD029804ABA1
:10E5F000984201D0F0F762FA1AF00EFF0298B84282
:10E60000F8D1F9E7FAE7F9E7F0B5CE46474680B525
:10E610000B680D0089B008009B68140098472B68B0
:10E620006061DB68280098472B68A0611B6A28009E
:10E63000984700230122A360E3616362E3626C33C5
:10E640006063E2542B6802A829001B699847039F66
:10E65000781CF0F72FFA0600010000233A0002A808
:10E6600010F09AFB00230298F355E76004AFA66010
:10E67000B84201D0F0F722FA2B6829005B6902A8A2
:10E680009847039B98465E1C434B9E4200D980E00E
:10E69000B6003000F0F70EFA814601000023424632
:10E6A00002A81AF0A5FC00234E44043E33604B46FA
:10E6B000E361434602982362B84201D0F0F7FEF9C5
:10E6C0002B6829009B6902A89847039B98465E1C0B
:10E6D000314B9E425AD8B6003000F0F7EBF9814634
:10E6E00001000023424602A81AF082FC00234E4497
:10E6F000043E33604B46636243460298A362B842CD
:10E7000001D0F0F7DBF92B682900DB6902A89847F4
:10E71000039B98465E1C204B9E4234D8B6003000C6
:10E72000F0F7C8F9814601000023424602A81AF01A
:10E730005FFC00234E44043E33604B46E362434695
:10E7400002982363B84201D0F0F7B8F92B6828008B
:10E750005B6A9847A0632B68029001909B6A28002F
:10E760009847E06309B0C0BCB946B046F0BD029816
:10E7700004AB984201D0F0F7A1F91AF04DFE0298CF
:10E78000B842F8D1F9E71AF025FFF8E71AF022FFAE
:10E79000F5E71AF01FFFC046FEFFFF1FF0B5CE469B
:10E7A000474680B50B680D0089B008009B681400CF
:10E7B00098472B686061DB68280098472B68A06148
:10E7C0001B6A2800984700230122A360E36163626B
:10E7D000E3626C336063E2542B6802A829001B6972
:10E7E0009847039F781CF0F765F9060001000023A5
:10E7F0003A0002A810F0D0FA00230298F355E7601F
:10E8000004AFA660B84201D0F0F758F92B68290090
:10E810005B6902A89847039B98465E1C434B9E4247
:10E8200000D980E0B6003000F0F744F981460100DD
:10E830000023424602A81AF0DBFB00234E44043EAC
:10E8400033604B46E361434602982362B84201D0ED
:10E85000F0F734F92B6829009B6902A89847039BBD
:10E8600098465E1C314B9E425AD8B6003000F0F7F5
:10E8700021F9814601000023424602A81AF0B8FBA4
:10E8800000234E44043E33604B4663624346029885
:10E89000A362B84201D0F0F711F92B682900DB69B7
:10E8A00002A89847039B98465E1C204B9E4234D892
:10E8B000B6003000F0F7FEF8814601000023424622
:10E8C00002A81AF095FB00234E44043E33604B46E9
:10E8D000E362434602982363B84201D0F0F7EEF8B2
:10E8E0002B6828005B6A9847A0632B680290019010
:10E8F0009B6A28009847E06309B0C0BCB946B0469F
:10E90000F0BD029804AB984201D0F0F7D7F81AF0A6
:10E9100083FD0298B842F8D1F9E71AF05BFEF8E7F8
:10E920001AF058FEF5E71AF055FEC046FEFFFF1F2D
:10E9300030B50C0087B011006846D21802AD0095C2
:10E94000FEF790FC2368694620009B680A9A984766
:10E9500004000098A84201D0F0F7B0F8200007B0FA
:10E9600030BD0098A84201D0F0F7A8F81AF054FD85
:10E9700030B50C0087B011006846D21802AD009582
:10E98000FEF770FC2368694620009B680A9A984746
:10E9900004000098A84201D0F0F790F8200007B0DA
:10E9A00030BD0098A84201D0F0F788F81AF034FD85
:10E9B000F0B5C64600B590B01E0004AB9846199B52
:10E9C00014009C46189A0D0040461899624406AF00
:10E9D0000497FEF747FC42462B680192179A2900DC
:10E9E0000092DB68320098460AA8169BC047A369CC
:10E9F000002B01D02000984720000A9E08300B9D74
:10EA00002060002E29D003950F2D17D8012D29D174
:10EA1000337823720023656043551B4B0A98A3612A
:10EA20000CAB984201D0F0F749F80498B84201D0F5
:10EA3000F0F744F810B080BCB846F0BD00222000CA
:10EA400003A90FF04DFF039B2060A3602A00310053
:10EA5000F0F726F8039D2068DCE7002DDAD00B489C
:10EA600005F0C2FA002DD5D0F0E70A980CAB984219
:10EA700001D0F0F723F80498B84201D0F0F71EF85F
:10EA80001AF0CAFCF7E7C04629CE0110C0AD041049
:10EA9000F0B5C64600B590B01F0004AB9846199B70
:10EAA00014009A00189B0D009C46190040466244D1
:10EAB00006AE0496FEF7B0FC42462B680192179A08
:10EAC00029000092DB683A0098460AA8169BC047C6
:10EAD000A369002B01D02000984720000B9B0A9FC0
:10EAE000083020609B00002F31D09D1003950C2B27
:10EAF0001CD8012D17D0002D23D10022039B636069
:10EB00009B001A501C4B0A98A3610CAB984201D091
:10EB1000EFF7D4FF0498B04201D0EFF7CFFF10B069
:10EB200080BCB846F0BD3B680360E6E700222000E9
:10EB300003A91AF005F8039B2060A360012DDAD128
:10EB4000F1E72A00390023F0F7FD2068D5E7002B14
:10EB500001D10393D1E7094805F046FA0498B04281
:10EB600001D0EFF7ABFF1AF057FC0A980CAB9842B4
:10EB7000F4D0EFF7A3FFF1E73DCE0110C0AD0410D4
:10EB8000080010B5036811001B69984710BDC04606
:10EB9000080010B5036811001B69984710BDC046F6
:10EBA00010B50B6808009B68984710BD10B50B683E
:10EBB00008009B68984710BD82B0F0B58BB01193E8
:10EBC00018AB1B781100643B444ADBB29B00D3585E
:10EBD000040006A89F46020011AB60CB60C2130080
:10EBE0001D0013AAC0CAC0C5179D0A680495169DCA
:10EBF00020000395159D02956D46C0CBC0C5556993
:10EC0000079B069AA84720000BB0F0BC08BC02B0D6
:10EC10001847020011AB60CB60C213001D0013AA9D
:10EC2000C0CAC0C5179D0A680495169D20000395AB
:10EC3000159D02956D46C0CBC0C5D568079B069A49
:10EC4000A847E0E7020011AB60CB60C213001D00D3
:10EC500013AAC0CAC0C5179D0A680495169D200056
:10EC60000395159D02956D46C0CBC0C59569079B60
:10EC7000069AA847C7E7020011AB60CB60C2130039
:10EC80001D0013AAC0CAC0C5179D0A680495169D29
:10EC900020000395159D02956D46C0CBC0C5156932
:10ECA000079B069AA847AEE7020011AB60CB60C293
:10ECB00013001D0013AAC0CAC0C5179D0A68049599
:10ECC000169D20000395159D02956D46C0CBC0C5CD
:10ECD000D569079B069AA84795E7C046E0B204109D
:10ECE00082B0F0B58BB0119318AB1B781100643B68
:10ECF000444ADBB29B00D358040006A89F4602009A
:10ED000011AB60CB60C213001D0013AAC0CAC0C5FE
:10ED1000179D0A680495169D20000395159D029580
:10ED20006D46C0CBC0C55569079B069AA847200011
:10ED30000BB0F0BC08BC02B01847020011AB60CBAE
:10ED400060C213001D0013AAC0CAC0C5179D0A687F
:10ED50000495169D20000395159D02956D46C0CB28
:10ED6000C0C5D568079B069AA847E0E7020011AB2B
:10ED700060CB60C213001D0013AAC0CAC0C5179D96
:10ED80000A680495169D20000395159D02956D4611
:10ED9000C0CBC0C59569079B069AA847C7E7020084
:10EDA00011AB60CB60C213001D0013AAC0CAC0C55E
:10EDB000179D0A680495169D20000395159D0295E0
:10EDC0006D46C0CBC0C51569079B069AA847AEE73C
:10EDD000020011AB60CB60C213001D0013AAC0CAB1
:10EDE000C0C5179D0A680495169D20000395159DC2
:10EDF00002956D46C0CBC0C5D569079B069AA8474A
:10EE000095E7C04638B3041082B0F0B55746454682
:10EE1000DE464E46E0B593B01D9321AB1B78249F90
:10EE2000050011009C461DAC002F24D00AA8030049
:10EE300044CC44C322001C00984648CA48C4239CC2
:10EE40000A680494229C43460394644602946C46E8
:10EE50000597C0CBC0C4280094680B9B0A9AA047B2
:10EE6000280013B0F0BCBB46B246A946A046F0BC91
:10EE700008BC02B0184722000CAE0EAB0C939846AB
:10EE80003772776006AB9B4681CA81C31F001FAAF9
:10EE9000994609CA09C7239A4B460492229A0596B5
:10EEA0000392624602926A46BA4681CB81C20B68DF
:10EEB0005046DB68069A99465B465B68C847230064
:10EEC000524603CA03C3239B1B68002B08D02B00A8
:10EED00006CC06C30C984045C2D0EFF7EFFDBFE764
:10EEE000259B9B69002B01D0259898472598259B49
:10EEF000083018600C9B76689946002B20D00A9643
:10EF00000F2E0CD8012E20D11B78259A1372259B29
:10EF1000259A5E6000238355114B9361D7E7002249
:10EF2000514625980FF0DCFC259B0A9A18609A60E0
:10EF300032004946EFF7B4FD259B0A9E1868E6E7C4
:10EF4000002EE4D0074805F04FF8002EDFD0EFE7A1
:10EF50000C98404501D0EFF7B1FD1AF05DFAC046BC
:10EF600029CE0110C0AD041082B0F0B5D646464699
:10EF70004F46C0B594B01D9321AB1B78249E05006D
:10EF800011009A461DAC002E23D00CA8030084CC9F
:10EF900084C322001C009C4688CA88C45346239C14
:10EFA0000A680494229C0293039463466C46059677
:10EFB000C0CBC0C4280094680D9B0C9AA0472800C1
:10EFC00014B0E0BCBA46B146A846F0BC08BC02B0DA
:10EFD00018470EAB984610AB0E9399464346220055
:10EFE0005E60109608AB9C46C0CAC0C31E001FAA34
:10EFF00081CA81C647460A680597239F07920497EE
:10F00000229F524603976F46029205CB05C7079B86
:10F010003000DF686346089A5B68B8472300320017
:10F0200003CA03C3239B1B68002B09D00E9F2B0030
:10F0300006CC06C34F45C2D03800EFF73FFDBEE710
:10F04000259B9B69002B01D0259898472598259BE7
:10F050000830186043460E9F5B689B00002F29D044
:10F060009A1090460C920C2B13D84346012B0CD0CF
:10F07000002B18D10E9F0C9B259A536000229B00F9
:10F080001A50134B259A9361D1E73B680E9F03609A
:10F09000F1E700223100259819F052FD259B0C9ACA
:10F0A00018609A60E1E74246390023F045FB259B52
:10F0B0001868DFE7002B01D10C97DCE7054804F066
:10F0C00093FF0E98484501D0EFF7F8FC1AF0A4F929
:10F0D0003DCE0110C0AD041082B0F0B546464F469B
:10F0E000D646C0B58EB0179319AB1F781BAB1B78F3
:10F0F000040098461E9B150017AE002B2DD09A6970
:10F10000002A3FD006CB08AB9A468A180AAB504675
:10F1100099460893FEF7A6F806AB1A0003CE03C281
:10F1200051460391414602911A992A68019100972C
:10F13000D66829002000069A079BB04708984845E2
:10F1400001D0EFF7BBFC20000EB0E0BCBA46B146E0
:10F15000A846F0BC08BC02B0184708AB1A0003CEA2
:10F1600003C21C981D9904900591414602911A9979
:10F170002A6801910097966829002000089A099B47
:10F18000B047E0E7044804F02FFF0898484501D055
:10F19000EFF794FC1AF040F9B0A1041082B0F0B57A
:10F1A0004746CE4680B58FB0179319AB1F781E9B8C
:10F1B0000400150017AE002B2DD09A69002A3FD00D
:10F1C00006CB08AB994692000AAB8A184846984687
:10F1D0000893FEF721F906AB1A0003CE03C2494695
:10F1E00003911B992A6802911A9900970191D66898
:10F1F00029002000069A079BB0470898404501D097
:10F20000EFF75CFC20000FB0C0BCB946B046F0BCC4
:10F2100008BC02B0184708AB1A0003CE03C21C9802
:10F220001D99049005911B992A6802911A990097DB
:10F230000191966829002000089A099BB047E1E7F0
:10F24000044804F0D1FE0898404501D0EFF736FCA1
:10F250001AF0E2F8B0A10410F8B502230D00CB4A71
:10F26000CB495B42060019F0DBFF041E02D00568A3
:10F270002800F8BDC74B9D4248D0C74B9D4200D1E6
:10F280008FE0C64B9D426CD0C54B9D4200D19AE0A9
:10F29000C44B9D4200D1A3E0C34B9D4200D1ACE0E2
:10F2A000C24B9D4200D1D9E0C14B9D4200D106E145
:10F2B000C04B9D4200D111E1BF4B9D425ED0BF4B80
:10F2C0009D4200D138E1BE4B9D4200D142E1BD4B91
:10F2D0009D4200D14CE1BC4B9D4200D1AAE1BB4B09
:10F2E0009D4200D1D8E1BA4B9D4200D006E21420E5
:10F2F000EFF7DCFB0021050004F060FC73682E6171
:10F3000001337360B34B08332B60B1E76820EFF72C
:10F31000CDFBB14B00220360642344608460C46071
:10F32000047444618461C461046284840700C2542B
:10F330001420EFF7BBFBA94B0021446003608760FA
:10F340000500F3F749FF73683A0001337360A44B7B
:10F35000310008330020EE602B602F61F6F774F85F
:10F3600086E70C20EFF7A2FB73680500013373609A
:10F370009C4B446008338660036079E71020EFF708
:10F3800095FB00234360984B05000360F2F75EFB9A
:10F390007368A86001337360944BEE6008332B6090
:10F3A00066E71020EFF782FB914B44600360050095
:10F3B000F2F74CFB7368A860013373608D4BEE600D
:10F3C00008332B6054E70C20EFF770FB73680500DF
:10F3D00001337360884B446008338660036047E7FD
:10F3E0000C20EFF763FB7368050001337360834BF8
:10F3F00044600833866003603AE74420EFF756FB29
:10F400007F4B432203600023446083748460C460A4
:10F41000048244618461C461046244628462C4629F
:10F4200004634463070083541420EFF73FFB754BDC
:10F43000002200214460036087600500F3F7E4F9CF
:10F4400073683A00013373606F4B3100083300205A
:10F45000EE602B602F61F6F7C3F909E74420EFF760
:10F4600025FB6A4B4322036000234460837484605D
:10F47000C460048244618461C46104624462846241
:10F48000C46204634463070083541420EFF70EFB47
:10F490005F4B002200214460036087600500F3F7A2
:10F4A00003FA73683A00013373605A4B3100083332
:10F4B0000020EE602B602F61F6F766FAD8E6142084
:10F4C000EFF7F4FA00210500FDF758FC73682E6190
:10F4D00001337360504B08332B60C9E69420400021
:10F4E000EFF7E4FA4D4B0027036092235B0047607F
:10F4F0008760C760077447618761C76107624762B9
:10F5000087620400C7541420EFF7D0FA444B00215F
:10F510004760036084600500F3F7E4FE736822002F
:10F52000013373603F4B310008330020EE602B60E5
:10F530002C61F6F721F89BE60C20EFF7B7FA0023D1
:10F5400043607368050001337360374B866008338E
:10F5500003608DE60C20EFF7A9FA0023436073687F
:10F56000050001337360314B8660083303607FE62A
:10F570000C20EFF79BFA002343607368050001330A
:10F5800073602B4B86600833036071E6C8A20410D9
:10F590000C9D041008330320F8320320103303209D
:10F5A0001833032020330320EC320320E8320320F9
:10F5B000003303200C330320FC32032014330320D8
:10F5C0001C33032024330320F4320320F0320320C1
:10F5D000043303206CB90410349E0410CCAF041023
:10F5E00088B90410D0B9041094BC041034B90410C4
:10F5F000B0AF041018B9041028BA041058BA041097
:10F60000B89D0410F0AF0410BCBA0410C89D0410DB
:10F6100024B0041088BA041050B90410449E041099
:10F62000B0BC0410ACB90410FCB9041040BA04100A
:10F6300070BA04107020EFF739FA4F4B00270360BF
:10F640006C2347608760C760077447618761C76143
:10F65000076247628762C762076347638763C7635E
:10F660000400C7541420EFF721FA444B0022002174
:10F670004760036084600500F3F7CEF973682200E9
:10F68000013373603E4B310008330020EE602B6085
:10F690002C61F6F74DFAEBE57020EFF707FA394BDE
:10F6A000002703606C2347608760C7600774476169
:10F6B0008761C761076247628762C7620763476302
:10F6C0008763C7630400C7541420EFF7EFF92E4B8C
:10F6D000002200214760036084600500F3F7ECF925
:10F6E0007368220001337360284B31000833002017
:10F6F000EE602B602C61F6F719FBB9E5244804F0A5
:10F7000073FCE868F5F796FE2800F3F759FA28002D
:10F71000EFF7D4F919F080FE2800F2F781F9F6E747
:10F72000E868F5F787FE2800F3F72CFEEFE7F3E72C
:10F73000F2E7ECE7E868F5F77DFE2800F3F70CFA4E
:10F74000E5E7E9E7E868F5F775FE2800F3F796FDC9
:10F75000DDE7E1E7E868F5F76DFE2800F3F728F943
:10F76000D5E7D9E7E868F5F765FE2800F3F7ECF888
:10F77000CDE7D1E7D0E7CAE7D89D0410D4BC041088
:10F7800024BB0410E89D041008BD0410F0BA041056
:10F790007CA20410836858697047C04683689869E2
:10F7A0007047C0468368586B7047C04610B5836881
:10F7B000FF24986B82B00300010A020C2140234011
:10F7C0000902224012040B43000E134300061843A3
:10F7D00002B010BD10B58368FF24D86B82B003005F
:10F7E000010A020C214023400902224012040B436B
:10F7F000000E13430006184302B010BD8368586919
:10F800007047C046836898697047C0468368586BE4
:10F810007047C04610B58368FF24986B82B0030020
:10F82000010A020C214023400902224012040B432A
:10F83000000E13430006184302B010BD10B58368D4
:10F84000FF24D86B82B00300010A020C2140234040
:10F850000902224012040B43000E13430006184312
:10F8600002B010BD8368586A7047C0468368986AC2
:10F870007047C04600207047002070477047C04660
:10F88000002010B5914205D21924E04108C9C018E2
:10F890008A42FAD810BDC04610B50400024B03607E
:10F8A000F2F7BEF8200010BD58BD041010B50400DA
:10F8B000024B0360F2F7B4F8200010BD70BD0410D5
:10F8C00010B50400024B0360F2F7AAF8200010BD47
:10F8D00088BD041010B50400044B0360F2F7A0F8D3
:10F8E0002000EFF7EBF8200010BDC04658BD041013
:10F8F00010B50400044B0360F2F792F82000EFF714
:10F90000DDF8200010BDC04670BD041010B5040025
:10F91000044B0360F2F784F82000EFF7CFF82000E3
:10F9200010BDC04688BD041010B50400044B036030
:10F9300008301BF005F82000F2F772F8200010BD27
:10F940003CBD041010B50400FFF7EEFF2000EFF7F8
:10F95000B5F8200010BDC04610B50400044B03608C
:10F9600008301AF0EDFF2000F2F75AF8200010BD21
:10F9700094BC0410F0B5DE4657464E4645461C0082
:10F98000E0B58DB002AB00938046994668460023EF
:10F9900019F054FB08AB9A46069321000023169AEF
:10F9A00006A819F04BFB019F079EBF00BB46009DB8
:10F9B000069CB600AB44A61903E0A6422AD0043543
:10F9C00004342200290040461BF07EF9071E0FD1A7
:10F9D000280022F0F5FC80002D18200022F0F0FC19
:10F9E00080002418AB45E8D1341B631E9C4167425C
:10F9F0000698504501D0EFF761F80098484501D0CE
:10FA0000EFF75CF838000DB0F0BCBB46B246A94633
:10FA1000A046F0BD0127EBE70098484501D0EFF77D
:10FA20004DF819F0F9FCC04610B50400064B036010
:10FA300008301AF085FF2000F1F7F2FF2000EFF701
:10FA40003DF8200010BDC04694BC0410F0B5050080
:10FA50008B6808359E68040083B00560002E24D0B2
:10FA600030001FF04BF9070001900F280CD8012837
:10FA700007D133782372002360602B54200003B039
:10FA8000F0BD0028F7D008E00022200001A90EF008
:10FA900027FF0500019B2060A36028003A00310089
:10FAA000EEF7FEFF01982568E5E7014804F09CFAAF
:10FAB000C0AD0410F0B505008B6808359E680400E1
:10FAC00083B00560002E24D030001FF017F9070026
:10FAD00001900F280CD8012807D133782372002316
:10FAE00060602B54200003B0F0BD0028F7D008E080
:10FAF0000022200001A90EF0F3FE0500019B20600A
:10FB0000A36028003A003100EEF7CAFF019825688B
:10FB1000E5E7014804F068FAC0AD0410F0B505004F
:10FB20008B6808359E68040083B00560002E24D0E1
:10FB300030001FF0E3F8070001900F280CD80128CF
:10FB400007D133782372002360602B54200003B068
:10FB5000F0BD0028F7D008E00022200001A90EF037
:10FB6000BFFE0500019B2060A36028003A00310021
:10FB7000EEF796FF01982568E5E7014804F034FAAE
:10FB8000C0AD04108B6870B55D6A030008330400D3
:10FB900004220360002D04D0280022F011FC820012
:10FBA000AA1829002000002319F048FA200070BD8F
:10FBB0008B6870B5DD6A030008330400042203601B
:10FBC000002D04D0280022F0FBFB8200AA18290097
:10FBD0002000002319F032FA200070BD8B6870B548
:10FBE000DD6903000833040004220360002D04D003
:10FBF000280022F0E5FB8200AA182900200000233B
:10FC000019F01CFA200070BD8B6870B55D690300A7
:10FC10000833040004220360002D04D0280022F0E1
:10FC2000CFFB8200AA1829002000002319F006FA51
:10FC3000200070BD8B6870B5DD69030008330400D7
:10FC400004220360002D04D0280022F0B9FB8200BA
:10FC5000AA1829002000002319F0F0F9200070BD37
:10FC60008B6870B5DD6A030008330400042203606A
:10FC7000002D04D0280022F0A3FB8200AA1829003E
:10FC80002000002319F0DAF9200070BD8B6870B5F0
:10FC9000DD6903000833040004220360002D04D052
:10FCA000280022F08DFB8200AA18290020000023E2
:10FCB00019F0C4F9200070BD8B6870B55D6A03004F
:10FCC0000833040004220360002D04D0280022F031
:10FCD00077FB8200AA1829002000002319F0AEF952
:10FCE000200070BDF0B557464E464546DE46E0B5AD
:10FCF0001D0008239C46844463468BB00360039335
:10FD0000002316004360836006AB04008A46049318
:10FD10002A000023310004A819F090F9049BAD1BC0
:10FD20009846059B6F109B0043440293444B9D42B1
:10FD300000D97CE0B800EEF7BDFE424B05009B46C3
:10FD400006E000224946B6009A519B1961605A604C
:10FD500042463B00290050461AF0C0FF020087428D
:10FD600011D8471C2800EEF7ADFE374B9F424BD809
:10FD7000B800EEF79FFE4246010005003B005046EA
:10FD80001AF0ACFF02005B4661685B1A9A4234D8F5
:10FD90002900200019F000F9404622F011FB029BD7
:10FDA00080004044834217D06668031D9846731C48
:10FDB0009946039A23689A420CD0A2689145C0D90B
:10FDC00001230022009331000023200018F0FCFEE4
:10FDD0002368B6E70322F1E72800EEF773FE0498E4
:10FDE00006AB984201D0EEF769FE20000BB0F0BCE4
:10FDF000BB46B246A946A046F0BD144804F00CF933
:10FE000019F0A6FC1AF02EF919F0E4FB19F0DAFC4F
:10FE1000049806AB984201D0EEF750FE2068039B91
:10FE2000834201D0EEF74AFE19F0F6FAF0E719F036
:10FE3000D1FBF3E719F08CFC2800EEF743FEE1E775
:10FE4000FCFFFF3FFFFFFF0FFEFFFF1F2CAB041067
:10FE5000F0B5DE4657464E464546E0B5A1B0109295
:10FE600014006C22944611931D002A9B0C909A4614
:10FE70002B9B03932C9B6344180099460FF082FD43
:10FE80008346B048F2F78CF82C9B0700DA6E8300AB
:10FE9000D668F61833689846002B00D1D5E3402386
:10FEA0004344099343469B6A002B04D043461B6B93
:10FEB0005A1E9341DBB20F9314AB994616AB4A46D8
:10FEC000149300235360137243461B7C002B03D012
:10FED000202148460EF0BCFD1CAB1A9300231AAE3D
:10FEE00020213000337273600EF0B2FD442343448E
:10FEF00005934346DB6B13930023079308930A9300
:10FF00000E930D9304931421079A0EAB5B189B5C20
:10FF1000042B01D900F027FC8B4A9B00D3589F4645
:10FF2000099B7768C01A894B80101B681CAA1B5C50
:10FF30007D1C06933368934200D174E2B268954207
:10FF400000D924E2069ADA550022336875605A55C2
:10FF5000049B01330493A368E26893425DD20433A7
:10FF6000A36001256D422F00002C02D06B1C00D134
:10FF700036E201377B425F415346FFB2002B00D18E
:10FF8000F4E1039B1800013300D119E20130434230
:10FF90005841B84200D1F0E12F00002C02D06B1C78
:10FFA00000D129E20A223900059822F0B5FB002889
:10FFB000B6D143465B69BB4200D1F2E143461B7CAC
:10FFC0000693002B00D1D8E143469B69BB4200D089
:10FFD000D5E1089B002B00D0D4E3049B002B00D17B
:10FFE000E3E3DBB204934B465F681B6816AA7D1CF3
:10FFF000934200D135E24A469268954200D907E221
:020000041002E8
:10000000049ADA554B4600225D601B685A5500235E
:10001000E2680493A3689342A1D3236820009B6AFB
:1000200098479EE701230693079B032B00D12AE103
:100030002F00002C01D06B1C25D001377B425F4183
:100040005346FFB2002B30D0039B1800013300D180
:10005000EBE1013043425841B8422CD02A00002C39
:1000600002D06B1C00D1F0E15B461B6808215846AA
:100070009B68984700281ED0A368E268934200D38B
:100080003CE20433A360A368E268934200D36DE3CB
:100090001F687B1C00D114E301377B425F410125BF
:1000A00053466D42FFB2002BCED10398013043423C
:1000B0005841B842D2D1079B032B00D1E3E0013372
:1000C0000793069B002B00D01DE72D9B1B68049314
:1000D0000423049A13432D9A13602E00002C02D09F
:1000E0006B1C00D12DE3013673425E415346F6B2DC
:1000F000002B03D0039B013300D118E30398013098
:1001000043425841B04207D12D9B1B680393022301
:10011000039A13432D9A13600C9B1A9830C31CAB9F
:10012000984201D0EEF7CAFC149816AB984201D061
:10013000EEF7C4FC0C9821B0F0BCBB46B246A94611
:10014000A046F0BDF432032058BB0410BC210020AF
:100150002F00002C02D06B1C00D13DE201377B4206
:100160005F415346FFB2002B00D120E2039B1800F1
:10017000013300D109E30130434258410023069383
:10018000B84200D150E72A00002C02D06B1C00D1ED
:10019000AEE35B461B68082158469B68984706906B
:1001A000002800D140E7A368E268934200D3FBE354
:1001B0000433A360079B032B00D064E701250A9B4F
:1001C0006D42012B66D8069B002B00D17DE773683A
:1001D000012B00D960E20E9B002B04D01A9B1B78E8
:1001E000302B00D0EFE14B465F68002F2BD0089BEF
:1001F000002B00D0E1E16B461B7C05937B1C9B46EA
:10020000149B16AA934200D161E34A469268934533
:1002100000D9D3E2059A5946DA554B465A465A60F8
:100220000023149A535443464A46D96898681AF0F2
:10023000ABFE002807D12D9B1B6805930423059A6C
:1002400013432D9A1360089B002B05D04346049A54
:100250005B6B934200D038E731002E980EF0C2FD60
:100260003BE743469B6A002B00D079E143461B6B7A
:10027000002B00D028E201200F9B43400693079BF0
:10028000032B00D01BE70A9B012B9CD9069B002B5C
:1002900000D11AE70E9B002B00D08AE143465B6A2F
:1002A000059301239B4625E0039B1800013300D1F1
:1002B000AAE10130434258410A9BB8422ED09B45E7
:1002C00085D02800002C02D06B1C00D1ACE15B462D
:1002D000059A9B00D358834200D0F6E6A368E268F3
:1002E000934200D3ACE10433A360012301259C4673
:1002F0006D42E3442F00002C02D06B1C00D177E14B
:1003000001377B425F415346FFB2002BCCD10398AB
:100310000130434258410A9BB842D0D19B4500D09E
:10032000D3E654E72C9BDB6806939B0500D59AE047
:100330000A9B012B00D996E0079B002B00D192E08D
:10034000012B00D191E201230693079B022B00D0E1
:10035000B1E60EABDB7D042B00D184E00F9A002ABE
:1003600001D0032B7FD003230793CCE50398013002
:1003700043425841B84200D00EE601230693736809
:100380005A1E9341069A5B421A40069293E6012355
:10039000002200933900002330000EF0E3FA3368A6
:1003A000D0E5089B002B00D008E643465B6B002B92
:1003B000E3DD049B0D930123089300230493CAE516
:1003C000534652469B68D268934200D3A9E118680D
:1003D000431C5A1E934152465B421A409246D5E551
:1003E000A368E268934200D395E11F687B1C5A1E04
:1003F00093415B421C40BCE5A368E268934200D392
:10040000ABE11F687B1C5A1E93415B421C40C9E54F
:100410000123002200933900002348460EF0A2FA7F
:100420004B461B68ECE50F2289E5534652469B6814
:10043000D268934200D39FE11868431C5A1E93412F
:1004400052465B421A40924603E6A368E268934232
:1004500000D3ADE11A68531C591E8B415B421C400E
:1004600002E60F22C9E543461B6A00270B9321E0F1
:10047000039B1800013352D0013043425841069B80
:1004800098422BD00B9B9F4200D16CE12800002C9E
:1004900001D06B1C53D04246D269BB009B588342AB
:1004A00020D1A368E268934255D20433A3600125AA
:1004B00001376D422800002C01D06B1C23D0013085
:1004C00043425841C3B206935346002BD0D1039800
:1004D000013043425841069B9842D3D10B9B9F4227
:1004E00000D140E100230693002F00D0E3E5012076
:1004F0002C9BDB685B0A98430690DCE523682000B0
:100500009B6A9847BFE5A368E268934200D3C8E1BD
:100510001868431C5A1E93415B421C40CFE7534668
:1005200052469B68D268934200D3B4E11868431CDA
:100530005A1E934152465B421A4092469CE7A3687A
:10054000E268934200D3B1E11868431C5A1E9341FC
:100550005B421C409FE7236820009B6A9847A6E700
:100560002F00002C02D06B1C00D1CCE101377B4264
:100570005F415346FFB2002B00D174E1039B18008A
:10058000013300D1CAE1013043425841B84200D0A2
:100590001EE143461B6B002B00D095E043469B6A4F
:1005A000002B00D167E6012306930E9383E50398A1
:1005B000E1E54346DB6A059373E66B4634229B18FC
:1005C0001B7805931AE62D230022009300213000AA
:1005D0002C3B0EF085FA06E6A368E268934200D34E
:1005E000D9E11F687B1C5A1E93415B421C40B5E554
:1005F000A368E268934200D363E11F687B1C5A1E24
:1006000093415B421C407BE6534652469B68D2684E
:10061000934200D34FE11868431C5A1E934152463F
:100620005B421A40924644E6A368E268934200D3D4
:100630004FE11868431C5A1E93415B421C4046E63A
:10064000236820009B6A98474FE67020EEF72EFA49
:10065000D44A002302606C2243608360C360037449
:1006600043618361C361036243628362C362036364
:1006700043638363C3634946835480460FF0ACFEF3
:100680002C9B4146DB6E3A0018000493F1F70AFCFC
:1006900033689846FFF703FC0022302130000EF04B
:1006A00013FC002800D196E5431C00D116E11B9BEA
:1006B0000200984200D9EAE0002130000EF0ACF9C7
:1006C00089E53D000024B8E42F00002C02D06B1C0B
:1006D00000D141E101377B425F415346FFB2002B1D
:1006E00000D1D6E0039B1800013300D125E1013091
:1006F00043425841B84200D08FE043469B6A002BEA
:1007000000D1B8E543461B6B002B00D0B3E50123B5
:100710000E930693CFE4236820005B6A9847070096
:1007200064E653461B6850465B6A984750E653465A
:1007300052469B68D268934200D31EE11B68039324
:10074000DCE4A368E268934200D310E11E68731CE6
:100750005A1E93415B421C40C5E4236820005B6A3B
:10076000984707004EE601230693A4E4236820007F
:100770005B6A984707008CE453461B6850465B6AE7
:1007800098475AE6089B0693F9E5534652469B68FC
:10079000D268934200D3F8E01868431C5A1E934174
:1007A00052465B421A409246E5E400230693E6E592
:1007B000236820005B6A984702004CE60123002270
:1007C00000933900002348460EF0CCF8149B21E535
:1007D0002800002C0CD06B1C0AD1A368E26893425D
:1007E00000D305E11868431C5A1E93415B421C402C
:1007F00043465B6A1B68834200D0CAE643469B6A55
:10080000E2680A93A368934200D3FBE00433A36039
:10081000012501236D4206934DE42800002C0CD0E5
:100820006B1C0AD1A368E268934200D3EFE018681A
:10083000431C5A1E93415B421C404346DB6A1B68C3
:10084000834200D059E743461B6BE2680A93A368D2
:10085000934200D3D1E00433A36001230125069322
:100860006D420E9327E403988DE60F9B002B00D07A
:10087000F9E50EAB1B7D032B00D1F4E50EAB9B7DA0
:10088000012B00D1EFE502230793FFF73CFB1A0091
:1008900012E703982BE753461B6850465B6A98475C
:1008A00045E6236820005B6A984732E6236820000B
:1008B0005B6A984749E653461B6850465B6A98470F
:1008C000AAE6236820005B6A9847070096E60F2295
:1008D0009DE4236820005B6A9847ABE67368581E66
:1008E00003D3002800D176E4E2E63268137072E4A4
:1008F000A368E268934263D21A68531C591E8B4165
:100900005B421C4045E4A368E268934264D21F68DE
:100910007B1C5A1E93415B421C4027E653465246BD
:100920009B68D26893425DD21868431C5A1E93415B
:1009300052465B421A40924625E6534652469B6811
:10094000D268934236D21868431C5A1E93415246CD
:100950005B421A409246CAE6A368E268934235D2E7
:100960001F687B1C5A1E93415B421C40B2E6236801
:1009700020005B6A98470600E9E653461B6850462C
:100980005B6A98470390FFF7B9FB53461B685046D4
:100990005B6A984701E7236820005B6A9847070075
:1009A00020E6C046D89D0410236820009B6A984723
:1009B000FFF700FC53461B6850465B6A9847C3E745
:1009C000236820005B6A9847020096E723682000AE
:1009D0005B6A98470700C4E7236820005B6A984772
:1009E000070095E753461B6850465B6A98479CE7AB
:1009F000236820005B6A9847F5E6236820009B6A1D
:100A000098472AE7236820009B6A984700E72368F5
:100A100020005B6A98470BE71A981CAB984201D0FC
:100A2000EEF74CF8149816AB984201D0EEF746F862
:100A300018F0F2FCF6E718F08BFE19F013FB18F033
:100A400087FE43461B6840465B689847F5E718F009
:100A5000B9FE18F0E1FCC046F0B5DE4657464E46FA
:100A60004546E0B5A1B0109214006C229446119353
:100A70001D002A9B0C909A462B9B03932C9B63444E
:100A8000180099460EF07EFF8346B048F1F788FAC9
:100A90002C9B0700DA6E8300D668F61833689846F8
:100AA000002B00D1D5E340234344099343469B6A7E
:100AB000002B04D043461B6B5A1E9341DBB20F93AD
:100AC00014AB994616AB4A46149300235360137235
:100AD00043461B7C002B03D0202148460DF0B8FF75
:100AE0001CAB1A9300231AAE2021300033727360BE
:100AF0000DF0AEFF4423434405934346DB6B139351
:100B00000023079308930A930E930D9304931421E3
:100B1000079A0EAB5B189B5C042B01D900F027FCF5
:100B20008B4A9B00D3589F46099B7768C01A894B14
:100B300080101B681CAA1B5C7D1C069333689342C3
:100B400000D174E2B268954200D924E2069ADA55DF
:100B50000022336875605A55049B01330493A368DF
:100B6000E26893425DD20433A36001256D422F00F9
:100B7000002C02D06B1C00D136E201377B425F4172
:100B80005346FFB2002B00D1F4E1039B1800013360
:100B900000D119E2013043425841B84200D1F0E19E
:100BA0002F00002C02D06B1C00D129E20A22390050
:100BB000059821F0B1FD0028B6D143465B69BB42E0
:100BC00000D1F2E143461B7C0693002B00D1D8E113
:100BD00043469B69BB4200D0D5E1089B002B00D067
:100BE000D4E3049B002B00D1E3E3DBB204934B4638
:100BF0005F681B6816AA7D1C934200D135E24A4605
:100C00009268954200D907E2049ADA554B460022D1
:100C10005D601B685A550023E2680493A368934201
:100C2000A1D3236820009B6A98479EE7012306937F
:100C3000079B032B00D12AE12F00002C01D06B1C55
:100C400025D001377B425F415346FFB2002B30D0A5
:100C5000039B1800013300D1EBE1013043425841BE
:100C6000B8422CD02A00002C02D06B1C00D1F0E13D
:100C70005B461B68082158469B68984700281ED091
:100C8000A368E268934200D33CE20433A360A36804
:100C9000E268934200D36DE31F687B1C00D114E32C
:100CA00001377B425F41012553466D42FFB2002B65
:100CB000CED10398013043425841B842D2D1079B6C
:100CC000032B00D1E3E001330793069B002B00D0F8
:100CD0001DE72D9B1B6804930423049A13432D9A4C
:100CE00013602E00002C02D06B1C00D12DE30136C6
:100CF00073425E415346F6B2002B03D0039B01338F
:100D000000D118E30398013043425841B04207D163
:100D10002D9B1B6803930223039A13432D9A1360A0
:100D20000C9B1A9830C31CAB984201D0EDF7C6FE5D
:100D3000149816AB984201D0EDF7C0FE0C9821B084
:100D4000F0BCBB46B246A946A046F0BDF032032037
:100D50006CBB0410BC2100202F00002C02D06B1CA7
:100D600000D13DE201377B425F415346FFB2002B89
:100D700000D120E2039B1800013300D109E30130C8
:100D80004342584100230693B84200D150E72A005D
:100D9000002C02D06B1C00D1AEE35B461B6808211F
:100DA00058469B6898470690002800D140E7A36802
:100DB000E268934200D3FBE30433A360079B032B59
:100DC00000D064E701250A9B6D42012B66D8069B83
:100DD000002B00D17DE77368012B00D960E20E9BE8
:100DE000002B04D01A9B1B78302B00D0EFE14B4630
:100DF0005F68002F2BD0089B002B00D0E1E16B46F1
:100E00001B7C05937B1C9B46149B16AA934200D126
:100E100061E34A469268934500D9D3E2059A594660
:100E2000DA554B465A465A600023149A53544346A7
:100E30004A46D96898681AF0A7F8002807D12D9B70
:100E40001B6805930423059A13432D9A1360089B8E
:100E5000002B05D04346049A5B6B934200D038E7E1
:100E600031002E980DF0BEFF3BE743469B6A002BF6
:100E700000D079E143461B6B002B00D028E2012013
:100E80000F9B43400693079B032B00D01BE70A9B55
:100E9000012B9CD9069B002B00D11AE70E9B002B3F
:100EA00000D08AE143465B6A059301239B4625E017
:100EB000039B1800013300D1AAE10130434258419D
:100EC0000A9BB8422ED09B4585D02800002C02D02A
:100ED0006B1C00D1ACE15B46059A9B00D358834262
:100EE00000D0F6E6A368E268934200D3ACE1043395
:100EF000A360012301259C466D42E3442F00002C92
:100F000002D06B1C00D177E101377B425F41534631
:100F1000FFB2002BCCD103980130434258410A9BC9
:100F2000B842D0D19B4500D0D3E654E72C9BDB6878
:100F300006939B0500D59AE00A9B012B00D996E009
:100F4000079B002B00D192E0012B00D191E20123FD
:100F50000693079B022B00D0B1E60EABDB7D042B82
:100F600000D184E00F9A002A01D0032B7FD0032305
:100F70000793CCE50398013043425841B84200D072
:100F80000EE60123069373685A1E9341069A5B424C
:100F90001A40069293E601230022009339000023B1
:100FA00030000DF0DFFC3368D0E5089B002B00D04B
:100FB00008E643465B6B002BE3DD049B0D930123A6
:100FC000089300230493CAE5534652469B68D268AF
:100FD000934200D3A9E11868431C5A1E934152461C
:100FE0005B421A409246D5E5A368E268934200D37B
:100FF00095E11F687B1C5A1E93415B421C40BCE577
:10100000A368E268934200D3ABE11F687B1C5A1EC1
:1010100093415B421C40C9E5012300220093390043
:10102000002348460DF09EFC4B461B68ECE50F2262
:1010300089E5534652469B68D268934200D39FE1AC
:101040001868431C5A1E934152465B421A4092460E
:1010500003E6A368E268934200D3ADE11A68531C2B
:10106000591E8B415B421C4002E60F22C9E54346F4
:101070001B6A00270B9321E0039B1800013352D019
:10108000013043425841069B98422BD00B9B9F4214
:1010900000D16CE12800002C01D06B1C53D04246DB
:1010A000D269BB009B58834220D1A368E268934277
:1010B00055D20433A360012501376D422800002C6E
:1010C00001D06B1C23D0013043425841C3B2069378
:1010D0005346002BD0D10398013043425841069B20
:1010E0009842D3D10B9B9F4200D140E1002306934D
:1010F000002F00D0E3E501202C9BDB685B0A9843BE
:101100000690DCE5236820009B6A9847BFE5A3684A
:10111000E268934200D3C8E11868431C5A1E934109
:101120005B421C40CFE7534652469B68D2689342CD
:1011300000D3B4E11868431C5A1E934152465B42E7
:101140001A4092469CE7A368E268934200D3B1E15B
:101150001868431C5A1E93415B421C409FE723685A
:1011600020009B6A9847A6E72F00002C02D06B1C3A
:1011700000D1CCE101377B425F415346FFB2002BE7
:1011800000D174E1039B1800013300D1CAE10130A2
:1011900043425841B84200D01EE143461B6B002B2E
:1011A00000D095E043469B6A002B00D167E60123FF
:1011B00006930E9383E50398E1E54346DB6A0593C6
:1011C00073E66B4634229B181B7805931AE62D2391
:1011D00000220093002130002C3B0DF081FC06E63C
:1011E000A368E268934200D3D9E11F687B1C5A1EB2
:1011F00093415B421C40B5E5A368E268934200D38B
:1012000063E11F687B1C5A1E93415B421C407BE6D6
:10121000534652469B68D268934200D34FE1186808
:10122000431C5A1E934152465B421A40924644E682
:10123000A368E268934200D34FE11868431C5A1E2A
:1012400093415B421C4046E6236820009B6A984716
:101250004FE67020EDF72AFCD44A002302606C228E
:1012600043608360C360037443618361C36103624D
:1012700043628362C362036343638363C363494618
:10128000835480460FF0DCFA2C9B4146DB6E3A001B
:1012900018000493F0F706FE33689846FFF703FC46
:1012A0000022302130000DF00FFE002800D196E51D
:1012B000431C00D116E11B9B0200984200D9EAE0D2
:1012C000002130000DF0A8FB89E53D000024B8E4C2
:1012D0002F00002C02D06B1C00D141E101377B4272
:1012E0005F415346FFB2002B00D1D6E0039B1800AC
:1012F000013300D125E1013043425841B84200D0CA
:101300008FE043469B6A002B00D1B8E543461B6B38
:10131000002B00D0B3E501230E930693CFE423689E
:1013200020005B6A9847070064E653461B685046F6
:101330005B6A984750E6534652469B68D268934290
:1013400000D31EE11B680393DCE4A368E2689342C8
:1013500000D310E11E68731C5A1E93415B421C406F
:10136000C5E4236820005B6A984707004EE6012326
:101370000693A4E4236820005B6A984707008CE486
:1013800053461B6850465B6A98475AE6089B06938B
:10139000F9E5534652469B68D268934200D3F8E081
:1013A0001868431C5A1E934152465B421A409246AB
:1013B000E5E400230693E6E5236820005B6A98478E
:1013C00002004CE601230022009339000023484626
:1013D0000DF0C8FA149B21E52800002C0CD06B1CE2
:1013E0000AD1A368E268934200D305E11868431C60
:1013F0005A1E93415B421C4043465B6A1B68834212
:1014000000D0CAE643469B6AE2680A93A368934207
:1014100000D3FBE00433A360012501236D42069352
:101420004DE42800002C0CD06B1C0AD1A368E268A4
:10143000934200D3EFE01868431C5A1E93415B426D
:101440001C404346DB6A1B68834200D059E7434691
:101450001B6BE2680A93A368934200D3D1E0043384
:10146000A3600123012506936D420E9327E40398A0
:101470008DE60F9B002B00D0F9E50EAB1B7D032BF7
:1014800000D1F4E50EAB9B7D012B00D1EFE50223EB
:101490000793FFF73CFB1A0012E703982BE753462C
:1014A0001B6850465B6A984745E6236820005B6AE4
:1014B000984732E6236820005B6A984749E653461E
:1014C0001B6850465B6A9847AAE6236820005B6A5F
:1014D0009847070096E60F229DE4236820005B6A88
:1014E0009847ABE67368581E03D3002800D176E412
:1014F000E2E63268137072E4A368E268934263D252
:101500001A68531C591E8B415B421C4045E4A3687A
:10151000E268934264D21F687B1C5A1E93415B426F
:101520001C4027E6534652469B68D26893425DD2E0
:101530001868431C5A1E934152465B421A40924619
:1015400025E6534652469B68D268934236D21868C5
:10155000431C5A1E934152465B421A409246CAE6C9
:10156000A368E268934235D21F687B1C5A1E9341E0
:101570005B421C40B2E6236820005B6A9847060085
:10158000E9E653461B6850465B6A98470390FFF7AD
:10159000B9FB53461B6850465B6A984701E72368CE
:1015A00020005B6A9847070020E6C046E89D0410CB
:1015B000236820009B6A9847FFF700FC53461B688E
:1015C00050465B6A9847C3E7236820005B6A9847E8
:1015D000020096E7236820005B6A98470700C4E78B
:1015E000236820005B6A9847070095E753461B680D
:1015F00050465B6A98479CE7236820005B6A9847DF
:10160000F5E6236820009B6A98472AE723682000B4
:101610009B6A984700E7236820005B6A98470BE7BE
:101620001A981CAB984201D0EDF748FA149816AB03
:10163000984201D0EDF742FA17F0EEFEF6E718F007
:1016400087F818F00FFD18F083F843461B684046F2
:101650005B689847F5E718F0B5F817F0DDFEC0466F
:10166000F0B593B00892002209931AAB05001878E0
:101670000CAB1A725A6004931C9B0EAF03931B9B16
:1016800008AC02938C466B460C9706AE18AA00284D
:101690001FD003CA03C361463000089A6368FEF78F
:1016A000D7FB230006CE06C30C9EF0F7CFF91C9A99
:1016B0001D990B900BAB300019F0CCF82B0006CC29
:1016C00006C30C98B84201D0EDF7F8F9280013B022
:1016D000F0BD03CA03C361463000089A6368FFF790
:1016E000BBF9DEE70C98B84201D0EDF7E7F917F047
:1016F00093FEC046F0B54646D6464F46C0B590B0BC
:1017000005001B9809936C301AAB1F788846089225
:101710000EF038F90CAB9A460A9300230AAE08ACD7
:10172000814633727360002F24D01C9B0496039370
:101730001B9B18AA02936B4603CA03C306AF41461C
:101740003800089A6368FEF783FB230006CF06C3C0
:101750007668002E24D12B0006CC06C30A9850458B
:1017600001D0EDF7ABF9280010B0E0BCBA46B146A5
:10177000A846F0BD1C9B049603931B9B18AA0293DA
:101780006B4603CA03C306AF41463800089A636834
:10179000FFF762F9230006CF06C37668002EDAD081
:1017A000002231001D9817F00FFB49461D9B096868
:1017B0000A9A484692191B68CE6A0A99B047CAE746
:1017C0000A98504501D0EDF779F917F025FEC0468B
:1017D000F0B5DE4657464E464546E0B59DB00B9304
:1017E0006C239B46269E0AA9B344050058460A92DC
:1017F0008A460EF0C7F80700C548F0F7D1FBF26E35
:101800008300D26881469046984443461C68002C69
:1018100000D185E1289B226C1B6898461B68934287
:1018200022D0A36B0D93636A0493A36A0393289B4E
:101830005B683A689B0052693800914643444246CF
:101840000421C8474346C71ABF101BD10023524684
:10185000B3602B0003CA03C328001DB0F0BCBB4615
:10186000B246A946A046F0BDE36B0D93E36A04932C
:10187000236B0393289B5B68002BDAD004229446E9
:10188000E044D6E712AB10930023790010A811931F
:10189000129317F0F9F9636BFA1A9146002A28DDC2
:1018A000002B00DAB946E368002B00D15BE1119A06
:1018B0004B4605920022002100925B00059A10A879
:1018C00017F02AFA484680004044E368A268A169FC
:1018D00001904046009010980FF0F0FB109BC21A48
:1018E000119B92109A4200D988E100231192036063
:1018F000636B002B00DDC2E0B0220399F3688C46D5
:101900001A400692119A0592624491469B0500D5B1
:10191000B1E018AB16930023179318934B4616A803
:10192000590017F0B1F9B368984600230593069B58
:10193000102B03D1C1459B415B420593754B4A4631
:101940009B4643469B1A99460DAF3B78042B5CD8C7
:101950005A469B00D3589F46039B002B55D0049BAF
:1019600018AA1B680993179B089301330793169BCA
:10197000934200D13DE1189A0799914200D914E1B0
:10198000089A0999920022E0F3689B053DD5179BC0
:10199000226A07930798604BE1691B1A9A4231D972
:1019A0005E4802F039FB059B002B1AD1179B18AA41
:1019B000089301330793169B934200D117E1189ABD
:1019C0000799914200D904E1089A27999200995009
:1019D0009B180022079917915A6016E0059B002B6F
:1019E00013D0179B00220793279B0799009316A8F3
:1019F0004B4617F091F908E0119B0793109B079A4B
:101A00001900089316A817F0C7FA01370EABBB42AE
:101A10009BD1039B012B5DD8179988456CD9069BF8
:101A2000202B6BD04346279A5B1A0092002100229C
:101A300016A817F071F953461F7916990A9C002FC2
:101A400008D12368424620001B6B984716998045B1
:101A500000D0C8E053460A941F7118AB994202D0D7
:101A60000800EDF72BF8109812AB984200D1EDE684
:101A7000EDF724F8EAE6236A9C46E14449E7636906
:101A800012AA0693119B9B4601330593109B934228
:101A900000D1AAE0129A0599914200D98FE05A46E6
:101AA0000699920099509B180022059911915A604D
:101AB0004B46002B63DB9900119B626B05930598E5
:101AC000154B41441B1A9A4200D994E010A817F014
:101AD00063FA11E7013B1A00179B049903930398DB
:101AE0000D4B04311B1A9A4200D98BE016A817F04F
:101AF00053FA1799884592D888469CE74346279A17
:101B00005B1A009216A8002217F006F993E7C04668
:101B1000F432032080BB0410FFFFFF0F2CAB041036
:101B20007020ECF7C3FF484A002302606C22436038
:101B30008360C360037443618361C3610362436272
:101B40008362C362036343638363C36359468354FD
:101B500004000EF041FC21004A46F06EF0F7A2F9B5
:101B600043461C6856E6119B002105934B46059A97
:101B7000009310A8434617F03BF9636BB9E6119A3E
:101B80005B420592626C0599009210A8002217F042
:101B9000C3F8119B41460593059A2C4B9B1A3A00BA
:101BA0009F4293D92A4802F037FA0123002200937A
:101BB0000899002316A817F007F8169BE0E6012302
:101BC000002200935946002310A816F0FDFF109B39
:101BD00065E70123002200930899002316A816F058
:101BE000F3FF169BF0E6012734E7032253E70322B5
:101BF000E6E60322C0E6164802F00EFA154916483A
:101C000002F022FA124802F007FA169818AB98422E
:101C100001D0ECF753FF109812AB984201D0ECF7CB
:101C20004DFF17F0F9FBF6E717F092FD236820004F
:101C30005B68984718F016FA17F08AFDFAE717F074
:101C4000C1FD17F0E9FBC046D89D0410FFFFFF0F50
:101C50002CAB041014AE041090AA0410F0B5DE46AC
:101C600057464E464546E0B59DB00B936C239B46C8
:101C7000269E0AA9B344050058460A928A460DF0EA
:101C800081FE0700C548F0F78BF9F26E8300D26839
:101C900081469046984443461C68002C00D185E15B
:101CA000289B226C1B6898461B68934222D0A36B2A
:101CB0000D93636A0493A36A0393289B5B683A6855
:101CC0009B00526938009146434442460421C8476C
:101CD0004346C71ABF101BD100235246B3602B00E6
:101CE00003CA03C328001DB0F0BCBB46B246A946D8
:101CF000A046F0BDE36B0D93E36A0493236B03935B
:101D0000289B5B68002BDAD004229446E044D6E797
:101D100012AB10930023790010A81193129316F0C0
:101D2000B3FF636BFA1A9146002A28DD002B00DA14
:101D3000B946E368002B00D15BE1119A4B4605924E
:101D40000022002100925B00059A10A816F0E4FF23
:101D5000484680004044E368A268A169019040467B
:101D6000009010980FF0AAF9109BC21A119B9210C4
:101D70009A4200D988E1002311920360636B002B23
:101D800000DDC2E0B0220399F3688C461A40069247
:101D9000119A0592624491469B0500D5B1E018ABBB
:101DA00016930023179318934B4616A8590016F064
:101DB0006BFFB368984600230593069B102B03D155
:101DC000C1459B415B420593754B4A469B46434642
:101DD0009B1A99460DAF3B78042B5CD85A469B0062
:101DE000D3589F46039B002B55D0049B18AA1B6811
:101DF0000993179B089301330793169B934200D1D5
:101E00003DE1189A0799914200D914E1089A09997D
:101E1000920022E0F3689B053DD5179B226A079349
:101E20000798604BE1691B1A9A4231D95E4802F06B
:101E3000F3F8059B002B1AD1179B18AA08930133BE
:101E40000793169B934200D117E1189A0799914284
:101E500000D904E1089A2799920099509B18002212
:101E6000079917915A6016E0059B002B13D0179B1A
:101E700000220793279B0799009316A84B4616F05C
:101E80004BFF08E0119B0793109B079A19000893DA
:101E900016A817F081F801370EABBB429BD1039B0C
:101EA000012B5DD8179988456CD9069B202B6BD0E8
:101EB0004346279A5B1A00920021002216A816F0CA
:101EC0002BFF53461F7916990A9C002F08D12368CF
:101ED000424620001B6B98471699804500D0C8E009
:101EE00053460A941F7118AB994202D00800ECF7D0
:101EF000E5FD109812AB984200D1EDE6ECF7DEFD5F
:101F0000EAE6236A9C46E14449E7636912AA06931C
:101F1000119B9B4601330593109B934200D1AAE08D
:101F2000129A0599914200D98FE05A46069992007B
:101F300099509B180022059911915A604B46002B2D
:101F400063DB9900119B626B05930598154B414427
:101F50001B1A9A4200D994E010A817F01DF811E757
:101F6000013B1A00179B0499039303980D4B04310E
:101F70001B1A9A4200D98BE016A817F00DF8179992
:101F8000884592D888469CE74346279A5B1A009278
:101F900016A8002216F0C0FE93E7C046F0320320D8
:101FA00094BB0410FFFFFF0F2CAB04107020ECF764
:101FB0007DFD484A002302606C2243608360C36059
:101FC000037443618361C361036243628362C362DA
:101FD000036343638363C3635946835404000EF071
:101FE0002FFC21004A46F06EEFF75CFF43461C6869
:101FF00056E6119B002105934B46059A009310A8C5
:10200000434616F0F5FE636BB9E6119A5B42059202
:10201000626C0599009210A8002216F07DFE119BBB
:1020200041460593059A2C4B9B1A3A009F4293D93F
:102030002A4801F0F1FF01230022009308990023B0
:1020400016A816F0C1FD169BE0E6012300220093BE
:102050005946002310A816F0B7FD109B65E7012331
:10206000002200930899002316A816F0ADFD169BD8
:10207000F0E6012734E7032253E70322E6E60322D2
:10208000C0E6164801F0C8FF1549164801F0DCFF0C
:10209000124801F0C1FF169818AB984201D0ECF736
:1020A0000DFD109812AB984201D0ECF707FD17F028
:1020B000B3F9F6E717F04CFB236820005B689847FC
:1020C00017F0D0FF17F044FBFAE717F07BFB17F08F
:1020D000A3F9C046E89D0410FFFFFF0F2CAB0410CE
:1020E00014AE041090AA0410F0B55746DE464E46D2
:1020F0004546E0B591B004AFBA600822FB605023BA
:102100000C2416009B18DB191B788A46F96D7B603E
:10211000A31805006C31D819EFF78AFCA319D81958
:102120000DF030FC90B004AB06009846EFF78EFC43
:10213000424BB8619B4610239946083B9C46BB6EB8
:10214000FC6E029303940023BC44E14400934022BC
:102150005B4641464846F6F7E1FC04003F2819DD9E
:1021600069460834E408E400091B8D46431C04A9B1
:1021700088463B60EFF76AFCBB6EFC6EB861029369
:1021800003940023009341465B4648463A68F6F7BD
:10219000C5FC040018239B46103B9C46BC44E3440A
:1021A0005B46002221004846BB6116F0E9FC220094
:1021B00033684146DC6A3000BB694244A0477B6813
:1021C000002B1FD04B4602933B6E51460193FB6D93
:1021D00028000093BA68FB68FFF7FAFAB869584517
:1021E00001D0ECF76BFC08220C239B18D819EFF7F1
:1021F000B9FC2800BD460DB0F0BCBB46B246A946AE
:10220000A046F0BD4B4602933B6E51460193FB6DD9
:1022100028000093BA68FB68FFF720FDDEE708227C
:102220000C239B18D819EFF79DFC17F0F5F8B86947
:102230005845F4D0ECF742FCF1E7C04650AE04102C
:1022400010B586B0059308AB1B7804000492002BF0
:102250000BD00B9B02930A9B0193099B0093059B58
:10226000FFF7B6FA200006B010BD0B9B049A02934C
:102270000A9B0193099B0093059BFFF7EFFCF1E795
:10228000F0B5DE4657464E464546E0B585B001906E
:102290001498039398460E9B6C309B46160002924E
:1022A0000DF070FB139B8246022B00D1ADE01F1F87
:1022B0007B425F4162487F42074001370F9B002409
:1022C0000093002399464346A0461C0036E00130A7
:1022D00043425841A84255D0139B994500D196E0FE
:1022E0002100002E01D0631C60D053461B682A22B7
:1022F0001B6B504698473038C3B2092B66D843460B
:102300009B00434480465B00984443467B43129ABB
:1023100093425BDC119AFB18934257DD38000A2187
:10232000EBF7E4F9B368F2680700934249D204334B
:10233000B360012301249C466442E1442500002E41
:1023400001D0631C27D001356B425D415B46009A8A
:10235000EDB21000002BBAD013000133B7D15B46A9
:102360005A469B68D26893425DD21868431C5A1E35
:1023700093415A465B4201301A40434258419346CA
:10238000A842A9D1230044469846139B994520D1E1
:10239000109B1C6028E0B368F26893423DD21D6830
:1023A0006B1C5A1E93415B421E40CCE7B368F26837
:1023B00093423ED219684B1C5A1E93415B421E4009
:1023C00093E7336830009B6A9847B2E7230044469E
:1023D0009846139B042B13D0159B1B680093042372
:1023E000009A1343159A1360019B424618001E6021
:1023F0005A6005B0F0BCBB46B246A946A046F0BD47
:102400004B46022BE8D1643CC2E70A2756E723007B
:1024100044469846109B1C60E6E7336830005B6AD0
:1024200098470500BCE75B461B6858465B6A9847BF
:102430009CE7336830005B6A98470100BBE7C04601
:10244000E7030000F0B5D6464F464646C0B58EB00D
:102450000B939A46199B1700984600230A920DAADF
:102460000792189A0D930692042203930CAB8C46A4
:1024700002936B4605929146334A08AD049216AA20
:1024800006000AAC03CA03C33A005346614628005B
:10249000FFF7F6FE230006CD06C30D9B0A9F002B17
:1024A0002ED10C9B294A9A18002B26DB1A9B5A61C5
:1024B0006368002F01D05A1C29D001335A4253417E
:1024C0001698DDB2179B002801D05A1C2AD0013380
:1024D0005A425341AB4205D142460223126813438C
:1024E00042461360330030000A9706CC06C30EB094
:1024F000E0BCBA46B146A846F0BD64331A00D5E741
:1025000042464B461268134342461360D0E7BB680D
:10251000FA6893420CD21B685A1C511E8A415242DF
:102520001740CAE78368C268934207D21B68CEE7A8
:102530003B6838005B6A98470300EDE703685B6A15
:1025400098470300C3E7C0460F27000094F8FFFF39
:10255000F0B5DE4657464E464546E0B589B000AF79
:10256000F860F86D9B46796DFB61BB6C6C309146F1
:10257000BA613B618A460DF005FA6A46BB6D0600FA
:102580009B000733DB08DB00D31A9D464B46E84629
:102590005C46002B03D05B46013300D15DE1013482
:1025A00063425C413A69FB6CE4B218007B60002A2C
:1025B00002D0013300D15FE1013043425841A042D3
:1025C00015D13B6E1B687B6104237A6913433A6E15
:1025D00013604A46FB68BD4618001A605A465A60A6
:1025E00009B0F0BCBB46B246A946A046F0BD4B467A
:1025F0005946002B03D05B46013300D156E1BB6D39
:10260000002BDED05B460024CB46002589467B614B
:1026100009E0336830009B699847484509D0BB6D95
:102620000134A3420DD05246A300D358196849453E
:10263000EFD14246AB009C50BB6D01340135A34243
:10264000F1D17B69D9469B4600237B61012D7FD95F
:1026500043461E685346B60098591FF0B1FE33003A
:1026600001242E009B4605004246A300D358524643
:102670009B0098581FF0A4FE854200D90500013444
:10268000B442F1D35B464A46AB4635001E004B468A
:10269000D2689B68934200D3D9E04A4604339360E2
:1026A0007B6901337B615B4500D3C6E04B464A46FC
:1026B0009B68D268934200D3F1E01C680134230088
:1026C0005A1E93414A465B421A4063425C4191461E
:1026D0007B683A691800E4B2002A02D0013300D1C5
:1026E00098E0013043425841A04200D1A5E07B6907
:1026F00000249B009B460CE042464146013DAB0056
:102700009A58A3005A50A5421DD94246A3009E588C
:10271000B60053465A469B599E584B46002B76D0DE
:102720004A469B68D268934200D38AE01868431CEB
:102730005A1E93414A465B421A4091468642DBD17B
:102740000134A542E1D8012D82D801235B429B468A
:10275000012D00D035E74B464A469B68D26893422C
:1027600000D300E14A4604339360434652461B6857
:102770007C6998469B009B58013418009A461FF0CC
:102780001FFE0600844200D3D1E043467B617B6894
:102790004D4698463B698346994618E0AB68EA681F
:1027A000934200D3D4E01868431C5A1E93415B4205
:1027B0001D40864200D0B1E0AB68EA68934200D386
:1027C000A7E00433AB6001345C4500D3ABE0AB68F9
:1027D000EA68934200D3B6E01868431C00D1AFE02A
:1027E00000264B464046002B03D04346013300D120
:1027F00080E0013043425841B04200D18EE0524661
:10280000A300D658002DC9D101204042D1E70120B4
:10281000404293E79368D268BA6093423AD218680C
:10282000431C5A1E93413A695B4201301A404342AD
:1028300058413A61A04200D059E701235B429B46D0
:10284000BFE64B461B6848465B6A98476FE74B46B6
:102850001B6848469B6A984722E74B464A469B6856
:10286000D268934238D21C68631C5A1E93414A4670
:102870005B421A40914692E69368D2687A6193422D
:1028800025D21868431C5A1E93413A695B421A408C
:102890003A6191E6386903685B6A9847C0E74B463E
:1028A0001B6848465B6A9847040007E74B464A4660
:1028B0009B68D268934216D21B6819000B00013343
:1028C0005A1E93414A465B421A40914697E6386940
:1028D00003685B6A9847D5E74B461B6848465B6AC6
:1028E00098470400C0E74B461B6848465B6A984718
:1028F0000100E3E74B464A469B68D26893422CD2DC
:102900001868431C5A1E93414A465B421A4091463E
:102910006FE72B6828009B6A984754E701235B42C6
:10292000A9469B464DE67B69A94698465E46A64267
:1029300083D142463B6D1A6001235B429B4648E6C9
:10294000012600254DE72B6828005B6A984744E77D
:102950002B6828005B6A984726E74B461B68484669
:102960005B6A9847CDE74B461B6848469B6A984789
:10297000FBE6C046F0B55746DE464E464546E0B556
:1029800089B000AF3860F86D9146BA61BA6C6C30AE
:102990001C00FB613B61BA600CF0F4FFBA6D82462B
:1029A000D3006A46D21A95464B46E846002B03D020
:1029B0002300013300D13EE1013463425C41BA6837
:1029C000FB6CE4B218007B60002A02D0013300D116
:1029D00023E1013043425841A04200D0C7E0002427
:1029E000002500264B463A691000002B02D0130048
:1029F000013356D0013043425841C3B29A467A68F7
:102A0000BB681000002B02D01300013359D00130F5
:102A100043425841504568D04A463B699A46002A8D
:102A200002D0013300D17BE0002C63D0AB009B4689
:102A300000239C464B460022FB607D6105E001239C
:102A400099460132CC44A24217D29300F11808688B
:102A50007D69A842F3D9434418687D6D80004059D0
:102A60005D46405950451AD04546013CA0002D58BE
:102A70001D6033580B60A242E7D3FB687D6999461D
:102A8000644532D04A469B68D268934258D24A463F
:102A90000433936001235B4201353B61A2E70132BD
:102AA000D1E74B464A469B68D268934200D3D8E0B0
:102AB0001868431C5A1E93414A465B421A4091468D
:102AC00098E7BA689368D2687A61934200D3CEE0FF
:102AD0001868431C5A1E9341BA685B4201301A4081
:102AE00043425841BA60504596D1012C2ED13368EB
:102AF000AB4233D03B6E1B687B6104237A6913437E
:102B00003A6E13603B684A461800BD461A603A693F
:102B10005A6009B0F0BCBB46B246A946A046F0BD1B
:102B20009368D268934200D394E01B689A46534658
:102B300001335A1E93414A465B421A40914673E75D
:102B40004B461B6848469B6A9847A3E7022CD1D1A5
:102B50003368AB4202D07368AB42CBD14346BA6D07
:102B60001B68934200DB9B1A3A6D1360CAE74A4622
:102B70003B699B46002A01D001337DD0BB6D5C00D0
:102B800000D188E05B460026A34600251C0009E032
:102B900053461B6850469B699847A04208D00136AF
:102BA0005E450CD07A6DB300D3581968A142EFD1BD
:102BB0004246AB009E50013601355E45F2D1002DF4
:102BC00002D1002400260DE74B464A469B68D26896
:102BD00093426FD24A46043393606A46AB00073390
:102BE000DB08DB00D31A9D466E467B6DB24600249F
:102BF0002E009B4643465A46A5005B5901349B0074
:102C000098581FF0DDFB53465851A642F2D10123DC
:102C10005B42564601253B61E4E69368D2687A61DF
:102C2000934242D21868431C5A1E9341BA685B42D1
:102C30001A40BA60CDE64B464A469B68D26893423A
:102C40002CD21C68631C5A1E93414A465B421A40B0
:102C50009146B1E64B461B6848465B6A98478246F8
:102C600065E74B461B6848465B6A984721E7B868AA
:102C700003685B6A98472CE79368D26893421FD237
:102C80001B689B465B4601335A1E93414A465B4292
:102C90001A40914672E700250026A3E64B461B68C2
:102CA00048465B6A98470400CCE7B86803685B6AEB
:102CB0009847B8E74B461B6848469B6A98478CE79D
:102CC0004B461B6848465B6A98478346DAE7C0462E
:102CD000F0B5CE46474680B59DB006002698894699
:102CE0006C300A920B93279F0DF0BEFF836808ADEE
:102CF0009A6C0AAC0E92DA6C0F921A6D10925A6DA1
:102D000011929A6D1292DA6D13921A6E1492DA6A17
:102D100015921A6B16925A6B17929A6B1892DA6B7D
:102D200019921A6C5B6C1A921B9300230D930DABD6
:102D30000693269B24AA0593072304930EAB0393C3
:102D40000CAB02936B4603CA03C3494628000A9A98
:102D50006368FFF70FFE230006CD06C30A9B984663
:102D60000D9B002B26D1289B0C9A9A6142466368E2
:102D7000002A01D05A1C28D001335A4253412498CA
:102D8000DDB2259B002801D05A1C18D001335A42CD
:102D90005341AB4203D102233A6813433B6043469D
:102DA0000A933300300006CC06C31DB0C0BCB94640
:102DB000B046F0BD04233A6813433B60D6E783680E
:102DC000C268934210D21B68E0E7434642469B68C4
:102DD000D26893420DD21B685A1C511E8A4141464B
:102DE000524211408846C7E703685B6A9847030070
:102DF000CCE743461B6840465B6A98470300EBE715
:102E0000F0B5CE46474680B5A7B006003098894653
:102E10006C300A920B93319F0DF026FF9422836849
:102E200008AD9A580AAC0E9298229A580F929C229A
:102E30009A581092A0229A581192A4229A5812924B
:102E4000A8229A581392AC229A581492B0229A58F7
:102E50001592B4229A581692B8229A581792BC2208
:102E60009A581892C0229A5819925A6E1A929A6ECB
:102E70001B92DA6E1C921A6F1D925A6F1E929A6FF5
:102E80001F92DA6F209280229A58219284229A58B7
:102E9000229288229A5823928C229A582492902225
:102EA0009B582EAA259300230D930DAB0693309BC0
:102EB00005930C2304930EAB03930CAB02936B4668
:102EC00003CA03C3494628000A9A6368FFF752FD04
:102ED000230006CD06C30A9B98460D9B002B26D1E6
:102EE000329B0C9A1A6142466368002A01D05A1C30
:102EF00028D001335A4253412E98DDB22F9B00282F
:102F000001D05A1C18D001335A425341AB4203D16D
:102F100002233A6813433B6043460A933300300070
:102F200006CC06C327B0C0BCB946B046F0BD0423EA
:102F30003A6813433B60D6E78368C268934210D275
:102F40001B68E0E7434642469B68D26893420DD235
:102F50001B685A1C511E8A41414652421140884604
:102F6000C7E703685B6A98470300CCE743461B68E2
:102F700040465B6A98470300EBE7C046F0B5DE4683
:102F80004E4657464546E0B5A1B02C9E11936C368F
:102F90001C002A9B0B900C91300010A99B4689467F
:102FA000150010920DF060FE0D9030000CF0EAFC60
:102FB00007002F981FF004FA0023002612932B9B82
:102FC00009900A93A046002D01D0631C42D0013421
:102FD00063425C415B460A9AE4B21000002B03D0C6
:102FE0001300013300D17DE0013043425841A0423B
:102FF00061D0099BB3425ED9129B9A46002B5DD1EA
:103000002F9BB4009C463B686444002238001B6B35
:103010002168984725282AD1731C08933B68002211
:103020001B6B38006168984753461393452830D08E
:103030004F282ED04138C0B2382836D8DB4B80001C
:103040001B589F46AB68EA68934200D3AAE3043357
:10305000AB600136AB68EA68934200D38BE31C682F
:10306000631C00D17EE301235B429846AFE74046F4
:103070002468002D02D04346013347D08442E1D07A
:1030800004234446129A089613431293089E01366D
:1030900098E7B31C08933B6800223800A1681B6BBB
:1030A00098474138C0B23828C8D90423129A4446F8
:1030B00013431293EAE7129B002B23D02D9B1B682E
:1030C00008930423089A13432D9A13600B9B4246DE
:1030D00018001D605A6021B0F0BCBB46B246A9463C
:1030E000A046F0BD5B465A469B68D268934200D327
:1030F0003BE31868431C5A1E93415A465B421A40F0
:10310000934671E7099BB342D8D1DFE7AB68EA6821
:10311000934200D34CE31868431C5A1E93415B4210
:103120001D40ABE74B4642461D605A605B462A9302
:1031300012AB07932C9B2AAA0693042305939C4B5E
:103140000EAC04930023039313AB02936B4603CAA4
:1031500003C32A00434620000C99FFF791F84B4621
:1031600006CC06C34B461D685C68129B002B00D042
:103170008CE7139B8F4A9A18002B01DA64331A00EC
:103180002E9B5A6182E794220D9B9B689A58149259
:1031900098229A5815929C229A581692A0229A58D0
:1031A0001792A4229A581892A8229A581992AC22DF
:1031B0009A581A92B0229A581B92B4229A581C928A
:1031C000B8229A581D92BC229A581E92C0229B582F
:1031D00042461F934B461D605A605B462A9312ABD2
:1031E00006932C9B2AAA05930C23049314AB0393F8
:1031F00013AB02936B4603CA03C30EAC2A004346CB
:1032000020000C99FFF7A4F94B4606CC06C34B46A9
:103210001D685C68129B002B00D037E72E9B139A29
:103220001A6133E74B4642461D605A605B462A935B
:1032300012AB07932C9B0EAC069302230593153318
:1032400004930023039313AB02936B462AAA03CA89
:1032500003C32A00434620000C99FFF711F84B46A0
:1032600006CC06C34B461D685C68129B002B00D041
:103270000CE72E9B139A9A6008E74B4642461D6066
:103280005A605B462A9312AB07932C9B0EAC0693B5
:10329000022305930A3304930B3BD3E74B46424684
:1032A0001D605A605B462A9312AB07932C9B2AAA97
:1032B000069302230593393304930023039313AB3E
:1032C00002936B4603CA03C30EAC2A004346200098
:1032D0000C99FEF7D5FF4B4606CC06C34B461D683E
:1032E0005C68129B002B00D0D0E62E9B139A5A608C
:1032F000CCE63B6814AEDC6A33002F4A2F49380015
:10330000A0474B4642461D605A605B460EAC2A936E
:1033100005962E9B2AAA049312AB03932C9B02932F
:103320006B4603CA03C32A00434620000C99FFF7EB
:1033300025FE4B4606CC06C34B461D685C68A5E6D9
:103340000D9B9B689B68059342464B461D605A60E7
:103350005B460EAC2A93DCE74146002D03D0434682
:10336000013300D148E23B68002238001B6B9847CC
:103370000A2800D099E6AB68EA68934200D370E26D
:103380000433AB60089E013664E64146002D03D04D
:103390004346013300D124E23B68002238001B6B16
:1033A0009847092800D080E6E5E7C046A8BB04108E
:1033B0000F27000094F8FFFF6AAE041064AE0410FB
:1033C0000D9B9B689A6C1492DA6C15921A6D16928A
:1033D0005A6D17929A6D1892DA6D19921B6E1A93A4
:1033E00042464B461D605A605B462A9312AB0693D9
:1033F0002C9B2AAA05930723049314AB039313ABC6
:1034000002936B4603CA03C30EAC2A004346200056
:103410000C99FFF79DF84B4606CC06C34B461D683A
:103420005C68129B002B00D030E62E9B139A9A61A9
:103430002CE6E24A3B68110014AEDC6A093933001D
:103440005DE74246002D03D04346013300D1BDE184
:103450003B68082138009B689847002800D190E11C
:10346000AB68EA68934200D3E7E10433AB604B46B4
:103470001D6001234A465B4253605A462A9212AAB3
:1034800007922C9A0921069201220592039213AA0F
:1034900002926A4604912AA941C941C20EAC2A008F
:1034A0004EE14B4642461D605A605B462A9312AB82
:1034B00007932C9B2AAA0693022305930A330493AD
:1034C0000B3B039313AB02936B4603CA03C30EACCF
:1034D0002A00434620000C99FEF7D2FE4B4606CC4C
:1034E00006C34B461D685C68129B002B00D0CDE5DF
:1034F000139B2E9A013B1361C8E50D9B9B68DA6A0A
:1035000014921A6B15925A6B16929A6B1792DA6B89
:1035100018921A6C19925B6C61E70D9B9B685A6E4E
:1035200014929A6E1592DA6E16921A6F17925A6F5B
:1035300018929A6F1992DA6F1A9280229A581B92F7
:1035400084229A581C9288229A581D928C229A584A
:103550001E9290223BE64B4642461D605A605B46F7
:103560002A9312AB07932C9B2AAA06930223059356
:103570003B3304930023039313AB02936B4603CABC
:1035800003C30EAC2A00434620000C99FEF778FED8
:103590004B4606CC06C34B461D685C68129B002B4D
:1035A00000D073E52E9B139A1A606FE53B6814AE4A
:1035B000DC6A834A33008349A1E60D9B9B681B6943
:1035C000C1E64246002D03D04346013300D11EE13F
:1035D0003B68012138009B689847002800D164E5CA
:1035E0004B4642461D605A605B462A930EAB9A4694
:1035F00012AB06932C9B2AAA05930E230493724BBD
:10360000039314AB02936B4603CA03C32A005046CC
:1036100043460C99FEF79CFF4B46524603CA03C330
:103620004B465C681D682000002D02D0631C00D151
:10363000F8E00130434258415B460A9AC6B2100096
:10364000002B03D01300013300D1FBE001304342D3
:103650005841B04200D119E5129B149A134300D08F
:1036600014E5002D00D119E1631C00D121E13B6874
:103670002D2138009B6A9847A04208D026003B685D
:103680002B2138009B6A9847B04200D0FEE44B469D
:103690001D605B462A9312AB07932C9B0224069372
:1036A00017230026049314AB02936B4605940396EC
:1036B0002AAA03CA03C34B460C992A0050465B68EA
:1036C0008846FEF7DDFD4B46524621CA21C312ABA8
:1036D00007932C9B059406933B23049314AB02930E
:1036E0006B4603962AAA11CA11C34B4641460CCB1E
:1036F0005046FEF7C5FD4B46524603CA03C34B4630
:103700001D685C68C2E40D9B9B689B691BE64B4689
:1037100042461D605A605B462A9312AB07932C9B6E
:103720000EAC0693022305931D3304931E3B0393B3
:1037300013AB02936B462AAA03CA03C32A0043466B
:1037400020000C99FEF79CFD4B4606CC06C34B4669
:103750001D685C68129B002B00D097E42E9B139A87
:10376000DA6093E4A046002531E45B461B685846C6
:103770005B6A9847BEE42B6828005B6A98470400A0
:103780006EE44B4642461D605A605B462A9312AB7C
:1037900007932C9B0EAC0693022305931D330493D1
:1037A000153BC4E72B6828009B6A9847013651E413
:1037B0002B6828005B6A9847AEE4C04661AE0410EF
:1037C00075AE04106CAE0410F8210020AB68EA68F6
:1037D00093424BD21A68531C591E8B415B421D40C9
:1037E00036E6AB68EA68934252D219684B1C5A1EFF
:1037F00093415B421D40CFE5AB68EA68934241D2FA
:1038000019684B1C5A1E93415B421D40ABE5AB68E7
:10381000EA68934230D21A68531C591E8B415B42AE
:103820001D40D5E6AB68EA6893425DD21868431C38
:103830005A1E93415B421D40FBE62B6828009B6AA1
:10384000984714E65B465A469B68D268934250D22A
:103850001868431C5A1E93415A465B421A409346CD
:10386000F4E62B6828009B6A98478BE52B682800B4
:103870005B6A98470200AEE72B6828005B6A9847AE
:103880000200C9E72B6828005B6A98470100B8E787
:103890002B6828005B6A98470100A7E726003B6871
:1038A0002D2138009B6A984786421BD026000025B0
:1038B000E5E6AB68EA68934227D21E68731CEED037
:1038C0003B682D2138009B6A9847B04200D1DEE664
:1038D000AB68EA68934212D21E68731C00D0CEE631
:1038E0000025CCE60025D2E62B6828005B6A9847C5
:1038F0009DE75B461B6858465B6A9847A9E72B68BB
:1039000028005B6A98470600E7E72B6828005B6A97
:1039100098470600D2E7C046F0B5C64600B58AB063
:10392000060012980993139B6C300D00984608927C
:103930000DF09AF9836810AA1B6906AF0593149BD2
:1039400008AC049343460393129B02936B4603CA4D
:1039500003C329003800089A6368FFF70FFB2300B0
:1039600006CF06C3089F6368002F01D05A1C1DD0E4
:1039700001335A4253411098DDB2119B002801D007
:103980005A1C1ED001335A425341AB4205D1424624
:103990000223126813434246136033003000089735
:1039A00006CC06C30AB080BCB846F0BDBB68FA6856
:1039B00093420CD21B685A1C511E8A415242174036
:1039C000D6E78368C268934207D21B68DAE73B6890
:1039D00038005B6A98470300EDE703685B6A984725
:1039E0000300CFE7F0B5C64600B58AB006001298CE
:1039F0000993139B6C300D00984608920DF034F932
:103A0000836810AA9B6806AF0593149B08AC0493C7
:103A100043460393129B02936B4603CA03C32900D8
:103A20003800089A6368FFF7A9FA230006CF06C397
:103A3000089F6368002F01D05A1C1DD001335A42E1
:103A400053411098DDB2119B002801D05A1C1ED0A2
:103A500001335A425341AB4205D142460223126818
:103A600013434246136033003000089706CC06C368
:103A70000AB080BCB846F0BDBB68FA6893420CD26D
:103A80001B685A1C511E8A4152421740D6E7836870
:103A9000C268934207D21B68DAE73B6838005B6A6A
:103AA00098470300EDE703685B6A98470300CFE798
:103AB000F0B5DE464F464646C0B58EB009931BAB07
:103AC0001B7806009B4618981CAB1B786C309846F8
:103AD00008928946199F0BF055FF002503682521A0
:103AE0009B6A3D609847424608AC0AAB0A90002AA0
:103AF0003ED15A465A6042469A6005931A9B0397F4
:103B00000493189B16AA02936B4603CA03C306AD1F
:103B1000089A494628006368FFF730FA230006CD6B
:103B200006C3089B984642466368002A01D05A1C87
:103B300029D001335A4253411698DDB2179B002811
:103B400001D05A1C19D001335A425341AB4203D120
:103B500002233A6813433B60434608933300300026
:103B600006CC06C30EB0E0BCBB46B146A846F0BDCD
:103B70005A605A46DD609A60BFE78368C268934224
:103B800010D21B68DFE7434642469B68D2689342E7
:103B90000DD21B685A1C511E8A41414652421140A7
:103BA0008846C6E703685B6A98470300CBE743464D
:103BB0001B6840465B6A98470300EBE74B1E994140
:103BC000074B10B5416003600400EDF73FFFA060B4
:103BD000200010BD2000EDF723FF15F01DFCC046AE
:103BE0003CBD04100122184B1968114200D11A6023
:103BF0000122164B1968114200D11A600122144BA0
:103C00001968114200D11A600122124B1968114241
:103C100000D11A600122104B1968114200D11A60BC
:103C200001220E4B1968114200D11A6001220C4B7F
:103C30001968114200D11A6001220A4B1968114219
:103C400000D11A607047C046CC210320D021032048
:103C5000F821032000220320E8210320F021032083
:103C6000E0210320D821032010B50400034B03609A
:103C70001C30EDF777FF200010BDC0466CCA041061
:103C800010B50400044B03601C30EDF76BFF2000FF
:103C9000EAF714FF200010BD6CCA041010B5040030
:103CA000034B03601C30EDF75DFF200010BDC046E4
:103CB000ACCA041010B50400044B03601C30EDF7CF
:103CC00051FF2000EAF7FAFE200010BDACCA041034
:103CD00010B50400006A18F04BFE606210BDC046CB
:103CE00010B50400006A18F043FE216A1DF0F6FBCF
:103CF00010BDC04610B5040008004B1C02D1606A1C
:103D0000431C02D0216A1DF0E9FB01235B42636280
:103D100010BDC04610B5006A18F00CF810BDC046C2
:103D200010B5006A18F006F810BDC04670B50D0059
:103D3000110001225242D3170260436000238360C6
:103D4000C360049B04000022002B03D0013B5A1ED9
:103D500093415A1C286A18F037FB002801D0200034
:103D600070BD286A18F0CAFC2060C0176060F6E7D2
:103D700070B50D00110001225242D317026043605A
:103D800000238360C360049B04000022002B03D047
:103D9000013B5A1E93415A1C286A18F015FB002853
:103DA00001D0200070BD286A18F0A8FC2060C01760
:103DB0006060F6E710B50400006A18F0FFFD60626D
:103DC00010BDC046F8B505000F0016000024002AFB
:103DD00005D10BE0A3000134F850A6420AD0286AAE
:103DE00018F0ECFD431CF5D1002C03D10123002475
:103DF0005B4203E0034BE3189B00DB5920006B623E
:103E0000F8BDC046FFFFFF3F10B50400006A18F080
:103E1000D5FD216A1DF0A8FB10BDC04610B50400F9
:103E200008004B1C02D1606A431C02D0216A1DF0BD
:103E30009BFB01235B42636210BDC046F8B50600E0
:103E40000F0015000024002A03D109E00134A54227
:103E500006D0A300F858316A19F0EEFA431CF5D1E8
:103E60002000F8BD030010B5080001211B6A18F0FE
:103E700021FD10BD70B50C000500036A0121200072
:103E800018F05EF9002804DD2418013C23786B62E9
:103E900070BD01235B42FAE7030010B508004A1C1D
:103EA00003D0196A19F09CFA10BD186A17F042FF86
:103EB000431E98414042F7E7030010B508004A1C32
:103EC00003D0196A19F0B8FA10BD186A17F032FF5A
:103ED000431E98414042F7E782B070B50D0082B0B2
:103EE0000400079318002B6811001E69134B0692FB
:103EF0009E421AD101225242D317226063600023EE
:103F00000022286AA360E36018F05EFA002805D05A
:103F1000200002B070BC08BC02B01847286A18F034
:103F2000EDFB2060C0176060F2E70A9B2900019357
:103F30000023009303002000B047E9E7713D021021
:103F400082B070B50D0082B00400079318002B6892
:103F500011001E69134B06929E421AD10122524251
:103F6000D3172260636000230022286AA360E36005
:103F700018F02AFA002805D0200002B070BC08BC56
:103F800002B01847286A18F0B9FB2060C0176060BB
:103F9000F2E70A9B2900019300230093030020000D
:103FA000B047E9E72D3D0210042010B515F0F6F9F1
:103FB000024B034A0349036016F03AF8FCD204109E
:103FC000A9900310D8D20410042010B515F0E6F91A
:103FD000024B034A0349036016F02AF838D3041051
:103FE000E990031018D3041070B50500082015F0EF
:103FF000D5F92900040017F07DFB2000044A05498B
:1040000016F016F8200015F0DFF915F005FAC04695
:10401000E5AF031038D7041070B50500082015F07F
:10402000BDF92900040017F0A9FB2000044A054946
:1040300015F0FEFF200015F0C7F915F0EDF9C046A8
:104040006DB0031044D704100FB42023F0B583B033
:1040500000AFFC1820CC28001AF050FE80239B00F3
:10406000C118104B2A009C466B466044C008C00033
:104070001B1A9D466E46230030007C600AF0E2F970
:10408000082015F08BF93100040017F081FB2000A7
:10409000054A064915F0CCFF200015F095F915F0FA
:1040A000BBF9C04607020000ADB0031050D70410A2
:1040B00070B50500082015F071F92900040017F00B
:1040C00071FB2000044A054915F0B2FF200015F0ED
:1040D0007BF915F0A1F9C046A5AF03105CD7041019
:1040E00010B50400024B036000F0F8F8200010BD8A
:1040F000D4C0041010B50400024B036000F0EEF8C9
:10410000200010BDE4C0041010B50400044B03608F
:1041100000F0E4F82000EAF7D1FC200010BDC04612
:10412000D4C0041010B50400044B036000F0D6F8AE
:104130002000EAF7C3FC200010BDC046E4C0041014
:1041400070B5050008000C0001F0F6FE002818D03C
:10415000200000F065FEE867200001F00DFF002858
:1041600015D0200001F0DEF98023E850200001F096
:1041700023FF002812D0200001F0F4F98423E85036
:1041800070BDE867200001F0F7FE0028E9D1802328
:10419000E850200001F010FF0028ECD18423E85003
:1041A000EEE7C04670B504000D0016F0C3FD210017
:1041B00020006C31FFF7C4FF002374222367A35251
:1041C0002361A5676B425D41656170BD70B50500F7
:1041D00008000C000CF012FF002819D020000BF092
:1041E000D1FB8023E85020000CF028FF002816D0D7
:1041F00020000CF091F88423E85020000CF03EFFE2
:10420000002813D020000CF0A7F88823E85070BDD8
:104210008023E85020000CF011FF0028E8D184230F
:10422000E85020000CF02AFF0028EBD18823E8504A
:10423000EDE7C04670B504000D0016F07BFD2100CF
:1042400020006C31FFF7C2FF002378226367A3547C
:1042500023672361E5676B425D41656170BDC046C0
:10426000104B10B5083304000360002321004360A5
:104270008360C360036143618361C361036224306F
:104280000300002264311A605A6008339942FAD15F
:104290000823A066200063666C30EEF779FA2000F0
:1042A00010BDC04660C1041070B5846905000E00E1
:1042B000002C07D029003000A26863689847246862
:1042C000002CF7D170BD15F043FA15F07BFAF6E734
:1042D0004B1C01D115F0BCF915F09EF870B5050026
:1042E000134B002108330360FFF7DEFFA8690028A5
:1042F00006D10AE00468EAF7E1FB002C05D02000B3
:10430000C3685A1EC260002BF4D00023AB612B009F
:10431000A86E2433984205D0002801D0EAF7D2FBDA
:104320000023AB6628006C30EDF71CFC280070BD44
:1043300060C1041010B50400FFF7D0FF2000EAF7B9
:10434000BDFB200010BDC046064B10B50360002326
:1043500004004360044B08300360FFF7BFFF2000F8
:1043600010BDC04684C10410D4C0041010B50400B0
:1043700003680C3B1868064B2418236000232000B8
:104380006360044B0830A360FFF7A8FF200010BD56
:1043900084C10410D4C00410074B10B5036000237F
:1043A00004004360054B08300360FFF797FF2000CF
:1043B000EAF784FB200010BD84C10410D4C00410AF
:1043C00010B5040003680C3B1868084B24182360E0
:1043D000002320006360064B0830A360FFF77EFFD8
:1043E0002000EAF76BFB200010BDC04684C104101A
:1043F000D4C00410064B10B50360002304004360D2
:10440000044B08300360FFF769FF200010BDC04671
:10441000B4C10410E4C0041010B5040003680C3BE0
:104420001868064B24182360002320006360044BA7
:104430000830A360FFF752FF200010BDB4C1041084
:10444000E4C00410074B10B5036000230400436070
:10445000054B08300360FFF741FF2000EAF72EFB11
:10446000200010BDB4C10410E4C0041010B5040055
:1044700003680C3B1868084B2418236000232000B5
:104480006360064B0830A360FFF728FF2000EAF7BF
:1044900015FB200010BDC046B4C10410E4C00410D8
:1044A0008368587C7047C0468368987C7047C046D4
:1044B0008368D86A7047C04610B58368FF24186BBC
:1044C00082B00300010A020C21402340090222406D
:1044D00012040B43000E13430006184302B010BD34
:1044E00010B58368FF24586B82B00300010A020CE8
:1044F000214023400902224012040B43000E1343C3
:104500000006184302B010BD8368587C7047C0464F
:104510008368987C7047C0468368D86A7047C046F5
:1045200010B58368FF24186B82B00300010A020CE7
:10453000214023400902224012040B43000E134382
:104540000006184302B010BD10B58368FF24586BF5
:1045500082B00300010A020C2140234009022240DC
:1045600012040B43000E13430006184302B010BDA3
:1045700024238268D05C704725238268D05C704712
:1045800000207047002070477047C046002010B5DB
:10459000914206D21924E0410B78013118188A4261
:1045A000F9D110BD10B50400024B0360EDF738FAE5
:1045B000200010BDE4C4041010B50400024B0360D9
:1045C000EDF72EFA200010BDFCC4041010B5040055
:1045D000024B0360EDF724FA200010BDA8C30410BD
:1045E00010B50400024B0360EDF71AFA200010BD6D
:1045F000E4C3041010B50400024B0360EDF710FA99
:10460000200010BD14C4041010B50400024B036058
:10461000EDF706FA200010BD14C5041010B5040013
:10462000024B0360EDF7FCF9200010BD28C5041013
:1046300010B50400044B0360EDF7F2F92000EAF72F
:104640003DFA200010BDC046E4C4041010B50400BB
:10465000044B0360EDF7E4F92000EAF72FFA20009D
:1046600010BDC046FCC4041010B50400044B036028
:10467000EDF7D6F92000EAF721FA200010BDC04678
:10468000A8C3041010B50400044B0360EDF7C8F98B
:104690002000EAF713FA200010BDC046E4C304105E
:1046A00010B50400FFF7A6FF2000EAF707FA200084
:1046B00010BDC04610B50400044B0360EDF7B0F91F
:1046C0002000EAF7FBF9200010BDC04614C5041015
:1046D00010B50400044B0360EDF7A2F92000EAF7DF
:1046E000EDF9200010BDC04628C5041010B5040027
:1046F000044B0360083016F023F92000EDF790F921
:10470000200010BD9CC4041010B50400FFF7EEFF9C
:104710002000EAF7D3F9200010BDC04610B5040010
:10472000044B0360083016F00BF92000EDF778F920
:10473000200010BD68C304100E4B70B503600569FE
:104740000400EDF795F9854204D0002D02D0280031
:10475000EAF7B8F9A068002802D003685B689847B8
:1047600020000C3016F0ECF82000EDF759F920008D
:1047700070BDC04624C4041010B50400FFF7DCFF70
:104780002000EAF79BF9200010BDC04670B5040078
:104790000D00F3F771FA2368054A9B69934201D132
:1047A000280070BD2900200098470500F8E7C046A2
:1047B000917B0110F8B50D1A060000212800F2F7D0
:1047C000DBFA070004000C37012D09D02A00310064
:1047D0003800EAF765F9084B9C4206D13800F8BD6D
:1047E00033780373044B9C42F8D000232560A36008
:1047F00064192373F2E7C046F831032010B50400B2
:10480000064B0360083016F09BF82000EDF708F91E
:104810002000EAF753F9200010BDC04668C3041019
:1048200030B58B6804005D6A83B0002D0FD028007E
:104830001AF064FA29188D4207D0280001AAFFF760
:10484000B9FF2060200003B030BD0248F9E70248FC
:10485000FFF7CAFB043203205CAB041030B58B6851
:1048600004009D6883B0002D0FD028001AF046FA8E
:1048700029188D4207D0280001AAFFF79BFF20606E
:10488000200003B030BD0248F9E70248FFF7ACFB57
:10489000043203205CAB041030B58B6804005D6902
:1048A00083B0002D0FD028001AF028FA29188D4265
:1048B00007D0280001AAFFF77DFF2060200003B089
:1048C00030BD0248F9E70248FFF78EFB04320320AF
:1048D0005CAB041030B58B680400DD6983B0002D3B
:1048E0000FD028001AF00AFA29188D4207D02800A4
:1048F00001AAFFF75FFF2060200003B030BD02482F
:10490000F9E70248FFF770FB043203205CAB0410A8
:1049100030B58B6804009D6883B0002D0FD028004F
:104920001AF0ECF929188D4207D0280001AAFFF7E8
:1049300041FF2060200003B030BD0248F9E7024883
:10494000FFF752FB043203205CAB041030B58B68D8
:1049500004005D6983B0002D0FD028001AF0CEF955
:1049600029188D4207D0280001AAFFF723FF2060F5
:10497000200003B030BD0248F9E70248FFF734FBDE
:10498000043203205CAB041030B58B680400DD6991
:1049900083B0002D0FD028001AF0B0F929188D42ED
:1049A00007D0280001AAFFF705FF2060200003B010
:1049B00030BD0248F9E70248FFF716FB0432032036
:1049C0005CAB041030B58B6804005D6A83B0002DC9
:1049D0000FD028001AF092F929188D4207D028002C
:1049E00001AAFFF7E7FE2060200003B030BD0248B7
:1049F000F9E70248FFF7F8FA043203205CAB041031
:104A000030B58B6804005D6983B0002D0FD028009D
:104A10001AF074F929188D4207D0280001AAFFF76F
:104A2000C9FE2060200003B030BD0248F9E702480B
:104A3000FFF7DAFA043203205CAB041030B58B6860
:104A40000400DD6983B0002D0FD028001AF056F95C
:104A500029188D4207D0280001AAFFF7ABFE20607D
:104A6000200003B030BD0248F9E70248FFF7BCFA66
:104A7000043203205CAB041030B58B6804009D68E1
:104A800083B0002D0FD028001AF038F929188D4274
:104A900007D0280001AAFFF78DFE2060200003B098
:104AA00030BD0248F9E70248FFF79EFA04320320BE
:104AB0005CAB0410F0B55746DE464E464546E0B5C1
:104AC0001C00070083B00800110090424AD0002863
:104AD0006CD06A46FFF76EFE05000C9B01959C4268
:104AE00045D0002C5FD06A4619002000FFF762FE17
:104AF0008146019D2B000C3B1B684C4698460C23BD
:104B00005B424B441E689A46A8444E4403E0A642CA
:104B100030D00135013422002900380016F0E6F8C3
:104B2000834600280ED128001AF0E8F82D1820003E
:104B30001AF0E4F82418A845E9D1341B631E9C41FF
:104B400063429B461D4CA24517D1019B18000C38AF
:104B5000A0421ED1584603B0F0BCBB46B246A9469F
:104B6000A046F0BD164D0C9B01959C42B9D1144B4B
:104B70009946BFE701239B46E4E7484604380368AB
:104B80005A1E0260002BE0DC69465046F2F75EF9DF
:104B9000DBE7043B1A68511E1960002ADADC69461B
:104BA000F2F754F9D6E70748FFF71EFA0548FFF772
:104BB0001BFA01A8F2F77EFA14F02EFCF83103205C
:104BC000043203205CAB0410F0B557464E46454610
:104BD000DE46E0B5514D07008A4614001E0085B040
:104BE00005609A4208D0002A00D17EE0190020001A
:104BF00002AAFFF7DFFD05002B000C3B1B68361BEC
:104C00007600EB18300003950193E9F753FF00237A
:104C100004009B460EE041463800F2F78DFA3B68EF
:104C200059461A000C3A126899543B683C4A0C3BAE
:104C3000934239D12A0033002100504616F060F823
:104C4000020086420ED8461C2000E9F73BFF3000E8
:104C5000E9F730FF2A00010004003300504616F047
:104C60004FF8020021003800F2F7C8FA28001AF0C5
:104C700045F8019B2D18AB421CD03B6801351A004A
:104C80000C3A116889460121494488465168884593
:104C9000C1D89268002ABEDC4A46594699543B68FE
:104CA0001F4A0C3B9342C5D0424699601A604B4460
:104CB0005973BFE72000E9F705FF039B184A180066
:104CC0000C38904207D1380005B0F0BCBB46B24664
:104CD000A946A046F0BD043B1A68511E1960002A7F
:104CE000F1DC02A9F2F7B2F8EDE70E48FFF77CF924
:104CF0003800F2F7DFF914F08FFB03A8F2F7DAF9C6
:104D0000F6E714F025FD15F0ADF914F021FD2000B3
:104D1000E9F7D8FEF7E714F055FDEEE7043203207B
:104D2000F83103205CAB0410F0B5C64600B51400A2
:104D3000027F07000E001D00012A07D0002A10D0B4
:104D40003B68DB6998460F4B984512D1A64216D0B6
:104D500031002800A21BE9F7A3FE200080BCB84662
:104D6000F0BDF2F789FF3B68DB699846054B984533
:104D7000ECD02B00220031003800C047EEE73000B5
:104D8000ECE7C046057C011070B543181E33FF33B5
:104D90000400187815000E0000280CD12368094A79
:104DA0001B6A934208D128008D4204D0A0191E30FE
:104DB000FF300170080070BD2A00200098470100F4
:104DC000F1E7C046957B0110531E9A41094B10B57F
:104DD0008160426003600400ECF74AFE002120611C
:104DE000200016F029FA200010BD2000ECF718FE74
:104DF00014F012FB24C404104B1E9941074B10B54C
:104E0000416003600400ECF721FEA060200010BDAB
:104E10002000ECF705FE14F0FFFAC0469CC4041015
:104E200010B504000B48EDF7BBF823685A689B687F
:104E300083420BD980008058002807D00023064AFF
:104E4000064914F0EDF9002802D010BDFFF7BCF8B8
:104E500014F0B0FBD0320320A0AB04100C9D041062
:104E6000F0B5DE4657464E464546E0B587B003905E
:104E7000169805931F00109B6C309B4616000492F9
:104E8000FFF7CEFF159B8246022B00D1C0E01D1F0D
:104E90006B425D4166486D42054001350022119B21
:104EA0009146019301335A425341DBB200240293ED
:104EB0004DE0002398467B1C5ED05B46002B50D013
:104EC00000230093019B013364D0009B43454DD0E8
:104ED000159B99454DD0002E01D07B1C6BD0FF2334
:104EE000F9B23B40534498461E33FF331B78002BE6
:104EF0000CD153461B684F4A1B6A934262D12A2940
:104F000066D043461E33FF3319700B00303BDAB2D4
:104F1000092A5DD8A200141964001C1923006B43F0
:104F2000149A934254DC139AEB18934250DD2800F4
:104F30000A21E8F7DBFBB368F268050093425DD213
:104F40000133B360012301279C467F42E144002ED8
:104F5000AFD17B1C5A425341DBB298465B46002BD3
:104F6000AED1029B0093009B4345B1D1159B99455F
:104F70002ED1129B1C6036E0B368F26893429CD33A
:104F8000336830005B6A9847431C96D101230026A2
:104F9000984692E75B469A68DB689A4295D35B46EF
:104FA0001B6858465B6A9847431C8ED101230093C7
:104FB00000239B4689E7B368F26893422AD21978A6
:104FC0000B008FE72A225046984701002A2998D1E2
:104FD000159B042B17D0179B1B6800930423009A82
:104FE0001343179A1360039B18001E605F6007B09D
:104FF000F0BCBB46B246A946A046F0BD33683000BF
:105000009B6A98479EE74B46022BE4D1643CB0E78D
:105010000A2543E7336830005B6A9847431C03D096
:10502000FF23C1B203405DE7FF21FF23002659E7BC
:10503000E7030000957B0110F0B5D6464F46464683
:10504000C0B58EB00B939A46199B0A9298460023DE
:1050500017000DAA0792189A0D9306920422039343
:105060000CAB8C4602936B4605929146364A08AECD
:10507000049216AA05000AAC03CA03C33A005346B9
:1050800061463000FFF7ECFE230006CE06C30D9B01
:105090000A9E002B29D10C9B2C4A9A18002B21DB4D
:1050A0001A9B5A616368002E28D00027013332D042
:1050B0001698179B002829D00022013338D0BA4215
:1050C00005D14246022312681343424613602B0067
:1050D00028000A9606CC06C30EB0E0BCBA46B1461C
:1050E000A846F0BD64331A00DAE742464B46126820
:1050F0001343424613606368002ED6D101335A42EF
:1051000053411698DFB2179B0028D5D101335A427C
:105110005341DAB2D3E7B368F2689342C8D3336835
:1051200030005B6A9847431CC2D100260137BFE7B5
:105130008368C1688B42C2D303685B6A9847431C8B
:105140005A425341DAB2BAE70F27000094F8FFFF42
:1051500010B504000B48ECF723FF23685A689B68DE
:1051600083420BD980008058002807D00023064ACC
:10517000064914F055F8002802D010BDFEF724FFB0
:1051800014F018FA6433032028C604100C9D041090
:10519000F0B5DE4657464E464546E0B504008BB0B6
:1051A00008008946FFF7D4FF0368D34A1B6907004C
:1051B000934200D01AE183689D68002D00D156E12A
:1051C000280019F09BFD29188D4200D1E3E009ABBE
:1051D0001A002800FFF7EEFA07AB079002930C388D
:1051E0000068E060E9F766FC834601000023E2689E
:1051F0000298F1F771FDE2680023002A00D0B6E0C2
:1052000023743B68BD4A5B69934200D0BCE0BB6835
:105210005E69002E00D127E1300019F06FFD3118D2
:105220008E4200D1BBE0300005AAFFF7C3FA08ABFD
:10523000089003930C380068A061E9F73BFC060076
:1052400001000023A2690398F1F746FD3B68AC4AD0
:105250009B69934200D0DDE0BB68DD69002D00D181
:10526000FFE0280019F04AFD29188D4200D194E092
:10527000280006AAFFF79EFA09AB984609900C3859
:1052800000682062E9F716FC050001000023404693
:10529000226AF1F721FD3B689A4A9B68934200D04D
:1052A000ABE02423BA68D05C2423E0543B68964AE0
:1052B000DB68934200D0AAE02523BA68D05C25239E
:1052C000E0544846FFF7ACFD904B01901B689946AF
:1052D00026239A46037FA244012B0BD0002B00D13A
:1052E00071E0019B1B68DB691A001F00884B9A4222
:1052F00000D074E0242249465046E9F7D1FB854BA3
:105300001B6899464A239A46019BA2441B7F012BA6
:1053100009D0002B45D0019B1B68DB691A001F00D8
:105320007B4B9A4248D11A2249465046E9F7B8FBCE
:105330005B460122A36064236661E561E254099B38
:10534000754C18000C38A04200D07FE0089B180074
:105350000C38A04265D1079B18000C38A0426AD1D6
:105360000BB0F0BCBB46B246A946A046F0BD5B46BA
:1053700000229A56D3179B1ADB0F23743B685F4AAF
:105380005B69934200D142E708AA390010000392FA
:10539000984708984EE761481EE760486CE75F4809
:1053A00045E70198F2F768FC019B1B68DB691A006E
:1053B0001F00574B9A42B6D04A4653464946019879
:1053C0001A32B847B4E70198F2F756FC019B1B6804
:1053D000DB691A001F004E4B9A4200D18AE74A4609
:1053E0005346494601982432B84788E707AA010086
:1053F0000292100098470798F1E638009847242356
:10540000E0543B68404ADB68934200D154E73800DF
:10541000984754E709AA3900100090469847099820
:105420002DE7043B1A68511E1960002A93DC41469F
:10543000F1F70CFD8FE7043B1A68511E1960002A32
:1054400000DD8DE74146F1F701FD89E7043B1A686D
:10545000511E1960002A00DD78E706A9F1F7F6FC75
:1054600074E72F48FEF7C0FD2D48FEF7BDFD2C4820
:10547000FEF7BAFD002504002E000298F1F71AFE8F
:10548000200014F065F95B46002B02D05846E9F77E
:1054900019FB002E02D03000E9F714FB002D02D0DA
:1054A0002800E9F70FFB14F0DDFD04000025039848
:1054B000F1F700FEE1E7F8E7DCE7002504002E0045
:1054C000F5E714F07FF913F0A7FF002504002E0084
:1054D000AB46D2E714F03CF9E5E704004046F1F7AB
:1054E000E9FDE4E704000025F8E7DEE7C2E7040091
:1054F000DDE704000025C0E7794A0210014A0210E6
:105500003D4A02107145021079450210B821002071
:10551000057C0110B4210020F8310320043203205F
:105520005CAB041010B504000B48ECF739FD2368A0
:105530005A689B6883420BD980008058002807D0A6
:105540000023064A064913F06BFE002802D010BD66
:10555000FEF73AFD14F02EF850330320FCC504107A
:105560000C9D041010B504000B48ECF719FD2368DE
:105570005A689B6883420BD980008058002807D066
:105580000023064A064913F04BFE002802D010BD46
:10559000FEF71AFD14F00EF848330320F0C504108E
:1055A0000C9D041010B504000B48ECF7F9FC2368BF
:1055B0005A689B6883420BD980008058002807D026
:1055C0000023064A064913F02BFE002802D010BD26
:1055D000FEF7FAFC13F0EEFF0C32032068C504104E
:1055E0000C9D0410F0B5DE46574645464E46E0B5E4
:1055F00004008FB008008A46FFF7D4FF0368D74A3B
:105600009B680500934200D025E18368587C607454
:105610002B68D34ADB68934200D019E1AB68987CD1
:10562000A0742B68CF491A6A8A4200D00CE1AA689C
:10563000D06A1B69CC4AE062934200D0FDE0AB68BF
:105640009E68002E00D159E1300019F057FB311847
:105650008E4200D1E9E008AB1A003000FFF7AAF84B
:1056600005AB059001930C380068E060E9F722FA79
:10567000814601000023E2680198F1F72DFBE26802
:105680000023002A00D0BCE023742B68B74A5B6972
:10569000934200D0C2E0AB685B699846002B00D112
:1056A00023E1180019F02AFB01004144884500D18C
:1056B000BFE0404609AAFFF77DF806AB06900293CB
:1056C0000C380068A061E9F7F5F980460100002375
:1056D000A2690298F1F700FB2B68A54A9B699342E7
:1056E00000D0C1E0AB68DF69002F00D100E13800D5
:1056F00019F004FB39188F4200D198E038000AAA4B
:10570000FFF758F807AB079003930C380068206246
:10571000E9F7D0F9070001000023226A0398F1F7A6
:10572000DBFA2B68934ADB69934200D095E0AB68C3
:105730005E6A002E00D1DEE0300019F0DFFA311889
:105740008E4200D177E030000BAAFFF733F808ABA8
:105750009B4608900C380068A062E9F7ABF9060098
:10576000010000235846A26AF1F7B6FA2B68824A74
:105770005B6A934200D07EE0AB68804A1B6B099362
:105780000C93099B23630D932B689B6A934200D073
:105790007DE0AB685B6B0D930B930B9B5046636393
:1057A0000A93FFF73DFB764B196823000A00383354
:1057B0000B32FFF7B9FA4B46A360434601226361FF
:1057C0004323E7616662E254089B6E4C18000C3874
:1057D000A04260D1079B18000C38A04265D1069BFF
:1057E00018000C38A0426AD1059B18000C38A04262
:1057F00000D06FE00FB0F0BCBB46B246A946A04651
:10580000F0BD4B4600229A56D3179B1ADB0F237428
:105810002B68564A5B69934200D13CE706AA2900EF
:1058200010000292984706984AE7574818E75648EA
:1058300068E7554841E7544889E705AA2900100060
:105840000192984705980EE7280090472B68F0E6EC
:1058500028009847E4E69847D9E608AA29001000EE
:1058600093469847089875E707AA29001000039205
:105870009847079849E7280098470990099B3F4AAD
:1058800023630D932B689B6A934200D181E7280024
:1058900098470B9081E7043B1A68511E1960002A53
:1058A00098DC0AA9F1F7D2FA94E7043B1A68511E72
:1058B0001960002A93DC0AA9F1F7C8FA8FE7043BC4
:1058C0001A68511E1960002A00DD8DE70AA9F1F758
:1058D000BDFA89E7043B1A68511E1960002A00DDF1
:1058E00088E70AA9F1F7B2FA84E72848FEF77CFBBB
:1058F0002648FEF779FB2548FEF776FB2348FEF79E
:1059000073FB040000260398F1F7D4FB0298F1F72B
:10591000D1FB0198F1F7CEFB200013F019FF4B46A5
:10592000002B02D04846E9F7CDF84346002B02D0C1
:105930004046E9F7C7F8002F02D03800E9F7C2F86F
:10594000002E4FD03000E9F7BDF84BE000260400F0
:105950003700B046DDE7D4E7F8E7C0460945021056
:1059600011450210194502105D48021099480210B5
:10597000D548021021480210214502104945021065
:10598000BC210020F8310320043203205CAB04105A
:10599000002604003700B9E7002604003700B046AF
:1059A000B4E704005846F1F785FBACE70400002695
:1059B000F8E7EDE7002604003700AAE70400002618
:1059C000A4E704009FE7E3E7C0E79AE700260400A6
:1059D000370098E7002604003700B046B14698E744
:1059E00013F0B6FE14F03EFB13F0ECFE13F014FDC2
:1059F00010B504000B48ECF7D3FA23685A689B688B
:105A000083420BD980008058002807D00023064A23
:105A1000064913F005FC002802D010BDFEF7D4FAA9
:105A200013F0C8FD0832032048C504100C9D041073
:105A3000F0B5DE46574645464E46E0B504008FB009
:105A400008008A46FFF7D4FF0368D74A9B68050021
:105A5000934200D025E18368587C60742B68D34A58
:105A6000DB68934200D019E1AB68987CA0742B6886
:105A7000CF491A6A8A4200D00CE1AA68D06A1B6931
:105A8000CC4AE062934200D0FDE0AB689E68002EF5
:105A900000D159E1300019F031F931188E4200D1AE
:105AA000E9E008AB1A003000FEF784FE05AB059074
:105AB00001930C380068E060E8F7FCFF81460100C4
:105AC0000023E2680198F1F707F9E2680023002A51
:105AD00000D0BCE023742B68B74A5B69934200D0C6
:105AE000C2E0AB685B699846002B00D123E1180047
:105AF00019F004F901004144884500D1BFE0404657
:105B000009AAFEF757FE06AB069002930C38006810
:105B1000A061E8F7CFFF804601000023A269029848
:105B2000F1F7DAF82B68A54A9B69934200D0C1E0EF
:105B3000AB68DF69002F00D100E1380019F0DEF812
:105B400039188F4200D198E038000AAAFEF732FED9
:105B500007AB079003930C3800682062E8F7AAFFB0
:105B6000070001000023226A0398F1F7B5F82B68BB
:105B7000934ADB69934200D095E0AB685E6A002EE1
:105B800000D1DEE0300019F0B9F831188E4200D1B2
:105B900077E030000BAAFEF70DFE08AB9B4608909D
:105BA0000C380068A062E8F785FF060001000023BA
:105BB0005846A26AF1F790F82B68824A5B6A9342D2
:105BC00000D07EE0AB68804A1B6B09930C93099B65
:105BD00023630D932B689B6A934200D07DE0AB68F2
:105BE0005B6B0D930B930B9B504663630A93FFF71C
:105BF00017F9764B196823000A0038330B32FFF788
:105C000093F84B46A3604346012263614323E76157
:105C10006662E254089B6E4C18000C38A04260D1BA
:105C2000079B18000C38A04265D1069B18000C3861
:105C3000A0426AD1059B18000C38A04200D06FE04A
:105C40000FB0F0BCBB46B246A946A046F0BD4B46DD
:105C500000229A56D3179B1ADB0F23742B68564ADF
:105C60005B69934200D13CE706AA2900100002922A
:105C7000984706984AE7574818E7564868E755484E
:105C800041E7544889E705AA290010000192984786
:105C900005980EE7280090472B68F0E62800984703
:105CA000E4E69847D9E608AA2900100093469847E9
:105CB000089875E707AA29001000039298470798EB
:105CC00049E7280098470990099B3F4A23630D93B1
:105CD0002B689B6A934200D181E7280098470B907C
:105CE00081E7043B1A68511E1960002A98DC0AA952
:105CF000F1F7ACF894E7043B1A68511E1960002ACA
:105D000093DC0AA9F1F7A2F88FE7043B1A68511E49
:105D10001960002A00DD8DE70AA9F1F797F889E7F5
:105D2000043B1A68511E1960002A00DD88E70AA9A1
:105D3000F1F78CF884E72848FEF756F92648FEF775
:105D400053F92548FEF750F92348FEF74DF90400B2
:105D500000260398F1F7AEF90298F1F7ABF9019834
:105D6000F1F7A8F9200013F0F3FC4B46002B02D00A
:105D70004846E8F7A7FE4346002B02D04046E8F726
:105D8000A1FE002F02D03800E8F79CFE002E4FD075
:105D90003000E8F797FE4BE0002604003700B046DD
:105DA000DDE7D4E7F8E7C046A1440210A944021099
:105DB000B1440210114902104D49021089490210E4
:105DC000C5490210B9440210E1440210BC21002070
:105DD000F8310320043203205CAB041000260400D9
:105DE0003700B9E7002604003700B046B4E70400E6
:105DF0005846F1F75FF9ACE704000026F8E7EDE755
:105E0000002604003700AAE704000026A4E70400E7
:105E10009FE7E3E7C0E79AE700260400370098E72A
:105E2000002604003700B046B14698E713F090FC16
:105E300014F018F913F0C6FC13F0EEFA10B50400D4
:105E40000B48ECF7ADF823685A689B6883420BD97E
:105E500080008058002807D00023064A064913F026
:105E6000DFF9002802D010BDFEF7AEF813F0A2FB58
:105E70001832032088C504100C9D0410F0B5CE46DE
:105E8000474680B5A7B0039331AB1B782E9E994649
:105E900032AB1B786C360400300098460292FEF755
:105EA000BFFF05003000FFF7C9FF2B7F02AF0600E0
:105EB000002B2FD04223E85C424605AB1870002A25
:105EC00022D14A465A7042469A70309A3000009267
:105ED00006A9802215F076F906A818F00FFF3F7981
:105EE0000500029E002F07D1336802001B6B3000B3
:105EF00006A9984785421AD120002660277127B04D
:105F0000C0BCB946B046F0BD5A704A469A700022ED
:105F1000DA70DAE72800F1F7AFFE2B68054A9B69D3
:105F200025209342C8D0252128009847C4E701378F
:105F3000E2E7C046917B011010B504000B48ECF776
:105F40002FF8226803009168002099420DD9526809
:105F50009B009C58002C08D000232000044A0549CF
:105F600013F05EF9431E9841C0B210BDD032032039
:105F7000A0AB04100C9D041010B504000B48ECF706
:105F80000FF8226803009168002099420DD95268E9
:105F90009B009C58002C08D000232000044A05498F
:105FA00013F03EF9431E9841C0B210BD5033032098
:105FB000FCC504100C9D041010B504000B48EBF751
:105FC000EFFF226803009168002099420DD95268C2
:105FD0009B009C58002C08D000232000044A05494F
:105FE00013F01EF9431E9841C0B210BD4833032080
:105FF000F0C504100C9D0410F0B5DE464E46454633
:106000005746E0B51500099A04009346584689465C
:106010000A9A2978101A884267DD0026A846B246F7
:1060200000275E1E07E00137EB1998465B46E95DE5
:10603000D01A88420FDD4BB2002B0CDD521ABE4243
:10604000F1D801239C46EB1998465B46E95DE24492
:10605000D01A8842EFDC934540D001235B42534481
:106060009C467E1E00235946C95CE154013383429D
:10607000F9D1E0185346002B13D04B46037043462A
:10608000441C18780023002826D0D15CE154013349
:10609000D9B28842F9D1121820186346013B9C46B8
:1060A000EBD2002F10D04B460370471CA85D002395
:1060B00000280FD0D15CF9540133D9B28842F9D10C
:1060C00012183818013EEED2F0BCBB46B246A946C3
:1060D000A046F0BD3800F5E72000DEE701235B4273
:1060E00053449C4620007E1EC4E75A4507D0012633
:1060F00000237642A846B4469A460027B2E720001D
:10610000E2E7C046F0B583B0089D08000B9E190079
:106110000A9B002D1AD0EF1A00930195130002007C
:106120000998FFF769FF099A3168841A0300CA1BAE
:106130000020B94203D10019306003B0F0BD18004F
:106140002900E8F7ADFC3368D81BF4E73468009306
:106150001C190194130002000998FFF74DFF099BD9
:10616000C01AE9E730B583B0099C0800256819001A
:10617000AC46089B63440193089B00931300020004
:106180000798FFF739FF079BC01A206003B030BDA6
:10619000F0B5DE464E4645465746E0B591B0099308
:1061A0001AAB089204CB03901B78904605936C239E
:1061B000434418009B46FEF733FE0500D048EBF73A
:1061C000EFFE4346DA6E8300D76808AEFF183C68DE
:1061D0008146002C00D143E11C9B1F6838233A788C
:1061E000E35C9A4228D0236B0B93E3690693236AFE
:1061F00004933B000C3B19687918B9420ED93B0057
:106200000420AD6902E00133994203D01A78AA5CF8
:106210001042F8D1DA1B9246BB421AD14246002303
:106220009360039B06CE06C3039811B0F0BCBB4637
:10623000B246A946A046F0BD636B0B933B000C3BF6
:1062400019680029EAD0636A01370693A36A0493A8
:10625000D2E70CAB9946AB4B484651000C93F0F794
:106260006BFF5246E36AD21A9346002A34DD002BB4
:1062700000DAD346E368002B00D114E15B4600212D
:106280000C9A48460C3A12685B000091F0F780FEC9
:106290000C9803000C3B9B68002B00DB1EE1BC4606
:1062A000DC446546E368A268A17C01950097FFF78E
:1062B000A3FE0C9905000B000C3B9A68002A00DB3A
:1062C00005E11B68691A994200D923E15A1A484628
:1062D0000023F0F7BFFDE36A002B00DD97E04346A3
:1062E000DA68B023049913408A4607930C9B0C3B51
:1062F0001B689A44930500D585E0824B0DA80D9349
:1063000053465900F0F718FF43469B689B4600230D
:106310001D00079B102B03D1DA459B415B421D00FA
:1063200052465B469B1A9A460BAF3B78042B27D804
:10633000754A9B00D3589F46049B002B20D0069B98
:106340000DA81978F0F7FEFF1AE043468022DB68BB
:106350009200134214D0A26961690DA8F0F74EFFB4
:106360000EE0002D70D05146059A0DA8F0F792FF6F
:1063700006E0002D04D0F6E749460DA8F0F706FF29
:106380000137B945D1D1049B012B4ED80D990B0093
:106390000C3B1B689B4555D9079A202A59D05A4671
:1063A000D31A059A002100920DA80022F0F7F0FD03
:1063B0000D993779089C002F08D123685A46200090
:1063C0001B6B98470D99834500D097E008000EABF2
:1063D0000E941F7108944D4C0C3899463771A042A9
:1063E00000D080E00C9B18000C38A04200D115E7CB
:1063F000043B1A68511E1960002A00DD0EE7494669
:10640000F0F724FD0AE7A3699C46E24475E7484695
:10641000617CF0F797FF5B46002B4BDB3900484669
:10642000E26A5944F0F7EAFE59E71A000699013A80
:1064300001310DA8F0F7E2FE0D990B000C3B1B6833
:106440009B45A9D89B46B4E705990DA8F0F77AFFBC
:1064500096E75A460DA8D11A059AF0F71BFFA7E751
:106460004420E8F723FB2A4B00220360002343600B
:106470008360C360038243618361C36103624362DB
:106480008362C36203634363433382745946C254D5
:106490000400FFF7A7F8434621004A46D86EEBF701
:1064A00001FD3C6898E65A4639004846F0F7B0FDD1
:1064B000E36A11E73923E25C5B4648465942F0F74C
:1064C000E9FE524639004846F0F798FE07E748468D
:1064D000F0F746FD0C990B000C3BF2E64846F0F74E
:1064E0003FFD0C98DBE604390B685A1E0A60002B4E
:1064F00000DD77E74946F0F7A9FC73E7012765E778
:106500000C320320043203202CC20410F831032083
:10651000B89D04100A000E480E49FDF795FD0DA820
:10652000F0F7C8FD4846F0F7C5FD12F075FFF9E732
:1065300013F00EF9236820005B68984713F092FD72
:1065400013F006F9FAE713F03DF912F065FFC046C3
:1065500090AA041014AE0410F0B5DE464E4645462F
:106560005746E0B591B009931AAB089204CB03905B
:106570001B78904605936C23434418009B46FEF716
:106580004FFC0500D048EBF70BFD4346DA6E830065
:10659000D76808AEFF183C688146002C00D143E163
:1065A0001C9B1F6838233A78E35C9A4228D0236BFF
:1065B0000B93E3690693236A04933B000C3B196831
:1065C0007918B9420ED93B000420AD6902E00133CD
:1065D000994203D01A78AA5C1042F8D1DA1B92468D
:1065E000BB421AD1424600239360039B06CE06C3EA
:1065F000039811B0F0BCBB46B246A946A046F0BD18
:10660000636B0B933B000C3B19680029EAD0636A6B
:1066100001370693A36A0493D2E70CAB9946AB4BC0
:10662000484651000C93F0F787FD5246E36AD21AB0
:106630009346002A34DD002B00DAD346E368002BB2
:1066400000D114E15B4600210C9A48460C3A1268CE
:106650005B000091F0F79CFC0C9803000C3B9B68DE
:10666000002B00DB1EE1BC46DC446546E368A26803
:10667000A17C01950097FFF7BFFC0C9905000B006A
:106680000C3B9A68002A00DB05E11B68691A9942F5
:1066900000D923E15A1A48460023F0F7DBFBE36AEE
:1066A000002B00DD97E04346DA68B02304991340DD
:1066B0008A4607930C9B0C3B1B689A44930500D5B4
:1066C00085E0824B0DA80D9353465900F0F734FD39
:1066D00043469B689B4600231D00079B102B03D15C
:1066E000DA459B415B421D0052465B469B1A9A4627
:1066F0000BAF3B78042B27D8754A9B00D3589F4695
:10670000049B002B20D0069B0DA81978F0F71AFEE9
:106710001AE043468022DB689200134214D0A2693B
:1067200061690DA8F0F76AFD0EE0002D70D05146AA
:10673000059A0DA8F0F7AEFD06E0002D04D0F6E7AF
:1067400049460DA8F0F722FD0137B945D1D1049B88
:10675000012B4ED80D990B000C3B1B689B4555D95E
:10676000079A202A59D05A46D31A059A0021009236
:106770000DA80022F0F70CFC0D993779089C002F2A
:1067800008D123685A4620001B6B98470D99834512
:1067900000D097E008000EAB0E941F7108944D4C8A
:1067A0000C3899463771A04200D080E00C9B18004D
:1067B0000C38A04200D115E7043B1A68511E19603D
:1067C000002A00DD0EE74946F0F740FB0AE7A3691F
:1067D0009C46E24475E74846617CF0F7B3FD5B46B2
:1067E000002B4BDB39004846E26A5944F0F706FDBE
:1067F00059E71A000699013A01310DA8F0F7FEFC9D
:106800000D990B000C3B1B689B45A9D89B46B4E730
:1068100005990DA8F0F796FD96E75A460DA8D11AEE
:10682000059AF0F737FDA7E74420E8F73FF92A4B30
:1068300000220360002343608360C36003824361DE
:106840008361C361036243628362C3620363436320
:10685000433382745946C2540400FFF7E9F84346B3
:1068600021004A46D86EEBF71DFB3C6898E65A4675
:1068700039004846F0F7CCFBE36A11E73923E25CC4
:106880005B4648465942F0F705FD524639004846F6
:10689000F0F7B4FC07E74846F0F762FB0C990B00F1
:1068A0000C3BF2E64846F0F75BFB0C98DBE604395C
:1068B0000B685A1E0A60002B00DD77E74946F0F7A7
:1068C000C5FA73E7012765E7083203200432032085
:1068D00040C20410F8310320C89D04100A000E487D
:1068E0000E49FDF7B1FB0DA8F0F7E4FB4846F0F7C1
:1068F000E1FB12F091FDF9E712F02AFF2368200076
:106900005B68984713F0AEFB12F022FFFAE712F033
:1069100059FF12F081FDC04690AA041014AE041075
:10692000F0B5DE46574645464E46E0B58FB004AF5B
:106930003A617B61102240239B18DB191B781024DD
:10694000BB60482315009B18DB191B78F960796D33
:106950007B60A31883466C31D819EBF769F863198B
:10696000D819FEF75DFA90B0060004ADEBF76EF8AB
:106970005C4B7862994614239846043B9C463B6ED8
:106980007C6E029303940023BC44E04400934022B5
:106990004B4629004046F2F7C1F804003F2818DDB5
:1069A000431C9A466B460834E408E4001B1B9D46D2
:1069B00004ADEBF74BF83B6E7C6E78620293039468
:1069C00000235246009329004B464046F2F7A6F8B2
:1069D000040010220C239B18210000224046DB19E2
:1069E000F0F72AFA2B199A467B6A99460C3B9B686A
:1069F000002B55DA337F012B08D0002B56D033689B
:106A0000DB691A009C46384B9A4259D1AA4504D0FA
:106A1000220029004846E8F743F8BB68002B20D045
:106A2000434602937B68584601937B6D00933A6915
:106A30007B69F968FFF7ACFB7B6A2C4A18000C38BD
:106A4000904220D1102210239B18D819EBF78AF816
:106A50005846BD460BB0F0BCBB46B246A946A04660
:106A6000F0BD434602937B68584601937B6D0093CB
:106A70003A697B69F968FFF76FFD7B6A1B4A18006A
:106A80000C389042DED0043B1A68511E1960002A6F
:106A9000D8DC10220C239B18D919F0F7D7F9D1E7CD
:106AA0004046F0F75DFA7B6A9946A3E73000F1F7BC
:106AB000E3F83368DB691A009C460B4B9A42A5D079
:106AC0004B465246290030006446A047A5E702E045
:106AD0004046F0F7EFFA1023DB18D819EBF742F82D
:106AE00012F09AFC50AE0410057C0110F83103201E
:106AF00010B586B0059308AB04921A780AAB04006F
:106B00001B78002A0BD00B9A0193099B02920093E9
:106B1000049A059BFFF73CFB200006B010BD0B9AC2
:106B20000193099B02920093049A059BFFF714FDC1
:106B3000F2E7C046F8B54746D64680B514001F00B8
:106B4000099A089B88469D1AB022C3681A40202AD9
:106B500042D0102A0AD00026002D2ED1099B9A1B64
:106B6000B34233D1C0BCBA46B046F8BD6C30FEF774
:106B700057F9037F0600002B42D04A233878F35C94
:106B8000834257D04823F35C834253D04D23F35CB8
:106B90008342E0D1099B012BDDDD337F002B6BD0DD
:106BA00095227B78B25C9A425FD07522B05C9842A5
:106BB0005AD00026099A002D09D02A00414620000B
:106BC000E7F768FF099B9A1BB342CBD064193900E1
:106BD0002000E7F765FFC5E7099B002B08D1002DD2
:106BE000C0D0099B2A004146E018E7F753FFB9E7F8
:106BF0001A0039002000E7F753FF002DB2D0F0E76C
:106C0000F1F73AF83368294A9B6992462D2093425E
:106C100026D13B7883420DD0327F002A44D1300008
:106C2000F1F72AF833682B209B69534514D13B7840
:106C3000834204D120700126013401378CE7327F72
:106C4000002A2FD13000F1F717F833689B695345BC
:106C500022D1302338789BE72B2130009847E6E794
:106C60002D2130009847D4E7387820707B780226B1
:106C70006370023702346FE778213000FDF786FD3C
:106C80007B788342F0D0327F002A8ED158213000A9
:106C9000FDF77CFD7B788AE73021300098470300C0
:106CA000387875E7180071E718006BE7917B0110E1
:106CB00030B583B0089D18002B6814000193009232
:106CC000079B069AFFF736FF2C6003B030BDC04625
:106CD000F0B5C64600B5170006AA127880460C002B
:106CE000002A15D0060020000A21E6F727FD7918B2
:106CF0000B79013E20000A213370E6F71FFD2500C5
:106D00000400092DEFD84346981B80BCB846F0BD5F
:106D10004A221A40402A0FD0102206005B04DB17DB
:106D200013400433FF18013A13002340FB5C013E7B
:106D300033702409F8D1E6E70600393A13002340FE
:106D4000FB181B79013E3370E408F7D1DBE7C0463E
:106D5000F0B5D6464F464646C0B51D00089B824654
:106D600099460AAB1B781400002B20D006002000A7
:106D700029000A220023E6F71FFD4A441379013E49
:106D80002000290033700A220023E6F715FDA046F3
:106D90002F0004000D00002FE9D14346092BE6D84F
:106DA0005346981BE0BCBA46B146A846F0BD4A23FC
:106DB000099A1340402B15D0102206000F21099B81
:106DC0005B04DB17134004334B4422000A409A5CF7
:106DD000013E327024092A07144322002D092A4358
:106DE000F3D1DDE706000722230013404B441B7953
:106DF000013E3370E4086B071C432300ED082B436E
:106E0000F2D1CDE7F8B50C001B48EBF7C9F82268C2
:106E10008300D5680700ED182868002800D0F8BD69
:106E20006830E7F743FE154A002302600022436002
:106E30008360C360037443618361C36103628384BD
:106E400064332100C2540600FEF7A2F920683A001C
:106E50003100EBF727F82868E1E712F079FC13F02E
:106E600001F912F075FC336830005B689847F6E76B
:106E700012F0A8FC12F0D0FA64330320349E041000
:106E8000F0B5DE4657464E464546E0B58DB004AFF8
:106E90007B618046382310201B18DB193A6104CB34
:106EA000B9601B7811007B6008231B18D8196C315E
:106EB0009146FFF7A7FF26239B464B46DB6886B02B
:106EC0009A464A2352461A400600834404AD3A606B
:106ED000402A3ED0082A3CD0493BFB603B6D5942DA
:106EE000002B00DD396D2800FB685A4600931430F2
:106EF0005346FFF7EDFEF861337C291A0400143184
:106F0000002B50D1FB68002B6ED03B6D002B43DB78
:106F100053461B0520D44B469A68A24226DC002328
:106F20004A463E7D3D699360002E06D12B682200C3
:106F300028001B6B984784426DD143464046BD46AE
:106F40001D601E7109B0F0BCBB46B246A946A04602
:106F5000F0BD0023FB60C5E72723F35C01390B700C
:106F60004B469A680134FC61A242D8DD6846D31DC5
:106F7000DB08DB00C31A9D4610200C231B1804AD50
:106F8000DB1902930191009579684B46B868FFF7C9
:106F90008FFE2900FC69C2E72623F35C0139013426
:106FA0000B70FC61B7E76B4644000934E408E40069
:106FB0001B1B9D462523F35C0C249C4610231225A5
:106FC000B068F26802914946E4186D44E4190394EC
:106FD0000091019501006346B868FFF7C3F8FB68AC
:106FE0002900FC69002B90D153469B0593D53B6D3E
:106FF000002B90D03B68402B0FD053465B04DB0F37
:107000005B449A784B1E1A702A23F35C02390234CF
:107010000B70FC617FE701368FE7163BF35C0139AB
:1070200001340B70FC6176E770B5040086B00AA8E5
:1070300020C80C9E00780296019000952000FFF772
:107040001FFF200006B070BDF0B5DE4657464E4625
:107050004546E0B58DB004AF7B61804638231020F3
:107060001B18DB193A6104CBB9601B7811007B60F7
:1070700008231B18D8196C319146FFF7C3FE26234D
:107080009A464B46DB6886B09B464A235A461A40CE
:1070900006001300824404AD3A60402A35D0083B14
:1070A0005A1E9341DBB2FB602800FB6852460093F6
:1070B000396D5B461430FFF70BFEF861337C291AFB
:1070C00004001431002B39D1FB68002B57D04B46FC
:1070D0009A68A2421CDC00234A463E7D3D699360CB
:1070E000002E06D12B68220028001B6B9847844293
:1070F0005CD143464046BD461D601E7109B0F0BCE0
:10710000BB46B246A946A046F0BD0023FB60CBE7D4
:107110006846D31DDB08DB00C31A9D4610200C23F4
:107120001B1804ADDB1902930191009579684B4659
:10713000B868FFF7BDFD2900FC69CCE76B46440049
:107140000934E408E4001B1B9D462523F35C0C2452
:107150009C4610231225B068F26802914946E41853
:107160006D44E41903940091019501006346B868E9
:10717000FEF7F8FFFB682900FC69002BA7D15B46EE
:107180009B05A4D53B6D002BA1D03B68402B0FD0B5
:107190005B465B04DB0F53449A784B1E1A702A231C
:1071A000F35C023902340B70FC6190E70136A0E712
:1071B000163BF35C013901340B70FC6187E7C04674
:1071C00070B5040086B00AA820C80C9E007802960C
:1071D000019000952000FFF737FF200006B070BD3A
:1071E000F0B5CE46474680B589B004000593180037
:1071F00010AB40CB17001B7804929C46124AF368F0
:1072000004AD98461A4082239B001343F36006ABFB
:107210009946129B3A00029363460096019303003D
:107220004846FFF711FF069B200004934B461B794D
:107230002B714346F360230006CD06C309B0C0BCE2
:10724000B946B046F0BDC046B5BFFFFFF0B55746E2
:107250004E464546DE46E0B58DB004AF7B618046C4
:10726000382310201B18DB193A6104CBB9601B7856
:1072700011007B6008231B18D8196C319146FFF769
:10728000C1FD26239C4684446346FB604B46DB6875
:107290008AB09A464A2352461A40060004AD3A6024
:1072A000402A08D0082A06D07B6D002B00DCA1E024
:1072B00001239B4601E000239B463A6D7B6D5946B6
:1072C0000291514628000191F96828300091FFF79A
:1072D0003FFDF861337C291A04002831002B4ED180
:1072E0005B46002B6CD07B6D002B41DB53461B05AE
:1072F0001ED44B469A68A24224DC00234A463E7DB7
:107300003D699360002E07D12B68220028001B6B7B
:107310009847844200D07BE043464046BD461D600E
:107320001E7109B0F0BCBB46B246A946A046F0BDEE
:107330002723F35C01390B704B469A680134FC61DA
:10734000A242DADD6846D31DDB08DB00C31A9D4686
:1073500010200C231B1804ADDB190293019100953A
:1073600079684B46B868FFF7A3FC2900FC69C4E7BD
:107370002623F35C013901340B70FC61B9E76B46DD
:1073800044000934E408E4001B1B9D462523F35CFC
:107390000C249C4610231225B068F26802914946DD
:1073A000E4186D44E41903940091019501006346CB
:1073B000B868FEF7D7FE5B462900FC69002B92D126
:1073C00053469B0595D53B6D7A6D134391D03B6831
:1073D000402B1FD0FA68534694465B04DB0F63448E
:1073E0009A784B1E1A702A23F35C023902340B7010
:1073F000FC617EE7002B03D13B6D002B00D057E7EB
:10740000386D796D002342428B4101218B4656E74E
:10741000013681E7163BF35C013901340B70FC61E6
:1074200067E7C046F0B5040087B00CA820C80E9EE0
:107430000F9F007802960397019000952000FFF7B8
:1074400005FF200007B0F0BDF0B5DE4657464E46BA
:107450004546E0B58FB004AFFB6180463823182065
:107460001B18DB19BA6104CBB9601B7811007B6073
:10747000BB6D6C313B61FB6D91469A4608231B182E
:10748000D819FFF7BFFC26239C4684446346FB6063
:107490004B46DB688AB09B464A235A461A40060090
:1074A000130004AD3A60402A38D0083B5A1E93417D
:1074B000DBB27B617B69280002935B460193FB682A
:1074C000283000933A695346FFF742FC7862337CD8
:1074D000291A04002831002B39D17B69002B57D0A1
:1074E0004B469A68A2421CDC00234A463E7FBD6997
:1074F0009360002E06D12B68220028001B6B984752
:1075000084425FD143464046BD461D601E710BB0AC
:10751000F0BCBB46B246A946A046F0BD00237B6145
:10752000C8E76846D31DDB08DB00C31A9D46182058
:107530000C231B1804ADDB190293019100957968A7
:107540004B46B868FFF7B4FB29007C6ACCE76B4672
:1075500044000934E408E4001B1B9D462523F35C2A
:107560000C249C4618231225B068F2680291494603
:10757000E4186D44E41903940091019501006346F9
:10758000B868FEF7EFFD7B6929007C6A002BA7D164
:107590005B469B05A4D552463B691343A0D03B688C
:1075A000402B11D0FA685B4694465B04DB0F6344C2
:1075B0009A784B1E1A702A23F35C023902340B703E
:1075C0007C628DE701369DE7163BF35C013901349F
:1075D0000B707C6284E7C046F0B5040087B00CA84D
:1075E00020C80E9E0F9F0078029603970190009589
:1075F0002000FFF729FF200007B0F0BDF0B5DE4600
:107600004E4645465746E0B593B004AF3A617B61BC
:10761000102250239B18DB1940CBB9601B788146A0
:107620007B6058239B18DB191D786C239846603BC0
:107630009B18B044D8194146FFF7E4FB7368F86023
:107640009B46002B01DA06239B46182310241B19A6
:107650002A00D919300013F085FB8222F36852000A
:107660008CB0134004AD934200D1E5E0EAF7EEF9A7
:107670003A6F7B6F7862029203935B46142000930B
:10768000182300191B192D222900DB19C019F1F745
:1076900045FA38622C285BDC4046FDF7C1FB6A46A0
:1076A0003C6A8346E31DDB08DB00D31A9D4604AB2E
:1076B0009A462B193B60037FA046012B00D113E1B2
:1076C000002B00D1EBE05B461B68DB6998468C4BD6
:1076D000984500D0EDE02B19AB4200D1EEE022003E
:1076E00029005046E7F7DCF93C6AA046002C4ED052
:1076F00022002E21280021F053FE002800D1E0E0D6
:107700002423FA68401BD35C50440370137C002B85
:1077100042D1B268424500DD76E000233D7D3C6900
:10772000B360002D08D123684246514620001B6BF0
:107730009847404500D0E1E04B464846BD461C60B6
:107740001D710FB0F0BCBB46B246A946A046F0BDC5
:10775000431C9A466B460830C008C0001B1A9D4661
:10776000EAF774F93A6F7B6F7862029203935B4693
:10777000102400931420182304AD1B19001952463D
:107780002900DB19C019F1F7C9F9386284E7FB68F1
:107790001B7C002BBDD000206A4663000733DB084A
:1077A000DB00D31A9D4604AB9B460021FD222B78BB
:1077B00088462B3B5D46134209D153461B78013C5A
:1077C0002B7001239C4698463C620135E2442523F8
:1077D000F9681024CB5CCA689C461023E418E419AD
:1077E0008968039454460195029400906346B868F2
:1077F000FEF788FC3B6AB2689C46E0444346DA46A2
:107800003B62424500DC88E76946D31DDB08DB00AC
:10781000CB1A9D46102110235B18DB1902935346A7
:1078200004AC0193009433007968B868FFF740FA1C
:107830003B6AA246984670E7EAF708F93B6F7C6F0F
:1078400078620093019414201024182300191B1946
:107850002D222900DB19C019F1F760F938622C28B4
:1078600000DC19E76B46441C0830C008C0001B1A36
:107870009D46EAF7EBF83A6F7B6F786200920193CE
:107880001022182314209B182200102404AD001984
:107890002900DB19C019F1F741F93862FCE6F0F76D
:1078A000EBF95B461B68DB699846154B984500D1A0
:1078B00011E75346290058463A68C0473C6AA0463B
:1078C00014E7FB681B7C002B00D122E7022C00DCB4
:1078D00062E76B78303B092B00D91AE7AB78303B75
:1078E000092B00D915E757E72B19AB4200D1FDE66C
:1078F000220029005046E7F7D3F8F7E601351BE7E9
:10790000057C0110F0B589B00400109E119F0EA8EF
:1079100020C8007804960597002601900296200062
:107920000095FFF76BFE200009B0F0BDF0B5DE4614
:107930004E4645465746E0B593B004AF3A617B6189
:10794000102250239B18DB1940CBB9601B7881466D
:107950007B6058239B18DB191D786C239846603B8D
:107960009B18B044D8194146FFF74CFA7368F86089
:107970009B46002B01DA06239B46182310241B1973
:107980002A00D919300013F0EDF98222F368520071
:107990008CB0134004AD934200D1E5E0EAF756F80D
:1079A0003A6F7B6F7862029203935B4614200093D8
:1079B000182300191B192D222900DB19C019F1F712
:1079C000ADF838622C285BDC4046FDF729FA6A46A0
:1079D0003C6A8346E31DDB08DB00D31A9D4604ABFB
:1079E0009A462B193B60037FA046012B00D113E17F
:1079F000002B00D1EBE05B461B68DB6998468C4BA3
:107A0000984500D0EDE02B19AB4200D1EEE022000A
:107A100029005046E7F744F83C6AA046002C4ED0B7
:107A200022002E21280021F0BBFC002800D1E0E03C
:107A30002423FA68401BD35C50440370137C002B52
:107A400042D1B268424500DD76E000233D7D3C69CD
:107A5000B360002D08D123684246514620001B6BBD
:107A60009847404500D0E1E04B464846BD461C6083
:107A70001D710FB0F0BCBB46B246A946A046F0BD92
:107A8000431C9A466B460830C008C0001B1A9D462E
:107A9000E9F7DCFF3A6F7B6F7862029203935B46F3
:107AA000102400931420182304AD1B19001952460A
:107AB0002900DB19C019F1F731F8386284E7FB6857
:107AC0001B7C002BBDD000206A4663000733DB0817
:107AD000DB00D31A9D4604AB9B460021FD222B7888
:107AE00088462B3B5D46134209D153461B78013C27
:107AF0002B7001239C4698463C620135E2442523C5
:107B0000F9681024CB5CCA689C461023E418E41979
:107B10008968039454460195029400906346B868BE
:107B2000FEF7F0FA3B6AB2689C46E0444346DA4608
:107B30003B62424500DC88E76946D31DDB08DB0079
:107B4000CB1A9D46102110235B18DB190293534674
:107B500004AC0193009433007968B868FFF7A8F883
:107B60003B6AA246984670E7E9F770FF3B6F7C6F6F
:107B700078620093019414201024182300191B1913
:107B80002D222900DB19C019F0F7C8FF38622C2814
:107B900000DC19E76B46441C0830C008C0001B1A03
:107BA0009D46E9F753FF3A6F7B6F7862009201932D
:107BB0001022182314209B182200102404AD001951
:107BC0002900DB19C019F0F7A9FF3862FCE6F0F7CD
:107BD00053F85B461B68DB699846154B984500D106
:107BE00011E75346290058463A68C0473C6AA04608
:107BF00014E7FB681B7C002B00D122E7022C00DC81
:107C000062E76B78303B092B00D91AE7AB78303B41
:107C1000092B00D915E757E72B19AB4200D1FDE638
:107C2000220029005046E6F73BFFF7E601351BE747
:107C3000057C0110F0B589B00400109E119F0EA8BC
:107C400020C80078049605974C26019002962000E3
:107C50000095FFF76BFE200009B0F0BD70B54368DA
:107C6000060000680D0000280ED00024013324D047
:107C700028686B6800280FD00026013311D0A01BA4
:107C800043425841C0B270BD01335A425341286843
:107C9000DCB26B680028EFD101335A425341DEB2A7
:107CA000EDE78368C2689342E9D303685B6A98474B
:107CB000431CE4D12E600136E1E78368C268934239
:107CC000D6D303685B6A9847431CD1D13460013432
:107CD000CEE7C04610B5040023684068002B01D0F1
:107CE000421C00D010BD9A68D9688A4201D210782F
:107CF000F8E71A681800526A9047431CF2D1002333
:107D00002360EFE70821F0B557464E46DE4645466C
:107D10008946E0B585B000AFB944BA604A463860DC
:107D2000F86C53607B6C6C309A46FDF779F86A46C4
:107D3000BB6C06009B000733DB08DB00D31A9D46B3
:107D4000082230239B184846D919E846FFF786FFDA
:107D5000002814D03B6D1B687B6004237A681343B2
:107D60003A6D136038684A460300BD4612CA12C312
:107D700005B0F0BCBB46B246A946A046F0BD484699
:107D8000FFF7A8FFC3B29B46BB6C002BE2D03300C9
:107D900000245E4600259B460AE05B461B68584669
:107DA0009B689847864209D0BB6C0134A3420DD032
:107DB0005246A300D3581978B142EED14246AB00E7
:107DC0009C50BB6C01340135A342F1D100237B6090
:107DD000012D75D943461E685346B600985916F0D2
:107DE0008DFF330001242E009B4605004246A30070
:107DF000D35852469B00985816F080FF854200D910
:107E000005000134B442F1D35B46AB4635001E0099
:107E10004B4618688368C268934200D3C6E00133BA
:107E2000836001224B4652425A607B6801337B607B
:107E30005B4500D38EE74B461868002800D19DE0D3
:107E40000023C2689B468368934200D3B2E0B86BBC
:107E5000FB6B002800D18CE00024013300D190E0BE
:107E6000A34500D176E7002300249B463300464615
:107E70005246D3587A689B5C4A4698464B461068EF
:107E80005B68002801D05A1C0DD0DBB2984511D098
:107E9000013DAB009A59A3009A51A5420DD9A30008
:107EA0009B599B00E4E78368C268934277D21B78B2
:107EB0009845EDD10134A542F1D8B046012D89D8BD
:107EC000012D00D046E7B86806F0C8FC01235B42EC
:107ED0009B464B465A465A60434652461B687C684E
:107EE0007B609B009B58013418009A4616F006FFF1
:107EF0008046844200D387E056462BE00023C268C8
:107F00009A468368934200D38FE0B86BFB6B0028DE
:107F10002AD0002501335ED0AA4500D11AE74A468F
:107F20004B461068355D5B68002801D05A1C5FD055
:107F3000DBB29D4200D00DE74B4618688368C268EB
:107F400093425DD2013383604B465A4601345A60F6
:107F500044455CD04B4618680028CFD10123B86B4C
:107F60009A46FB6B0028D4D101335A425341DDB20B
:107F7000D2E701335A425341DCB271E701239B46F9
:107F800065E78368C268934200D269E703685B6A69
:107F90009847431C00D063E7BC63013460E7036883
:107FA0005B6A9847431C11D0C3B26FE703689B6AB2
:107FB000984736E703685B6A9847431C00D046E75A
:107FC0004B465A461A6001239B4640E74B465A46A9
:107FD0001A60FF235AE78368C26893429CD3036800
:107FE0005B6A9847431C97D100230135BB6393E735
:107FF0008368C26893420ED21A78AA42A2D0A9E638
:1080000003689B6A98479FE7844200D0A2E63B6CD6
:108010007A681A60A6E603685B6A98470300421C08
:1080200086D14A460021116082E703685B6A98475F
:10803000431C00D069E74B4600221A6001239A4690
:1080400063E7C0461021F0B5DE4657464E4645462A
:108050008A46E0B587B000AFBA443A6152467860CC
:10806000786D5360FB6C6C309B46FCF7D9FE6A461A
:108070003B6D8146DB00D31A9D46102230239B18AE
:108080005046D919E846FFF7E9FD002800D1CCE0B9
:1080900053460024002500265B683869002858D024
:1080A00000229146013300D190E0386C7B6C0028AF
:1080B00058D00022FA60013300D177E0FB684B45CD
:1080C00058D05246534610685B68002802D05A1CAC
:1080D00000D18CE0DBB29C46002C50D00020002266
:1080E000F86005E0FB6801320133FB6094421DD962
:1080F0009300F1180868A842F4D918004044B86009
:1081000000688000814658464B461B585B5D6345BE
:108110004AD0013CA3009946434648461B58B868DC
:1081200003604B46F3580B609442E1D8F868A042D4
:1081300020D0534618688368C26893425ED20133E8
:1081400083600122534652425A60013513000028D1
:10815000A6D101335A425341386CDBB299467B6C4D
:108160000028A6D101335A425341DBB2FB60FB68C1
:108170004B45A6D1012C47D13368AB424CD0BB6DE7
:108180001B68FB600423FA681343BA6D13607868B8
:1081900052460300BD4612CA12C307B0F0BCBB462C
:1081A000B246A946A046F0BD01329FE78368C26887
:1081B000934200D282E703685B6A9847431C00D071
:1081C0007CE700233B640133FB6077E78368C26888
:1081D000934200D269E703685B6A9847431C00D06A
:1081E00063E7534600221A60012399465DE78368DE
:1081F000C26893426FD21B789C466DE703689B6A06
:108200009847534618689CE7022CB8D13368AB42B4
:1082100002D07368AB42B2D143463A6D1B689342B9
:1082200000DB9B1ABA6C1360B1E75046FFF752FDB2
:10823000C3B2FB603B6D002600245D0053D04B466B
:10824000A9461D0009E02B6828009B689847FB6839
:10825000834209D001364E450DD05A46B300D3585B
:108260001978FB689942EED14246A3009E50013630
:1082700001344E45F1D1002C04D15346002500268F
:108280005B680AE7386906F0E9FA012352465B4267
:1082900053606A46A30099460733DB08DB00D31A14
:1082A0009D466E46230032004C46464600259946C0
:1082B00090465A4673599B00985816F01FFD434646
:1082C00058510435AC42F4D1B0461E0001234C464F
:1082D00001255B42E1E603685B6A9847431C05D0D1
:1082E000C3B29C46F8E653465B68D6E65346002286
:1082F0001A60FF239C46EFE6F0B5C64600B59CB079
:10830000050024980B93259B6C300F0098460A9229
:10831000FDF794FD836808AE9A6C0AAC0E92DA6C95
:108320000F921A6D10925A6D11929A6D1292DA6D27
:1083300013921A6E1492DA6A15921A6B16925A6B8D
:1083400017929A6B1892DA6B19921A6C5B6C1A92EC
:108350001B9300230D930DAB0693249B22AA059338
:10836000072304930EAB03930CAB02936B4603CA33
:1083700003C3390030000A9A6368FFF763FE2300E5
:1083800006CE06C30D9B0A9E002B20D1269B0C9A7D
:108390009A616368002E23D00027013339D02298D8
:1083A000239B002824D00022013326D0BA4205D1D5
:1083B0004246022312681343424613602B002800F2
:1083C0000A9606CC06C31CB080BCB846F0BD424637
:1083D000042312681343424613606368002EDBD106
:1083E00001335A4253412298DFB2239B0028DAD14D
:1083F00001335A425341DAB2D8E78368C1688B42ED
:10840000D4D303685B6A9847431C5A425341DAB29B
:10841000CCE7B368F2689342C1D3336830005B6A3B
:108420009847431CBBD100260137B8E7F0B5C646D4
:1084300000B5A6B005002E980B932F9B6C300F0053
:1084400098460A92FDF7FAFC9422836808AE9A587F
:108450000AAC0E9298229A580F929C229A58109227
:10846000A0229A581192A4229A581292A8229A589D
:108470001392AC229A581492B0229A581592B422B0
:108480009A581692B8229A581792BC229A58189263
:10849000C0229A5819925A6E1A929A6E1B92DA6EEC
:1084A0001C921A6F1D925A6F1E929A6F1F92DA6F6A
:1084B000209280229A58219284229A5822928822CD
:1084C0009A5823928C229A58249290229B582CAA34
:1084D000259300230D930DAB06932E9B05930C2340
:1084E00004930EAB03930CAB02936B4603CA03C316
:1084F000390030000A9A6368FFF7A4FD230006CE16
:1085000006C30D9B0A9E002B20D1309B0C9A1A614A
:108510006368002E23D00027013339D02C982D9B7F
:10852000002824D00022013326D0BA4205D1424689
:10853000022312681343424613602B0028000A9658
:1085400006CC06C326B080BCB846F0BD4246042324
:1085500012681343424613606368002EDBD1013377
:108560005A4253412C98DFB22D9B0028DAD10133B7
:108570005A425341DAB2D8E78368C1688B42D4D3F8
:1085800003685B6A9847431C5A425341DAB2CCE70E
:10859000B368F2689342C1D3336830005B6A98478E
:1085A000431CBBD100260137B8E7C046F0B54546AD
:1085B000DE4657464E46E0B59DB0289C82466C3458
:1085C00020000D9308910C922B9FFDF737FC09902A
:1085D0002000FCF725FC0600380016F08FFB002376
:1085E00080460C980CAD0E9300246B68002843D095
:1085F00000229146013300D179E02698279B00287C
:1086000043D000229346013300D1BFE00E9BCB45FF
:1086100043D0A04541D9002B42D1395D3B199B463F
:1086200073181E33FF331B788946002B0DD1336836
:10863000C64A1B6A934200D0B8E0002907D04B46D7
:10864000F3181E33FF3319700B00252B61D05B46E6
:1086500028681B7899466B68002802D05A1C00D104
:10866000A9E0DBB2994539D004230E9A01341343B3
:108670000E936B680028BBD101335A4253412698B0
:10868000DBB29946279B0028BBD101335A425341A4
:10869000DBB29B460E9BCB45BBD1002B00D191E0BA
:1086A000299B1B6808930423089A1343299A136093
:1086B0005346504606CD06C31DB0F0BCBB46B2467D
:1086C000A946A046F0BD2800FFF704FB0022C1B276
:1086D0003000FCF759FB09287BD1286806F0BEF86A
:1086E000012328685B426B6001340028C4D000235A
:1086F000C26899468368934200D27EE703685B6A4A
:108700009847431C00D078E74B462B6001339946CD
:1087100073E7631CF95C9B4673181E33FF331B78A9
:108720008946002B0DD13368884A1B6A934200D0DA
:10873000EFE200294CD04B46F3181E33FF3319707B
:108740000B0000220F92452B01D04F2B3ED102345B
:10875000395D73181E33FF331B788946002B0DD10A
:1087600033687A4A1B6A934200D0D7E2002930D09E
:108770004B46F3181E33FF3319700B00413BDBB23D
:10878000382B26D8724A9B00D3589F468368C2680C
:10879000934200D23AE703685B6A9847431C00D0D3
:1087A00034E75B46269301339B462FE700223000D7
:1087B0009847010041E78368C268934200D3C4E24E
:1087C0001B784FE7A04500D06AE771E75C46D5E724
:1087D0005C4604230E9A286813430E936B68013499
:1087E00048E70AAB99460EAB0793289B26AA069347
:1087F00004230593574B0493002303930FAB029379
:108800006B4603CA03C348462A686B680899FCF79D
:1088100027FB2B004A4603CA03C30E9B002B74D1CF
:108820000F9B4D4A9A18002B01DA64331A002A9BD9
:1088300028685A616B68D2E79422099B9B689A5812
:10884000109298229A5811929C229A581292A02221
:108850009A581392A4229A581492A8229A581592C0
:10886000AC229A581692B0229A581792B4229A586B
:108870001892B8229A581992BC229A581A92C02279
:108880009B5826AA1B930AAB99460EAB0693289BCE
:1088900005930C23049310AB03930FAB02936B4629
:1088A00003CA03C348462A686B680899FFF72AFA87
:1088B0002B004A4603CA03C30E9B002B25D12A9BDB
:1088C0000F9A28681A616B6889E70AAB99460EAB64
:1088D0000793289B26AA0693022305933B33049310
:1088E000002303930FAB02936B4603CA03C34846AE
:1088F0002A686B680899FCF7B3FA2B004A4603CA4A
:1089000003C30E9B002B00D119E26B68286866E751
:108910000AAB9946099B9B689B6905932A9B26AAEB
:1089200004930EAB0393289B02936B4603CA03C3C5
:1089300048462A686B680899FFF738FE2B004A46BC
:1089400003CA03C36B68286849E7C046957B0110DA
:1089500054C204100F27000094F8FFFF0AAB994699
:108960000EAB0793289B26AA0693022305930A338E
:1089700004930B3B03930FAB02936B4603CA03C3F1
:1089800048462A686B680899FCF76AFA2B004A4641
:1089900003CA03C30E9B002BB7D10F9B2A9A013B3E
:1089A000136128686B681AE72800FFF793F9002223
:1089B000C1B23000FCF7E8F90A2800D009E72868BE
:1089C0008CE6EB4A10AB11009B4609393000FCF7EE
:1089D000ABF90AAB99465B469FE70AAB99460EABEB
:1089E0000793289B069302230593153304930023D2
:1089F00003930FAB02936B4626AA03CA03C34846F0
:108A00002A686B680899FCF72BFA2B004A4603CAC0
:108A100003C30E9B002B00D077E72A9B0F9A286890
:108A20009A606B68DBE60AAB99460EAB0793289B0E
:108A30000693022305930A3304930B3BD8E70AAB52
:108A400099460EAB0793289B26AA0693022305930B
:108A500039330493002303930FAB02936B4603CA8D
:108A600003C348462A686B680899FCF7F9F92B009C
:108A70004A4603CA03C30E9B002B00D045E72A9B3E
:108A80000F9A28685A606B68A9E6099B9B685A6E22
:108A900010929A6E1192DA6E12921A6F13925A6FA6
:108AA00014929A6F1592DA6F169280229A58179242
:108AB00084229A58189288229A5819928C229A588D
:108AC0001A929022DCE6099B9B68DA6A10921A6B74
:108AD00011925A6B12929A6B1392DA6B14921A6C6F
:108AE00015925B6C16930AAB99460EAB0693289BC6
:108AF00026AA05930723049310AB03930FAB0293AD
:108B00006B4603CA03C348462A686B680899FFF797
:108B1000F9F82B004A4603CA03C30E9B002B00D072
:108B2000F3E62A9B0F9A28689A616B6857E610ABA8
:108B30009B46904A904949E710AB9B468F4A904923
:108B400044E70AAB9946099B9B681B69E5E6280048
:108B5000FFF7C0F8FF23B2690340D35CDB0700D402
:108B600037E60AAB99460EAB0693289B26AA0593D7
:108B70000E230493834B039310AB02936B4603CAFB
:108B800003C3484608992A686B68FFF7BBF82B00B7
:108B90004A4603CA03C3280026A9FFF75FF8002846
:108BA00000D0B2E60E9B109A134300D0ADE6280029
:108BB000FFF790F8C3B29B46337F002B00D1D1E082
:108BC0004A23F05C83450DD02800FFF783F8C3B239
:108BD0009B46337F002B00D1D6E04823F05C8345D1
:108BE00000D092E60EAB0793289B10AA06930223AF
:108BF00005939B4615330493002302926A46039320
:108C000026A909C909C2484608996B682A68FCF771
:108C100027F92A0048460AC80AC23B2304930023C6
:108C20000EAA0792289A0393069210AB5A46029313
:108C30006B46059226AA03CA03C348462A686B6896
:108C40000899FCF70DF92B004A4603CA03C36B6869
:108C50005CE6099B9B689A6C1092DA6C11921A6D13
:108C600012925A6D13929A6D1492DA6D15921B6ED0
:108C700038E70AAB9946099B9B689B684DE60AABAF
:108C800099460EAB0793289B0693022305931D3349
:108C900004931E3B03930FAB02936B4626AA03CAB1
:108CA00003C32A686B6848460899FCF7D9F82B007B
:108CB0004A4603CA03C30E9B002B00D025E62A9B1D
:108CC0000F9A2868DA606B6889E52800FFF702F8D8
:108CD000FF23B2690340D35C1B0724D5286805F045
:108CE000BDFD01230AAA5B4291460EAA6B60079262
:108CF000289A092106920122059203920FAA029254
:108D00006A469C46049126A909C909C263462A6895
:108D1000C9E700223000984701000AE50022300030
:108D20009847010022E50AAB99460EAB0793289BB2
:108D30000693022305931D330493153BAAE72A9B50
:108D40000F9A28681A606B6849E503685B6A984760
:108D5000431C02D0C3B2286884E4002300202B60A7
:108D6000FF337FE42D213000FBF710FD2AE7C046DA
:108D700061AE04106AAE041064AE041075AE041047
:108D80006CAE0410C02100202B213000FBF7FEFC4C
:108D900025E7C046F0B5C64600B58AB00500129872
:108DA0000993139B6C300F0098460892FDF746F824
:108DB000836810AA1B6906AE0593149B08AC049344
:108DC00043460393129B02936B4603CA03C33900C5
:108DD0003000089A6368FFF7E9FB230006CE06C35C
:108DE000089E6368002E1AD00027013330D01098F7
:108DF000119B00281BD0002201331DD0BA4205D19F
:108E00004246022312681343424613602B00280097
:108E1000089606CC06C30AB080BCB846F0BD013344
:108E20005A4253411098DFB2119B0028E3D101331D
:108E30005A425341DAB2E1E78368C1688B42DDD31D
:108E400003685B6A9847431C5A425341DAB2D5E73C
:108E5000B368F2689342CAD3336830005B6A9847BC
:108E6000431CC4D100260137C1E7C046F0B5C64651
:108E700000B58AB0050012980993139B6C300F005F
:108E800098460892FCF7DAFF836810AA9B6806AE42
:108E90000593149B08AC049343460393129B0293DF
:108EA0006B4603CA03C339003000089A6368FFF7B2
:108EB0007DFB230006CE06C3089E6368002E1AD0F1
:108EC0000027013330D01098119B00281BD00022BE
:108ED00001331DD0BA4205D1424602231268134322
:108EE000424613602B002800089606CC06C30AB041
:108EF00080BCB846F0BD01335A4253411098DFB2EE
:108F0000119B0028E3D101335A425341DAB2E1E721
:108F10008368C1688B42DDD303685B6A9847431C52
:108F20005A425341DAB2D5E7B368F2689342CAD3E2
:108F3000336830005B6A9847431CC4D10026013770
:108F4000C1E7C046F0B5DE4645464E465746E0B559
:108F50008DB0189904906C3109A8069207931A9E57
:108F6000FDF750FF06AD834616A92800FEF776FEF2
:108F70008046002800D1D1E200225B4600249146C1
:108F80001B7C0092B54A05920B92002B00D0BEE2EA
:108F900064235A46D35C0393002B00D091E04346F0
:108FA000002B01D000F01AFC019302932300303B08
:108FB000092B48D833681A000C3A116888464F1CB0
:108FC00051688F4203D89268002A00DC10E10BAB95
:108FD000390030009A46EEF7AFF833681A000C3AC1
:108FE00012689C540122336891469D4A0C3B93427F
:108FF00000D007E128688368C268934200D30CE17F
:109000000133836001235B426B608368C268002484
:10901000934200D3D8E21698179B002800D1E2E0D3
:109020000022013300D106E1A24200D1AEE028685F
:109030006C68002802D0631C00D1CDE0E4B22300AC
:10904000303B092BB6D924235A46D35CA34200D126
:10905000C6E25C235A46D35CA34204D06223D35CAD
:10906000A34200D092E0019B002B00D0CAE24B4605
:10907000002B00D18AE00BAB652130009A46EEF759
:1090800061F9286805F0EAFB012328005B4216A974
:109090006B60FEF7E3FD0190002877D12800FEF712
:1090A00019FE4B235A46D35CC4B2A34200D119E245
:1090B0004A23D35C2D21A34200D114E24B460193F5
:1090C00074E74346002B00D088E34E335B44984658
:1090D000137C002201920292002B05D025235A46D0
:1090E000D35CA34200D1AEE124235A46D35CA34211
:1090F00000D1B7E00A222100404620F051F90028B3
:1091000000D116E14346C41A336830341A000C3AD1
:109110001168E4B289464F1C51688F4203D89268A7
:10912000002A00DCB6E10BAB390030009A46EEF7BE
:1091300003F833681A000C3A12689C543368484AA2
:109140000C3B934200D0ADE1009B01330093039BA5
:10915000994628688368C268934200D3BFE0013310
:10916000836001235B426B608368C2680024934282
:1091700000D31EE31698179B002800D1C1E00022FF
:10918000013300D175E1A24200D0C1E00B9E340052
:109190000C3C2368002B10D00BAB9A46029B002B93
:1091A00000D137E25B465246D968986811F06CFEF0
:1091B000002802D10422199B1A60294B049A03CD7E
:1091C00003C29C4200D0E8E204980DB0F0BCBB465C
:1091D000B246A946A046F0BD8368C268934200D358
:1091E000F2E21C78E2E601335A425341DAB21BE75D
:1091F00042469C54012233689146194A0C3B9342E3
:1092000000D1F7E600221F609A6043445A73286831
:109210008368C268934200D2F2E603680BAA9B6A95
:1092200092469847012328685B4201246B6000281E
:1092300000D1F0E6E9E68368C1688B4200D2F3E62C
:1092400003680BAA5B6A924698470022431C00D031
:10925000EAE6002301321693E6E6C0460432032014
:10926000F8310320029B002B00D07EE2019B002BF3
:1092700000D07AE20BAB9A460B9B0C3B1B68002B91
:1092800004D06B4650461978EEF75CF833681A0044
:109290000C3A176851687C1C8C4203D89268002AEB
:1092A00000DC05E121003000EDF746FF33681A00CD
:1092B0000C3A12682E219954039A33680292D34AC9
:1092C0000C3B934200D144E700221C609A60DB19FA
:1092D0005A7328688368C268934200D23FE70368E4
:1092E0000BAA9B6A92469847012328685B42039C1D
:1092F0006B60002800D037E71698179B002800D035
:109300003DE701335A425341DAB2A24200D13DE770
:1093100028686C68002801D0631C03D0E4B25B4667
:109320001B7CD9E68368C268934200D374E21C7840
:10933000F5E75C235A46D35CA34204D06223D35C96
:10934000A34200D022E7019B002B00D01EE74B4632
:10935000002B00D11AE70BAB9A460B9B0C3B1B680A
:10936000002B03D0029B002B00D1C4E033681A000D
:109370000C3A176851687C1C8C4203D89268002A0A
:1093800000DC97E021003000EDF7D6FE33681A00CC
:109390000C3A116865225A5433689C4A0C3B93423C
:1093A00000D090E028688368C268934200D395E0BB
:1093B00001338360012328005B4216A96B60FEF72E
:1093C0004DFC0190002800D0E0E628686C68002879
:1093D00001D0631C0FD0E4B24B235A46D25CA242A8
:1093E00014D05946013BCB5CA3420FD05B464A46A2
:1093F0001B7C019270E68368C268934200D328E226
:109400005A461C784B23D25CA242EAD15B461B7CB5
:10941000002B05D025215846415CA14200D1B9E17D
:1094200024215846415CA14200D102E1111B4B426C
:10943000594101234942994330002D31EDF782FF14
:109440004B46019385E6029B002B00D08DE1019BEA
:10945000002B00D089E1009B002B00D1E5E1D9B2BF
:109460000BAB18009A46EDF76DFF002302930093B3
:109470006FE68368C1688B4200D284E603680BAA5A
:109480005B6A924698470022431C00D07BE6169206
:10949000039A78E64A469C5433685C4A0C3B9342F4
:1094A00000D151E600221F609A604B445A734BE68C
:1094B0003A00FFE6652239005A543368534A0C3BA0
:1094C000934200D16EE700221C609A60DB195A7348
:1094D00028688368C268934200D269E703689B6A80
:1094E000984767E72B210BAB30009A46EDF72AFF30
:1094F0004B4601937EE56B4650461978EDF722FF07
:1095000034E7B34689463E00414B05930B930BABC2
:10951000202118009A46EDF70FFE39E52800FEF7E6
:10952000D9FB4B235A46D25CC4B2A24200D183E09D
:109530005946013BCB5CA34200D17DE05B461B7CDE
:1095400000229146009224323700924649465E46F8
:10955000002B03D02522B25CA242D2D05246B25C8C
:10956000A24200D1FCE04E22B25CA24200D0F7E061
:10957000002900D19FE0009B286801330093C26856
:109580008368934200D3C4E00133836001235B42CC
:109590006B600023C26899468368934200D3EEE073
:1095A0001698179B002800D1C4E00022934601338F
:1095B00000D1C5E0CB456DD1B34601225B463E00EC
:1095C000914690461B7CDDE403680BAA5B6A9246D9
:1095D0009847431C00D01EE5002301342B601AE598
:1095E000029B002B00D034E5019B002B00D104E14D
:1095F0005C23D35CA34200D1B7E06223D35CA342D7
:1096000000D0C3E501230193C0E5C046F831032033
:1096100004320320019B002B00D0C3E56B46197870
:109620000BAB18009A46EDF78DFE0B9E34000C3CF8
:10963000B8E54A4601924FE55B461B7C002B05D0FE
:1096400025215846415CA14200D179E724215846A2
:10965000415CA14200D173E7111B4B4259410123E8
:10966000494299432D313000EDF76CFE069805F024
:10967000F5F8012328005B4216A96B60FEF7EEFAAD
:10968000002800D1C3E000225B4691461B7C804647
:10969000009277E428686C68002801D0631C03D02E
:1096A000E4B20121337C53E78368C268934200D35C
:1096B0009CE01C78F5E73B681A000C3A11688B4671
:1096C0000121594489465168894503D891685A4611
:1096D000002907DD49463800EDF72EFD3B681A00EA
:1096E0000C3A1268302199543B686E4A0C3B934205
:1096F00000D140E7002249469A6019605B445A73E2
:10970000009B286801330093C2688368934200D2AB
:109710003AE703689B6A9847012328685B426B60BD
:1097200002339946002800D033E71698179B00288B
:1097300000D03AE701335A425341DBB29B4639E746
:109740008368C268934200D234E703685B6A984733
:10975000431C00D02EE75B46169301339B4629E756
:10976000B34689463E00FFF70DFC0B9E0BAB340061
:109770000C3C9A462368002B00D013E51DE50368D6
:109780005B6A9847431C00D00AE74B462B600133C5
:10979000994605E7994601939EE4043E33685A1EB4
:1097A0003260002B00DD0FE520000AA9EDF74EFB2B
:1097B0000AE503680BAA5B6A92469847431C00D0EF
:1097C000D8E42C60039CD5E403680BAA5B6A92463C
:1097D0009847431C4BD0C4B2FFF7E8FB0B9E340004
:1097E0000C3C2368002B00D018E7E6E403685B6AB2
:1097F0009847431C40D0C4B253E70BAB2E21300036
:109800009A46EDF79FFD01230293FFF7F3FB280033
:10981000FEF760FAC4B291E603680BAA5B6A92464F
:109820009847431C2CD0C4B279E532681D4B110017
:109830000C398868002813DD994225D1059A3260D9
:109840000B9E34000C3C2268002A00D1B6E40021B3
:10985000E6E603685B6A9847431C19D0C4B2BBE5CF
:109860009942EDD00098886008601070E8E7002306
:10987000FF242B60FFF79AFB0023FF242B6010E7E7
:109880000023FF242B604AE5043A01381060D5E735
:109890000023FF242B609FE55046EDF70BFC0FF0F3
:1098A000BBFDC046F8310320F0B54746CE4680B533
:1098B0008DB009930AAB9946424B0500884648464D
:1098C000202108AC179F08920A93EDF735FC4B4610
:1098D0000493169B039702936B4614AA03CA03C30F
:1098E00006AE41463000089A6368FFF72BFB230061
:1098F00006CE06C30A9B089E9846E8F7A7F80B9089
:109900000BAB3A004046189910F0E6FE6368002E53
:1099100020D00022904601332AD01498159B0028AD
:1099200021D00022013331D0904503D102233A687F
:1099300013433B602B00089606CC06C30A9B224AC1
:1099400018000C3890422DD128000DB0C0BCB9468B
:10995000B046F0BD01335A4253411498DBB29846E9
:10996000159B0028DDD101335A425341DAB2DBE7BF
:10997000B368F2689342D0D3336830005B6A98478B
:10998000431CCAD1012300269846C6E78368C168F4
:109990008B42C9D303685B6A9847431C5A425341C0
:1099A000DAB2C1E7043B1A68511E1960002ACBDC09
:1099B0000BA9EDF74BFAC7E74846EDF77BFB0FF035
:1099C0002BFDC04604320320F8310320F0B5474692
:1099D000CE4680B58DB009930AAB9946424B05003F
:1099E00088464846202108AC179F08920A93EDF755
:1099F000A3FB4B460493169B039702936B4614AA52
:109A000003CA03C306AE41463000089A6368FFF7F5
:109A100099FA230006CE06C30A9B089E9846E8F7EB
:109A200015F80B900BAB3A004046189910F0AEFEBB
:109A30006368002E20D00022904601332AD014986B
:109A4000159B002821D00022013331D0904503D14D
:109A500002233A6813433B602B00089606CC06C3EA
:109A60000A9B224A18000C3890422DD128000DB0D4
:109A7000C0BCB946B046F0BD01335A4253411498B8
:109A8000DBB29846159B0028DDD101335A42534181
:109A9000DAB2DBE7B368F2689342D0D333683000C0
:109AA0005B6A9847431CCAD1012300269846C6E743
:109AB0008368C1688B42C9D303685B6A9847431CBB
:109AC0005A425341DAB2C1E7043B1A68511E196089
:109AD000002ACBDC0BA9EDF7B9F9C7E74846EDF74B
:109AE000E9FA0FF099FCC04604320320F831032054
:109AF000F0B54746CE4680B58DB009930AAB99467E
:109B0000424B050088464846202108AC179F089222
:109B10000A93EDF711FB4B460493169B03970293B0
:109B20006B4614AA03CA03C306AE41463000089A26
:109B30006368FFF707FA230006CE06C30A9B089E58
:109B40009846E7F783FF0B900BAB3A004046189915
:109B500010F080FE6368002E20D000229046013372
:109B60002AD01498159B002821D00022013331D02F
:109B7000904503D102233A6813433B602B000896BB
:109B800006CC06C30A9B224A18000C3890422DD1FD
:109B900028000DB0C0BCB946B046F0BD01335A42F2
:109BA00053411498DBB29846159B0028DDD1013350
:109BB0005A425341DAB2DBE7B368F2689342D0D33A
:109BC000336830005B6A9847431CCAD101230026E2
:109BD0009846C6E78368C1688B42C9D303685B6A4D
:109BE0009847431C5A425341DAB2C1E7043B1A6812
:109BF000511E1960002ACBDC0BA9EDF727F9C7E746
:109C00004846EDF757FA0FF007FCC0460432032030
:109C1000F8310320F0B5DE464E4645465746E0B5DE
:109C20008FB01A9C049021000BA86C310892099304
:109C3000FDF7E8F84A23E26808AE1A4005009346AB
:109C4000402A00D1ADE2082A45D00A239A463000C6
:109C500018A9FEF703F8002800D017E23000FEF73D
:109C600039F84A23EA5CC4B2131B59424B41DBB2B8
:109C70000693A24203D04B23EB5CA3423FD12B7C43
:109C8000002B03D02522AA5CA24239D02422AA5C50
:109C9000A24235D0089804F0E1FD012330005B4278
:109CA00018A97360FDF7DAFF071E24D000222B7C71
:109CB000904600925246102A72D116229146059281
:109CC000C84A0D92002B71D00DAB202118000293D1
:109CD000EDF732FA6AE0300018A9FDF7BFFF102354
:109CE0009A460028BAD02B7C162298461623924614
:109CF0000593063BCEE13000FDF7ECFFC4B22B7CB0
:109D0000002217000092002B04D02522AA5CA24258
:109D100000D1B8E12422AA5CA24200D1B3E14E22D4
:109D2000AA5CA24200D12BE1002F00D1ABE14C2272
:109D3000AA5CA24204D04D22AA5CA24200D05FE2FB
:109D40005A46002A00D1EBE05246102A00D075E2B4
:109D500000230027009330688368C268934200D3D1
:109D6000E9E00133836001235B4273600023C26832
:109D700098468368934200D337E21898199B0028CD
:109D800000D1E9E000229146013300D119E1C1453B
:109D900000D0E9E0B84601272B7C5246102A8CD02F
:109DA000D14605928F4A0D92002B8DD18E4A069B8B
:109DB0009446634418000393534651460793E3F7D0
:109DC000BDFC64230190EB5C9B46002B00D078E146
:109DD000002F00D07DE24B463033DBB205934B467B
:109DE0000A2B68DC2F2C00D84BE1059BA34200D83E
:109DF00047E1303C019BBB4267D2012330689B4660
:109E0000C2688368934200D373E001338360012307
:109E10005B4273608368C2680024934200D316E2F9
:109E20001898199B002800D175E00022013300D159
:109E3000F1E0A24234D101240D9B18000C380268D5
:109E4000002A00D0F8E0009A002A03D14246002AF6
:109E500000D10EE15A46002A00D1A5E16249069AD6
:109E60008C4662441C990A6004221B990A60002CEB
:109E700007D01B9A12680092022200990A431B998C
:109E80000A60049A12CE12C2584A904200D0CAE127
:109E900004980FB0F0BCBB46B246A946A046F0BD40
:109EA00030687468002802D0631C00D183E14B46FF
:109EB000E4B20A2B96DD20003038C3B2092B00D95A
:109EC0009DE0019B0400BB4297D353465F43039B35
:109ED0005A461B1BBB429B415B421A43009B3068A6
:109EE000013393460093C2688368E719934200D216
:109EF0008BE703680DAA9B6A02929847012330689A
:109F00005B4201247360002800D083E71898199BF6
:109F1000002800D089E701335A425341DAB288E77A
:109F200000233068009310339A46C2688368002784
:109F3000934200D215E703689B6A98470123306873
:109F40005B42736002339846002800D00EE71898F1
:109F5000199B002800D015E701335A425341DBB268
:109F60009946C14500D115E730687468002801D0D2
:109F7000631C13D0E4B2002F00D165E12B7CC2E654
:109F8000002F12D052460A2A00D0D0E65B46002BA2
:109F900012D10023009308339A46DCE68368C26836
:109FA000934200D361E11C78E5E75B46002B2CD09F
:109FB0005346082B00D1F0E0009B012701330093AA
:109FC000C9E68368C268934200D2E0E603685B6A30
:109FD0009847431C00D0DAE64B4618930133994664
:109FE000D5E6C04604320320FFFFFF7FF83103208F
:109FF000002333604B46FF240A2B00DCF5E62300E8
:10A00000613B052B37D8573CF4E600230093083317
:10A0100001279A469FE68368C1688B4200D208E711
:10A0200003680DAA5B6A029298470022431C00D085
:10A03000FFE618920132FCE66B4619780023994638
:10A040000DAB18009A460293EDF77CF95246E96889
:10A05000A86810F019FF002800D1B2E0009B002B87
:10A0600000D1B5E00D9B18000C384A46002A00D1FB
:10A07000F0E60022F6E62300413B052B01D8373CF1
:10A08000B8E60024D8E6B846002786E62B7C98463A
:10A0900053460593934A0D924246002A00D0B3E0FE
:10A0A000190091480793E3F749FB64230190EF5CA3
:10A0B00000230693002F00D1D4E0002400938A4BA4
:10A0C0000393002F00D0E1E04E239A4600239B46E5
:10A0D0002B7CAA449946002B03D02523EB5CA3429A
:10A0E00041D02423EB5CA342CBD021005046059AFB
:10A0F0001FF056F90028C4D05346C01A0F2800DDBF
:10A100000638019BBB4245D3079B5A465F43039BDE
:10A110001B1ABB429B415B421A439346009BC719E3
:10A120000133009330688368C26893422CD20133B4
:10A13000836001235B42736030000DAB18A902936A
:10A14000FDF78CFD041E00D076E60DAB30000293C7
:10A15000FDF7C0FD2B7CC4B29946002BC1D025234E
:10A16000EB5CA342BDD1009B002B00D193E0D9B2A0
:10A170000DAB18000293EDF7E5F80023306800936B
:10A18000C26883689342D2D303680DAA9B6A029285
:10A190009847CEE701239B46C4E70023012700939D
:10A1A000D9E508239A4652E5069A002A00D07F4254
:10A1B0001C9A17605BE68368C26893425CD21C7885
:10A1C0000DE604231B9A1360009B002B00D049E787
:10A1D0000D9B424618000C38002A00D045E7026863
:10A1E000002A00D041E700223CE603685B6A9847FA
:10A1F000431C00D0C1E54346336001339846BCE5BB
:10A20000012200279046C8E5D1469A4600234746DA
:10A210000093984606930DAB20211800002402936A
:10A22000ECF78AFFC2E5043B1A68511E1960002A48
:10A2300000DD2DE60CA9ECF709FE29E605920122C6
:10A24000D14600279046ADE5B8462B7CA5E50368CE
:10A250000DAA5B6A02929847431C00D0E0E5346087
:10A260000134DDE59B460093E5E503685B6A9847AA
:10A27000431C20D0C4B27EE603680DAA5B6A02923A
:10A280009847431C00D1B3E6C4B2A8E500233C00C4
:10A290009B460027D0E50D9B18000C380268002A69
:10A2A00014D14246002A0AD01C9A00991160042257
:10A2B0001B990A60E5E50023FF2433605BE6414615
:10A2C0001C9A116004221B990A60DAE5002400211F
:10A2D000B6E63C000027AFE50298ECF7EBFE0FF086
:10A2E0009BF8C04604320320FFFFFF7FF0B589B022
:10A2F000040012980EAD04901198039010980290EB
:10A300006846C0CDC0C02000FFF784FC200009B023
:10A31000F0BDC046F0B54E46DE4657464546E0B570
:10A3200001268FB00B931A9B0A92DA680AAC079049
:10A3300032421CD1012202936B4652420D920DAA69
:10A3400004921B9A08AD039218AA81CA81C32800FF
:10A350000A9A6368FFF75EFC230006CD06C30D9BD7
:10A36000012B00D991E01C9A3340137059E06C33F3
:10A3700019000DA8FCF746FD036A81468669002B8B
:10A3800000D014E1002E00D141E1012300269B46BC
:10A39000012220680027150063680692002800D17A
:10A3A0009FE000229046013300D1D6E01898199B17
:10A3B000002800D19FE000229246013300D1DCE06A
:10A3C000C24500D19FE020686368002801D05A1C74
:10A3D0003BD0DBB25A46002A40D14A46D269D25D10
:10A3E0009A423ED0002E00D0EEE04A465269D25D3D
:10A3F0009A4210D10125206801378368C2689342D0
:10A4000000D3A0E00133836001235B426360002E30
:10A410004FD1002D10D100231C9A137004231B9AD6
:10A420001360079B06CC06C307980FB0F0BCBB4671
:10A43000B246A946A046F0BD4B469B699F4200D25A
:10A44000B2E0E8D1002FE6D0C8E08368C26893424A
:10A4500000D3B2E05A461B78002ABED0069A002AE2
:10A46000C0D0002E00D1C6E0002D64D15B46002B89
:10A47000C1D04B461B6ABB42CDD1002BCCD00023B0
:10A480001C9A13701B9A1360CBE71C9B1B9A1E70BF
:10A4900004232000136018A9FDF7E0FB0028C0D0BA
:10A4A0001B9B1B6806930223069A13431B9A136097
:10A4B000B7E74B461B6A002D49D04A469669BE4213
:10A4C0006BD9002200219F424A41D3B29B462E0005
:10A4D000002306961E00012320685B42002800D05E
:10A4E0005FE701335A4253411898DBB29846199BF3
:10A4F000002800D05FE701335A425341DBB29A464D
:10A50000C24500D05FE7069BA846002B04D04B460F
:10A510001B6ABB4200D19BE04346002B04D04B4654
:10A520009B69BB4200D183E000231C9A1370062371
:10A530001B9A136075E720682E008368C268013794
:10A54000934200D25EE703689B6A98475CE7BB4290
:10A5500091D9002233009346BBE78368C2689342D7
:10A5600000D223E703685B6A9847431C00D01DE7CD
:10A57000002323600133984618E78368C26893423A
:10A5800000D21DE703685B6A9847431C00D017E7B9
:10A590000023189301339A4612E7BB4242D90022A6
:10A5A0002B002E00934694E70023AB4691E77342BD
:10A5B0005E410023F6B29B46EAE603685B6A984771
:10A5C000431C2BD0C3B205E7002D00D123E74B4637
:10A5D0009B69BB4200D01EE7002F06D001231C9AC6
:10A5E000137000234EE7002E11D01C9B1B9A1F7086
:10A5F0000423136015E74A465269D25D9A420AD095
:10A600005B46002B00D034E700250136F3E61C9BA7
:10A610001E70042336E701250126ECE600232360A3
:10A62000FF33D7E6BB420AD0BE4200D0F3E6D3E701
:10A63000002F11D001231C9A1370DB1822E7002F82
:10A64000D1D000231C9A1370BE4200D01AE7E0E775
:10A65000002F07D1002D02D01C9B1F7067E71C9BA9
:10A660001D7064E700231C9A1370002D01D1022392
:10A6700008E74B469A690223BA4200D002E7C8E7CE
:10A68000F0B5DE464E4645465746E0B58FB01A9CBB
:10A69000059021000BA86C3108920993FCF7B2FBDE
:10A6A0004A23E26808AE1A4005009346402A00D1CA
:10A6B0009FE2082A35D00A23300018A90293FDF73B
:10A6C000CDFA071E00D09DE23000FDF703FB4A23C0
:10A6D000EA5CC4B2131B59424B41DBB20793A2425E
:10A6E00003D04B23EB5CA34232D12B7C002B03D055
:10A6F0002522AA5CA2422CD02422AA5CA24228D005
:10A70000089804F0ABF8012330005B4218A973608D
:10A71000FDF7A4FA071E17D000222B7C9046019269
:10A7200067E0300018A9FDF799FA1023071E02937D
:10A73000CAD016222B7C06920022904601920792E4
:10A740001632002492465AE03000FDF7C3FAC4B234
:10A750002B7C002290460192243292464746002BE1
:10A7600004D02522AA5CA24200D1B4E15246AA5CE0
:10A77000A24200D1AFE14E22AA5CA24200D1EBE09E
:10A78000002F00D1A7E14C22AA5CA24204D04D22A6
:10A79000AA5CA24200D084E25A46002A00D1ABE073
:10A7A000029A102A00D08BE2002300270193306820
:10A7B0008368C268934200D3A9E001338360012318
:10A7C0005B4273600023C26898468368934200D35B
:10A7D0005CE21898199B002800D1A9E0002291465C
:10A7E000013300D11DE1C84500D0A9E0B8460127DA
:10A7F0002B7C029A102A00D1162292460692B74A62
:10A800000D92002B00D00BE20299B548E2F76EFFE3
:10A8100083B203936423EB5C0493002B00D063E1C9
:10A8200000239B46002F00D06CE2574699463037F4
:10A83000FFB253460A2B00DDA3E02F2C00D847E1DE
:10A84000A74200D844E1303C039B4B4500D3A2E033
:10A85000012330689B46C2688368934200D3B4E00A
:10A860000133836001235B4273608368C268002404
:10A87000934200D32DE21898199B002800D1B4E030
:10A880000022013300D1EFE0944200D0B4E0012374
:10A8900004930D9B18000C380268002A00D0F2E0E7
:10A8A000019A002A03D14246002A00D103E15A4608
:10A8B000002A00D1C6E101221C9952420A801B994C
:10A8C00005320A60049A002A07D01B9A1268019286
:10A8D000022201990A431B990A60059A12CE12C2FC
:10A8E000804A904200D0E0E105980FB0F0BCBB4632
:10A8F000B246A946A046F0BD00233068019310334C
:10A900000293C26883680027934200D255E7036828
:10A910009B6A9847012330685B4273600233984614
:10A92000002800D04EE71898199B002800D055E762
:10A9300001335A425341DBB29946C84500D155E72D
:10A9400030687468002801D0631C13D0E4B2002F73
:10A9500000D1BBE12B7C02E7002F56D0029A0A2AD5
:10A9600000D010E75B46002B56D10023019308333B
:10A9700002931CE78368C268934200D3B2E11C785B
:10A98000E5E720003038C3B2092B61D8039B0400EF
:10A990004B4500D25CE74B46029A514953439BB268
:10A9A0000122091B8B4200DC002259461C19A3B26C
:10A9B0009946019B30681143CAB201339346019313
:10A9C000C2688368934200D24AE703689B6A98474B
:10A9D000012330685B4201247360002800D044E703
:10A9E0001898199B002800D04AE701335A42534176
:10A9F000DAB2944200D14AE730687468002802D085
:10AA0000631C00D129E1E4B213E75B46002B25D09B
:10AA1000029B082B00D1E8E0019B01270133019341
:10AA2000C5E68368C268934200D2DCE603685B6ACD
:10AA30009847431C00D0D6E64B46189301339946FD
:10AA4000D1E6002333605346FF240A2B00DCF7E6EF
:10AA50002300613B052B35D8573CF5E600230193D5
:10AA6000083301270293A2E68368C1688B4200D2B3
:10AA70000AE703685B6A98470022431C00D003E79B
:10AA80001892013200E76B46002719790DA8ECF700
:10AA900059FCE968A8680DAA10F0F6F9002800D161
:10AAA000E1E0019B002B00D1E4E00D9B18000C3885
:10AAB000002F00D1FBE600221C990A801B9904326A
:10AAC0000A60FFE62300413B052B01D8373CBBE67B
:10AAD00000230493DDE6B84600278AE6043203200B
:10AAE000FFFF0000F8310320002F00D015E14E23B6
:10AAF0009A4600232F7C9B469946AA44002F03D0F8
:10AB00002523EB5CA3424BD02423EB5CA342DFD094
:10AB100021005046069A1EF043FC0028D8D0534628
:10AB2000C01A0F2800DD0638039B4B455AD34B460D
:10AB3000029A53438D4A9BB2111A01228B4200DCC8
:10AB4000002259461143CAB29346181883B2994657
:10AB5000019B0133019330688368C26893422ED20F
:10AB60000133836001235B4273608368C268002401
:10AB7000934200D3BDE01898199B00282DD00022E5
:10AB8000013352D0944200D183E63000FDF7A2F8A1
:10AB90002F7CC4B2002FB7D02523EB5CA342B3D1E6
:10ABA000019B002B00D1BDE0D9B20DA8ECF7CAFB88
:10ABB000002330680193C26883689342D0D303684E
:10ABC0009B6A9847012330685B42049C73600028AD
:10ABD000CBD11898199B0028D1D101335A42534147
:10ABE000DAB2CFE7049B9B46B5E700230127019328
:10ABF000DDE50823300018A90293FDF72FF8071EA2
:10AC000000D161E5029A2B7C924606920022904682
:10AC100001920792564A00240D92002B00D1F3E5D1
:10AC200020210DA8ECF788FAEEE58368C1688B4215
:10AC3000A8D303685B6A98470022431CA2D11892EC
:10AC4000049A9FE7079A002A03D04A46524292B2DA
:10AC5000914649461C9A118034E68368C268934243
:10AC600053D21C78E5E504231B9A1360019B002B4B
:10AC700000D01AE70D9B424618000C38002A00D07D
:10AC800016E70268002A00D012E714E703685B6A3F
:10AC90009847431C00D09CE54346336001339846F7
:10ACA00097E5012200279046A3E5043B1A68511E50
:10ACB0001960002A00DD17E60CA9ECF7C7F813E6C7
:10ACC0009246069201220027904698E5B8462B7CD2
:10ACD0008FE503685B6A9847431C00D0CBE534607E
:10ACE0000134C8E503685B6A9847431C2AD0C4B2A4
:10ACF0002DE603685B6A9847431C00D03BE734604D
:10AD0000049C38E799460497C3E503685B6A984753
:10AD1000431C00D195E6C4B28BE500230497994605
:10AD20009B46B6E50D9B18000C380268002A14D12A
:10AD30004246002A0AD01C9A0199118004221B99CC
:10AD40000A60CAE50023FF24336000E641461C9AEE
:10AD5000118004221B990A60BFE50023002104939F
:10AD600094E60DA8ECF7A6F90EF056FBFFFF0000E5
:10AD700004320320F0B589B0040012980EAD04909F
:10AD800011980390109802906846C0CDC0C0200072
:10AD9000FFF776FC200009B0F0BDC046F0B54E4686
:10ADA0004546DE465746E0B58FB01A9C0490210018
:10ADB0000BA86C3108920993FCF724F84A23E26847
:10ADC00008AE1A4005009046402A00D195E2082AB4
:10ADD00035D00A23300018A90293FCF73FFF071E65
:10ADE00000D093E23000FCF775FF4A23EA5CC4B25E
:10ADF000131B59424B41DBB20793A24203D04B23B2
:10AE0000EB5CA34232D12B7C002B03D02522AA5C21
:10AE1000A2422CD02422AA5CA24228D0089803F097
:10AE20001DFD012330005B4218A97360FCF716FF7B
:10AE3000071E17D000222B7C9246019267E030005B
:10AE400018A9FCF70BFF1023071E0293CAD0162285
:10AE50002B7C059200229246019207921632002422
:10AE600091465AE03000FCF735FFC4B22B7C00223B
:10AE700092460192243293465746002B04D0252255
:10AE8000AA5CA24200D1B0E15A46AA5CA24200D11B
:10AE9000ABE14E22AA5CA24200D1EBE0002F00D130
:10AEA000A3E14C22AA5CA24204D04D22AA5CA24299
:10AEB00000D076E24246002A00D1ABE0029A102A86
:10AEC00000D07DE200230027019330688368C268C8
:10AED000934200D3A9E00133836001235B42736096
:10AEE0000023C26899468368934200D34EE21898C3
:10AEF000199B002800D1A9E000229246013300D11D
:10AF000017E1D14500D0A9E0BA4601272B7C029A6F
:10AF1000102A00D1162291460592B54A0D92002BB7
:10AF200000D001E2012002994042E2F707FC6423CD
:10AF30000390EB5C9846002B00D05DE100239B461C
:10AF4000002F00D05EE24B463033DBB298464B46D2
:10AF50000A2B00DDA3E02F2C00D843E1A04500D848
:10AF600040E1303C039BBB4200D3A2E001233068A8
:10AF70009B46C2688368934200D3AEE0013383608E
:10AF800001235B4273608368C2680024934200D34C
:10AF90001FE21898199B002800D1AEE0002201336F
:10AFA00000D1E9E0944200D0AEE0012398460D9B29
:10AFB00018000C380268002A00D0ECE0019A002A40
:10AFC00003D15246002A00D1FFE05A46002A00D1A0
:10AFD000BCE101221C9952420A601B9905320A60A9
:10AFE0004246002A07D01B9A126801920222019958
:10AFF0000A431B990A60049A12CE12C27D4A9042FB
:10B0000000D0D2E104980FB0F0BCBB46B246A946CE
:10B01000A046F0BD00233068019310330293C2684C
:10B0200083680027934200D255E703689B6A9847DC
:10B03000012330685B42736002339946002800D0D8
:10B040004EE71898199B002800D055E701335A4263
:10B050005341DBB29A46D14500D155E73068746858
:10B06000002801D0631C13D0E4B2002F00D1ADE161
:10B070002B7C02E7002F50D0029A0A2A00D010E75A
:10B080004346002B50D100230193083302931CE761
:10B090008368C268934200D3A4E11C78E5E72000EE
:10B0A0003038C3B2092B5BD8039B0400BB4200D2EB
:10B0B0005CE7029B5A465F43E343BB429B415B42D2
:10B0C0001A43D3B29B46019B306801330193C26897
:10B0D0008368E719934200D250E703689B6A984758
:10B0E000012330685B4201247360002800D04AE7E6
:10B0F0001898199B002800D050E701335A42534159
:10B10000DAB2944200D150E730687468002802D067
:10B11000631C00D121E1E4B219E74346002B25D09E
:10B12000029B082B00D1E4E0019B0127013301932E
:10B13000CBE68368C268934200D2E2E603685B6AAA
:10B140009847431C00D0DCE65346189301339A46D7
:10B15000D7E6002333604B46FF240A2B00DCFDE6D4
:10B160002300613B052B37D8573CFBE600230193B6
:10B17000083301270293A8E68368C1688B4200D296
:10B1800010E703685B6A98470022431C00D009E778
:10B190001892013206E76B461979002399460DA8EB
:10B1A000ECF7D0F8E968A8680DAA0FF06DFE00284A
:10B1B00000D1D8E0019B002B00D1DBE00D9B1800F3
:10B1C0000C384A46002A00D1FFE600221C990A608A
:10B1D0001B9904320A6003E72300413B052B01D889
:10B1E000373CBFE600239846E1E6BA4600278EE6E4
:10B1F00004320320F8310320002F00D00DE14E234C
:10B200009C46AC446346069300239B462B7C9946A0
:10B21000002B03D02523EB5CA34246D02423EB5C18
:10B22000A342DFD02100069C059A20001EF0B8F84A
:10B230000028D7D0001B0F2800DD0638039BBB4237
:10B2400055D3029B5A465F43C343BB429B415B427B
:10B250001A43D3B29B46019BC7190133019330684F
:10B260008368C26893422FD20133836001235B421B
:10B2700073608368C2680024934200D3B9E01898D1
:10B28000199B00282ED00022013352D0944200D1C5
:10B290008DE63000FCF71EFD2B7CC4B29946002BD6
:10B2A000BCD02523EB5CA342B8D1019B002B00D17D
:10B2B000B8E0D9B20DA8ECF745F800233068019347
:10B2C000C26883689342CFD303689B6A984701237F
:10B2D00030685B42444673600028CAD11898199BB5
:10B2E0000028D0D101335A425341DAB2CEE7C346E7
:10B2F000B5E7002301270193E7E50823300018A9EB
:10B300000293FCF7ABFC071E00D16BE5029A2B7C85
:10B31000914605920022924601920792534A0024D8
:10B320000D92002B00D1FDE520210DA8EBF704FFC5
:10B33000F8E58368C1688B42A8D303685B6A9847C5
:10B340000022431CA2D1189242469FE7079A002A86
:10B3500000D07F421C9A176042E68368C26893421D
:10B3600053D21C78F3E504231B9A1360019B002B36
:10B3700000D023E70D9B524618000C38002A00D05D
:10B380001FE70268002A00D01BE71EE703685B6A1C
:10B390009847431C00D0AAE54B46336001339946D9
:10B3A000A5E5012200279246B1E5043B1A68511E2B
:10B3B0001960002A00DD25E60CA9EBF747FD21E620
:10B3C00091460592012200279246A6E5BA462B7CBB
:10B3D0009DE503685B6A9847431C00D0D9E534605B
:10B3E0000134D6E503685B6A9847431C2AD0C4B28F
:10B3F0003BE603685B6A9847431C00D03FE7346034
:10B4000044463CE7B8460027D1E503685B6A9847A5
:10B41000431C00D19DE6C4B299E50023B8469B4683
:10B420000027C4E50D9B18000C380268002A14D1CF
:10B430005246002A0AD01C9A0199116004221B99D5
:10B440000A60D8E50023FF2433600EE651461C9ABB
:10B45000116004221B990A60CDE500230021984663
:10B460009DE60DA8EBF726FE0DF0D6FF0432032073
:10B47000F0B589B0040012980EAD049011980390B5
:10B48000109802906846C0CDC0C02000FFF786FC2F
:10B49000200009B0F0BDC046F0B54E464546DE4638
:10B4A0005746E0B58FB01A9C049021000BA86C3170
:10B4B00008920993FBF7A6FC4A23E26808AE1A40FB
:10B4C00005009046402A00D195E2082A35D00A238B
:10B4D000300018A90293FCF7C1FB071E00D093E2CD
:10B4E0003000FCF7F7FB4A23EA5CC4B2131B594255
:10B4F0004B41DBB20793A24203D04B23EB5CA34248
:10B5000032D12B7C002B03D02522AA5CA2422CD066
:10B510002422AA5CA24228D0089803F09FF90123B4
:10B5200030005B4218A97360FCF798FB071E17D028
:10B5300000222B7C9246019267E0300018A9FCF7AC
:10B540008DFB1023071E0293CAD016222B7C059276
:10B5500000229246019207921632002491465AE048
:10B560003000FCF7B7FBC4B22B7C0022924601925C
:10B57000243293465746002B04D02522AA5CA242CF
:10B5800000D1B0E15A46AA5CA24200D1ABE14E2202
:10B59000AA5CA24200D1EBE0002F00D1A3E14C2233
:10B5A000AA5CA24204D04D22AA5CA24200D076E25C
:10B5B0004246002A00D1ABE0029A102A00D07DE278
:10B5C00000230027019330688368C268934200D348
:10B5D000A9E00133836001235B4273600023C268EA
:10B5E00099468368934200D34EE21898199B00282D
:10B5F00000D1A9E000229246013300D117E1D145E4
:10B6000000D0A9E0BA4601272B7C029A102A00D16B
:10B61000162291460592B54A0D92002B00D001E208
:10B62000012002994042E2F789F864230390EB5C21
:10B630009846002B00D05DE100239B46002F00D0F0
:10B640005EE24B463033DBB298464B460A2B00DDB8
:10B65000A3E02F2C00D843E1A04500D840E1303CC6
:10B66000039BBB4200D3A2E0012330689B46C26823
:10B670008368934200D3AEE00133836001235B42D1
:10B6800073608368C2680024934200D31FE2189855
:10B69000199B002800D1AEE00022013300D1E9E07F
:10B6A000944200D0AEE0012398460D9B18000C3860
:10B6B0000268002A00D0ECE0019A002A03D1524629
:10B6C000002A00D1FFE05A46002A00D1BCE1012245
:10B6D0001C9952420A601B9905320A604246002AB0
:10B6E00007D01B9A12680192022201990A431B9902
:10B6F0000A60049A12CE12C27D4A904200D0D2E172
:10B7000004980FB0F0BCBB46B246A946A046F0BDB7
:10B7100000233068019310330293C26883680027C6
:10B72000934200D255E703689B6A9847012330682B
:10B730005B42736002339946002800D04EE71898A8
:10B74000199B002800D055E701335A425341DBB220
:10B750009A46D14500D155E730687468002801D079
:10B76000631C13D0E4B2002F00D1ADE12B7C02E7C3
:10B77000002F50D0029A0A2A00D010E74346002B2F
:10B7800050D100230193083302931CE78368C268F9
:10B79000934200D3A4E11C78E5E720003038C3B21F
:10B7A000092B5BD8039B0400BB4200D25CE7029BE1
:10B7B0005A465F43E343BB429B415B421A43D3B2C9
:10B7C0009B46019B306801330193C2688368E71987
:10B7D000934200D250E703689B6A98470123306880
:10B7E0005B4201247360002800D04AE71898199B37
:10B7F000002800D050E701335A425341DAB2944254
:10B8000000D150E730687468002802D0631C00D172
:10B8100021E1E4B219E74346002B25D0029B082B17
:10B8200000D1E4E0019B012701330193CBE683685B
:10B83000C268934200D2E2E603685B6A9847431C01
:10B8400000D0DCE65346189301339A46D7E600232E
:10B8500033604B46FF240A2B00DCFDE62300613BEE
:10B86000052B37D8573CFBE600230193083301270B
:10B870000293A8E68368C1688B4200D210E7036890
:10B880005B6A98470022431C00D009E718920132F6
:10B8900006E76B461979002399460DA8EBF752FD90
:10B8A000E968A8680DAA0FF0EFFA002800D1D8E0E7
:10B8B000019B002B00D1DBE00D9B18000C384A46A1
:10B8C000002A00D1FFE600221C990A601B9904326D
:10B8D0000A6003E72300413B052B01D8373CBFE654
:10B8E00000239846E1E6BA4600278EE6043203209C
:10B8F000F8310320002F00D00DE14E239C46AC44CC
:10B900006346069300239B462B7C9946002B03D06D
:10B910002523EB5CA34246D02423EB5CA342DFD07B
:10B920002100069C059A20001DF03AFD0028D7D082
:10B93000001B0F2800DD0638039BBB4255D3029B3A
:10B940005A465F43C343BB429B415B421A43D3B257
:10B950009B46019BC7190133019330688368C26815
:10B9600093422FD20133836001235B42736083686B
:10B97000C2680024934200D3B9E01898199B0028AC
:10B980002ED00022013352D0944200D18DE63000F7
:10B99000FCF7A0F92B7CC4B29946002BBCD0252320
:10B9A000EB5CA342B8D1019B002B00D1B8E0D9B227
:10B9B0000DA8EBF7C7FC002330680193C2688368C9
:10B9C0009342CFD303689B6A9847012330685B4258
:10B9D000444673600028CAD11898199B0028D0D11A
:10B9E00001335A425341DAB2CEE7C346B5E70023EA
:10B9F00001270193E7E50823300018A90293FCF71B
:10BA00002DF9071E00D16BE5029A2B7C9146059219
:10BA10000022924601920792534A00240D92002B75
:10BA200000D1FDE520210DA8EBF786FBF8E5836842
:10BA3000C1688B42A8D303685B6A98470022431C05
:10BA4000A2D1189242469FE7079A002A00D07F426F
:10BA50001C9A176042E68368C268934253D21C78EE
:10BA6000F3E504231B9A1360019B002B00D023E70E
:10BA70000D9B524618000C38002A00D01FE70268C0
:10BA8000002A00D01BE71EE703685B6A9847431C47
:10BA900000D0AAE54B46336001339946A5E5012263
:10BAA00000279246B1E5043B1A68511E1960002A2E
:10BAB00000DD25E60CA9EBF7C9F921E691460592D0
:10BAC000012200279246A6E5BA462B7C9DE5036835
:10BAD0005B6A9847431C00D0D9E534600134D6E551
:10BAE00003685B6A9847431C2AD0C4B23BE60368EC
:10BAF0005B6A9847431C00D03FE7346044463CE70C
:10BB0000B8460027D1E503685B6A9847431C00D11B
:10BB10009DE6C4B299E50023B8469B460027C4E5DC
:10BB20000D9B18000C380268002A14D15246002AD6
:10BB30000AD01C9A0199116004221B990A60D8E569
:10BB40000023FF2433600EE651461C9A1160042244
:10BB50001B990A60CDE50023002198469DE60DA8BB
:10BB6000EBF7A8FA0DF058FC04320320F0B589B0C9
:10BB7000040012980EAD0490119803901098029052
:10BB80006846C0CDC0C02000FFF786FC200009B089
:10BB9000F0BDC046F0B5D6464F464646C0B58CB05F
:10BBA000169F09939A46FB689446984608924A2342
:10BBB00042469A43130008221343FB600BAB0493E5
:10BBC000179B894603936B4606AE029714AA05009D
:10BBD00008AC03CA03C36246494653463000FFF728
:10BBE0005BFC230006CE06C343460B9AFB60189B02
:10BBF00028001A602B0006CC06C30CB0E0BCBA4685
:10BC0000B146A846F0BDC046F0B54E46DE465746A2
:10BC10004546E0B599B0249C0D90210015A86C31E3
:10BC200012921393FBF7EEF84A23E26812AE1A4021
:10BC300005009246402A00D11AE3082A4DD00A2373
:10BC40009846300022A9FCF709F8002800D054E2F9
:10BC50003000FCF73FF84A23EA5CC4B2131B594298
:10BC60004B41DBB21093A24203D04B23EB5CA342C7
:10BC700047D12B7C002B03D02522AA5CA24241D0C5
:10BC80002422AA5CA2423DD0129802F0E7FD0123D3
:10BC900030005B4222A97360FBF7E0FF071E2CD047
:10BCA00000222B7C934601924246102A7AD116221A
:10BCB00091460E92C94A1792002B79D017AB2021DA
:10BCC00018000993EBF738FA109B002B73D101226F
:10BCD000C34B52420692079372E0300022A9FBF751
:10BCE000BDFF102398460028B2D02B7C16229B461D
:10BCF000162390460E93063B03E23000FBF7EAFF63
:10BD0000C4B22B7C002217000192002B04D0252204
:10BD1000AA5CA24200D1EDE12422AA5CA24200D199
:10BD2000E8E14E22AA5CA24200D1FAE0002F00D145
:10BD3000E0E14C22AA5CA24204D04D22AA5CA242BD
:10BD400000D0D7E25246002A00D1BAE04246102A7B
:10BD500000D0EFE200230027019330688368C268B7
:10BD6000934200D3B8E00133836001235B427360E8
:10BD70000023C26899468368934200D3AAE22298BE
:10BD8000239B002800D1B8E000229346013300D164
:10BD900034E1CB4500D0B8E0BB4601272B7C4246BE
:10BDA000102A84D0C1460E928C4A1792002B85D15E
:10BDB000109B002B8BD0802300221B06069207933A
:10BDC00006980799434642461193DB170C93E1F717
:10BDD000F3FC64230F900891EB5C9A46002B00D093
:10BDE000AEE1002F00D0F1E24F46002300223037B1
:10BDF00002920393FBB20A934B460A2B59DC2F2C79
:10BE000000D875E10A9BA34200D871E1303C089943
:10BE1000029A039B8B4206D800D097E013000F9A3A
:10BE2000934200D892E0012330689A46C268836842
:10BE3000934200D3B7E00133836001235B42736018
:10BE40008368C2680024934200D37CE22298239B3B
:10BE5000002800D1B9E00022013300D1F1E0A24274
:10BE60001CD10124179B19000C399C460B680F004C
:10BE7000002B00D0F6E0019B002B03D15B46002B8A
:10BE800000D10EE15346002B00D1F4E1109B002BB2
:10BE900000D11BE2802300221B0604E13068746895
:10BEA000002802D0631C00D1F5E14B46E4B20A2B16
:10BEB000A5DD20003038C3B2092B00D9B5E004005D
:10BEC000A5E700233068019310339846C268836861
:10BED0000027934200D246E703689B6A98470123F4
:10BEE00030685B42736002339946002800D03FE718
:10BEF0002298239B002800D046E701335A42534141
:10BF0000DBB29B46CB4500D146E730687468002819
:10BF100001D0631C13D0E4B2002F00D110E22B7CBF
:10BF2000F3E6002F5ED042460A2A00D001E75346CE
:10BF3000002B5ED100230193083398460DE78368F8
:10BF4000C268934200D310E21C78E5E7029A039B93
:10BF500040460C99E2F7DEFAE31704940593049B3C
:10BF6000059C0290039106980799C01AA141029A74
:10BF7000039B01248B4201D82CD0002404980599FE
:10BF800053462343DBB29A46029B039CC01861418F
:10BF9000019B02900391306801330193C26883686A
:10BFA000934200D247E7036817AA9B6A0992984711
:10BFB000012330685B4201247360002800D03FE712
:10BFC0002298239B002800D045E701335A42534171
:10BFD000DAB244E7029B8342D0D8CEE70432032092
:10BFE000FFFFFF7F5346002B25D04346082B00D18F
:10BFF0003AE1019B012701330193AEE68368C268F1
:10C00000934200D2C5E603685B6A9847431C00D0A0
:10C01000BFE65B46229301339B46BAE600233360BA
:10C020004B46FF240A2B00DCECE62300613B052B8A
:10C0300058D8573CEBE60023019308330127984674
:10C040008BE68368C1688B4200D208E7036817AAB1
:10C050005B6A099298470022431C00D0FFE62292B7
:10C060000132FCE66B4619790023994617AB18009C
:10C070001F000993EBF766F93A00E968A8680EF02B
:10C0800003FF002800D10CE1019B002B00D10FE140
:10C09000179B19000C399C460F004B46002B00D112
:10C0A000F0E60022002326990A604B600423259ABB
:10C0B0001360002C07D0259B1B6801930223019A73
:10C0C0001343259A13600D9B06CE06C3C54B9F42B2
:10C0D00000D022E10D9819B0F0BCBB46B246A9468B
:10C0E000A046F0BD2300413B052B01D8373C8EE62E
:10C0F0000024B7E6BB46002751E62B7C9B4643460F
:10C100000E93B94A17925A46002A00D0F6E0012051
:10C110001A001193B549DB1740420C93E1F74CFB31
:10C1200064230F900891EF5C00231093002F00D13F
:10C1300014E1012200240193AC4B52420692079372
:10C14000002F00D022E1002300229A460023029211
:10C15000039324232F0098462B7C4E379946002BBF
:10C1600003D02523EB5CA34264D04346EB5CA3429F
:10C17000BED0210038000E9A1DF012F90028B7D069
:10C18000C41B0F2C00DD063C0899029A039B8B42CE
:10C1900067D803D113000F9A934262D8029A039B87
:10C1A00011980C99E2F7B6F9E3170B930A940290F1
:10C1B0000391069A079B0A980B99121A8B41012149
:10C1C0008C4602980399994203D800D18DE0002350
:10C1D0009C46534662461343DBB20299039A9A4641
:10C1E0000A9B0B9C5B18544102930394019B0133FF
:10C1F000019330688368C26893422CD20133836014
:10C2000001235B427360300017AB22A90993FBF74F
:10C2100025FD041E00D025E617AB30000993FBF77F
:10C2200059FD2B7CC4B29946002B9ED02523EB5C94
:10C23000A3429AD1019B002B00D1AFE0D9B217AB3A
:10C2400018000993EBF77EF8002330680193C26869
:10C2500083689342D2D3036817AA9B6A09929847CE
:10C26000CEE701239A46C4E700230127019374E532
:10C2700008239846E5E4109B002B06D0029803990A
:10C28000002342428B4102920393029A039B269918
:10C290000A604B600DE78368C26893426CD21C78D9
:10C2A000AAE50423259A1360019B002B00D0EFE63A
:10C2B000179B9C4661465B460C390F00002B00D053
:10C2C000EBE60B68002B00D0E7E6EAE60122474BDD
:10C2D0005242E8E603685B6A9847431C00D04EE58B
:10C2E0004B4633600133994649E50299914200D9A2
:10C2F0006FE76CE701220027934650E5C146984658
:10C3000000235F4601939B46109317AB2021180032
:10C3100000240993EAF710FFD6E4614604390B685C
:10C320005A1E0A60002B00DDD4E6380016A9EAF791
:10C330008DFDCFE60E920122C1460027934633E5DC
:10C34000BB462B7C2BE5036817AA5B6A09929847CA
:10C35000431C00D07AE53460013477E59A46002426
:10C3600000230293039401937BE503685B6A98477B
:10C37000431C24D0C4B2CFE5036817AA5B6A0992B4
:10C380009847431C00D149E6C4B235E5002300229A
:10C390000292039300233C009A4663E5179B190021
:10C3A0000C399C460B680F00002B0CD10022002397
:10C3B00026990A604B600423259A136083E60023C4
:10C3C000FF243360A8E5002400214FE6002200236B
:10C3D0003C000292039345E50998EAF76BFE0DF0E5
:10C3E0001BF8C046F831032004320320FFFFFF7F13
:10C3F000F0B589B0040012980EAD04901198039026
:10C40000109802906846C0CDC0C02000FFF7FCFB2A
:10C41000200009B0F0BDC046F0B54E46DE46574696
:10C420004546E0B595B0209C0A90210011A86C31DA
:10C430000E920F93FAF7E6FC4A23E2680EAE1A401A
:10C4400005009246402A00D1D8E2082A43D00A23A8
:10C4500030001EA99B46FBF701FC071E00D0D6E268
:10C460003000FBF737FC4A23EA5CC4B2131B594285
:10C470004B41DBB20D93A24203D04B23EB5CA342B2
:10C4800040D12B7C002B03D02522AA5CA2423AD0BB
:10C490002422AA5CA24236D00E9802F0DFF90123D2
:10C4A00030005B421EA97360FBF7D8FB071E25D046
:10C4B00000222B7C904604925A46102A73D11622F1
:10C4C00091460B92A74A1392002B72D0202113A8F9
:10C4D000EAF732FE6DE030001EA9FBF7BFFB102328
:10C4E000071E9B46BCD016222B7C0B920022904646
:10C4F00004920D9216320024914656E03000FBF76C
:10C50000E9FBC4B22B7C002217000492002B04D05C
:10C510002522AA5CA24200D1D6E12422AA5CA24232
:10C5200000D1D1E14E22AA5CA24200D1FDE0002F51
:10C5300000D1C9E14C22AA5CA24204D04D22AA5CDF
:10C54000A24200D0B4E25246002A00D1BDE05A46D1
:10C55000102A00D0BCE200230027049330688368CF
:10C56000C268934200D3BBE00133836001235B4286
:10C5700073600023C26898468368934200D38CE2BC
:10C580001E981F9B002800D1BBE00022914601337A
:10C5900000D141E1C84500D0BBE0B84601272B7C63
:10C5A0005A46102A8BD0D9460B926E4A1392002B12
:10C5B0008CD15B465A46DB1701204042C1170793D6
:10C5C000E1F7FAF864230C900591EB5C0693002BDD
:10C5D00000D07CE100239A46002F00D09AE200228E
:10C5E00000234F46009201933037FFB24B460A2B8F
:10C5F00000DDAFE02F2C00D863E1A74200D860E156
:10C60000303C0599009A019B8B4206D800D0ADE0E2
:10C6100013000C9A934200D8A8E0012330689A4690
:10C62000C2688368934200D3C7E00133836001236B
:10C630005B4273608368C2680024934200D350E277
:10C640001E981F9B002800D1C7E00022013300D1B3
:10C6500005E1944200D0C7E001230693139B190023
:10C660000C399C460B680800002B00D006E1049BA7
:10C67000002B03D14346002B00D119E15346002B78
:10C6800000D1DBE101225242D31722990A604B60AC
:10C690000423219A1360069B002B07D0219B1B6863
:10C6A00004930223049A1343219A13600A9B06CE33
:10C6B00006C32D4B984200D0FEE10A9815B0F0BC9D
:10C6C000BB46B246A946A046F0BD0023306804939D
:10C6D00010339B46C26883680027934200D243E729
:10C6E00003689B6A9847012330685B42736002339A
:10C6F0009846002800D03CE71E981F9B002800D0D9
:10C7000043E701335A425341DBB29946C84500D151
:10C7100043E730687468002801D0631C13D0E4B28A
:10C72000002F00D1DAE12B7CF0E6002F68D05A46CA
:10C730000A2A00D0FEE65346002B68D1002304935A
:10C7400008339B460AE78368C268934200D3D1E16D
:10C750001C78E5E720003038C3B2092B73D80400F9
:10C760004FE7C04604320320F8310320009A019BB2
:10C7700058460799E1F7CEFE0B00E11702940391AA
:10C78000020002980399C443C8430121834201D89F
:10C7900033D0002150460843C1B28A46029803991B
:10C7A00080185941049B0090019130680133049333
:10C7B000C2688368934200D237E703689B6A984750
:10C7C000012330685B4201247360002800D031E708
:10C7D0001E981F9B002800D037E701335A4253416F
:10C7E000DAB2944200D137E730687468002802D08A
:10C7F000631C00D132E1E4B2F8E6A242CAD8C8E72D
:10C800005346002B25D05B46082B00D1E7E0049B64
:10C81000012701330493A1E68368C268934200D2E2
:10C82000B8E603685B6A9847431C00D0B2E64B4603
:10C830001E9301339946ADE6002333604B46FF2437
:10C840000A2B00DCD9E62300613B052B33D8573C8B
:10C85000D7E600230493083301279B467EE68368CE
:10C86000C1688B4200D2F4E603685B6A98470022F5
:10C87000431C00D0EDE61E920132EAE66B4600272B
:10C88000197C13A8EAF75EFDE968A86813AA0EF000
:10C89000FBFA002800D1E7E0049B002B00D1EAE07E
:10C8A000139B19000C399C460800002F00D1E5E6C7
:10C8B00000220023E9E62300413B052B01D8373C49
:10C8C0009FE600230693C9E6B846002768E6002FD6
:10C8D00000D02DE14E239946002300229A460023E2
:10C8E00000920193A9442F7C002F03D02523EB5CF9
:10C8F000A34278D02423EB5CA342E2D02100484637
:10C900000B9A1CF04DFD0028DBD04B46C41A0F2CAF
:10C9100000DD063C0599009A019B8B4245D803D166
:10C9200013000C9A934240D8009A019B58460799ED
:10C93000E1F7F0FD0B00E117089409910200089857
:10C940000999C443C8430121834202D800D1A0E021
:10C95000002150460843C1B28A46089809998018B8
:10C960005941049B0090019101330493306883681E
:10C97000C268934220D20133836001235B4273601B
:10C980008368C2680024934200D3BAE01E981F9BBC
:10C9900000281FD00022013343D0944200D15DE62D
:10C9A0003000FBF797F9C4B29DE7069B30689A46C2
:10C9B000C26883689342DED303689B6A9847012369
:10C9C00030685B42069C73600028D9D11E981F9B7B
:10C9D0000028DFD101335A425341DAB2DDE70023A8
:10C9E00001270493BAE5049B002B00D1A7E0D9B23C
:10C9F00013A8EAF7A7FC00230493B7E70823300045
:10CA00001EA99B46FBF72AF9071E00D128E55A46C6
:10CA10002B7C0B920022D9460024904604920D9262
:10CA2000C3E58368C1688B42B7D303685B6A9847E4
:10CA30000022431CB1D11E92069AAEE70D9B002B3B
:10CA400006D00099019A00244B429441009301942E
:10CA5000009B019C229A136054601CE68368C268A4
:10CA600093425DD21C78C1E50423219A1360049B94
:10CA7000002B00D014E7139B9C46614643460C39BB
:10CA80000800002B00D010E70B68002B00D00CE74B
:10CA90000EE7A24200D95CE75AE703685B6A984751
:10CAA000431C00D06CE5434633600133984667E58C
:10CAB00001220027904673E5614604390B685A1E2F
:10CAC0000A60002B00DDF8E512A9EAF7BFF9F4E5EA
:10CAD0000B920122D9460027904666E5B8462B7C8A
:10CAE0005EE503685B6A9847431C00D0A8E53460A4
:10CAF0000134A5E503685B6A9847431C30D0C4B293
:10CB00000EE603685B6A9847431C00D03EE734603A
:10CB1000069C3BE7002300240697009301949DE5C3
:10CB200003685B6A9847431C00D185E6C4B25DE5A3
:10CB3000002300249A460093019406978EE5139BE8
:10CB400019000C399C460B680800002B0CD1002200
:10CB5000002322990A604B600423219A1360A5E503
:10CB60000023FF243360DBE500230021069388E6E1
:10CB700013A8EAF79FFA0CF04FFCC046F0B589B055
:10CB8000040012980EAD0490119803901098029032
:10CB90006846C0CDC0C02000FFF73EFC200009B0B1
:10CBA000F0BDC046F0B5DE46454657464E46E0B5B8
:10CBB00093B00C926C2294460D931E9B0890634494
:10CBC00018009846F8F72CF98346C348E5F7E8F9CA
:10CBD0001E9B0CACDA6E8300D5680600ED182F683A
:10CBE000002F00D1FFE238239C46BC4463460693E5
:10CBF0003B6A002B03D0BB6A5A1E9341DBB2B74D90
:10CC00000B930F953B7C002B03D020210FA8EAF754
:10CC100093FA202110A81095EAF78EFA39239A4644
:10CC20007B6B0025119300230393059309930793CE
:10CC30000A93AB4BBA4499461C21039A0AAB5B1882
:10CC40009B5C042B00D94AE3A64A9B00D3589F461D
:10CC50000126039B032B00D1BEE0206863680028F7
:10CC600000D143E100229046013300D16BE11C98D2
:10CC70001D9B002800D043E101335A425341DAB2F0
:10CC8000904500D043E1039B01330393042B00D173
:10CC9000A2E0002ED0D11F9B1B6803930423039AAC
:10CCA00013431F9A136020001CA9FAF7D7FF00282E
:10CCB00007D01F9B1B6803930223039A13431F9AF9
:10CCC0001360089B06CC06C3109B874C18000C38D9
:10CCD000A04200D018E30F9B18000C38A04200D0EF
:10CCE00003E3089813B0F0BCBB46B246A946A04681
:10CCF000F0BD20686368002851D00026013300D1C0
:10CD00007EE11C981D9B002851D00022013300D1E8
:10CD100084E1B24251D020686168002802D04B1CE7
:10CD200000D18AE1CBB2FF20984601400A2250464A
:10CD30001CF036FB002800D115E1069BC01A4B46BB
:10CD40001B681B5C0493109B1A000C3A1168884600
:10CD50004E1C51688E4203D89268002A00DC4DE1D7
:10CD6000310010A8EAF7E8F9109B1A000C3A126893
:10CD700004999954109B5C4A04930C3B934200D055
:10CD8000A3E0013520688368C268934200D324E1A0
:10CD90000133836001235B4263600028ADD15E1CD8
:10CDA00073425E411C981D9BF6B20028ADD1013341
:10CDB0005A425341DAB2B242ADD10126109B0493DC
:10CDC0000C3B1B685A1E93415B421E40039B013380
:10CDD0000393042B00D05CE7079B012B00D853E1A1
:10CDE000002E00D157E70A9B002B00D0F2E1FB692F
:10CDF000984600239A46013B0126994610E0424698
:10CE0000925DDBB29A4200D045E720688368C26831
:10CE1000934200D3E3E1013383604B460136636004
:10CE200020001CA9FAF71AFF079B002800D058E23F
:10CE30009E4200D12BE1206863680028DFD05A1C95
:10CE4000DDD18368C268934200D3CBE24246915D54
:10CE50001A789142DFD01EE73B6A002B00D094E1A4
:10CE6000BB6A002B00D0FCE101260B9B5E400AE769
:10CE70001E9BDB6804939B0500D53DE1079B012BBE
:10CE800000D939E1039B002B00D135E1012B00D102
:10CE90008BE2039B0126022B00D0F4E60AABDB7F7A
:10CEA000042B00D128E10B9A002A02D0032B00D1D9
:10CEB00022E103230393BFE620001CA9FAF7CEFE6C
:10CEC000002800D173E10026C3E600221E609A60AC
:10CED00043445A7355E7C0460C3203200432032002
:10CEE000BC21002038C30410F831032001335A421A
:10CEF0005341DBB298461C981D9B002800D1BBE62D
:10CF00000022013300D1A3E0904500D1BBE62068A8
:10CF10006368002802D05A1C00D1A8E0FF20184006
:10CF20005B469B691B5C1B0700D4ACE620688368EA
:10CF3000C268934200D31FE10133836001235B4247
:10CF400063600028D2D00023C26898468368934269
:10CF5000D1D303685B6A9847431CCCD14346236016
:10CF600001339846C7E77B7C43453BD03E7C002E8F
:10CF700000D122E7BB7C434500D01FE7059B002B77
:10CF800000D0CCE1002D00D1CBE10F9BEDB21A0017
:10CF90000C3A116888464E1C51688E4202D892683D
:10CFA000002A53DD31000FA8EAF7C6F80F9B1A00DC
:10CFB0000C3A12689D540F9BD14A04930C3B0025F8
:10CFC000934200D1DEE69D601E6043445D7320689D
:10CFD0008368C268934200D2DAE603689B6A984786
:10CFE0002068D7E6059B002BC0D1FB6A002B00DC34
:10CFF000E3E60123099505930025C3E64246B7E61B
:10D000008368C268934200D27BE603685B6A9847F4
:10D01000431C00D075E62660013672E68368C1685D
:10D020008B4200D275E603685B6A98470022431C76
:10D0300000D06EE61C9201326BE68368C2689342B0
:10D0400000D320E11B78984619006FE64246B1E70D
:10D050008368C1688B4200D256E703685B6A9847D1
:10D060000022431C00D04FE71C9201324CE783683A
:10D07000C268934200D356E159461A7889698A5C9E
:10D08000120700D558E7FEE5002E00D103E6109BFD
:10D090000C3B1B68012B00D9CAE00A9B002B00D077
:10D0A000FCE00F9B0C3B1B68002B19D0059B002B51
:10D0B00000D192E06B4624229B1819780FA8EAF75A
:10D0C00041F9F968B8680FAA0DF0DEFE002807D113
:10D0D0001F9B1B6803930423039A13431F9A136037
:10D0E000059B002B03D0FB6AAB4200D0D3E5209810
:10D0F00010A9E9F719FED6E5BB6904930023984609
:10D1000012E041467A69DBB2525C9A4228D120682B
:10D110008368C268934234D20133836001235B4247
:10D12000636002339C46E04420001CA9FAF796FD98
:10D13000061E049B00D0C9E0984500D1CFE02068CE
:10D1400063680028DDD05A1CDBD18368C268934233
:10D1500000D33DE141467A69515C1A789142DBD0B7
:10D1600043460026002B00D08DE51E9B0136DB6870
:10D1700004935B0A9E4386E503689B6A9847206890
:10D18000DCE603689B6A9847C8E720001CA9FAF709
:10D1900065FD002800D1D0E0BB6A002B61D13B6A5D
:10D1A000002B00D160E6012301260A936BE52000E5
:10D1B000FAF790FD5A46FF2392690340D35C1B07A0
:10D1C00000D480E6206801F049FB01235B42012680
:10D1D00063603EE57B6A98460BE6E9B26EE703685A
:10D1E0009B6A984719E64420E1F760FC454B002212
:10D1F0000360002343608360C360038243618361F3
:10D20000C361036243628362C36203634363433364
:10D2100082744146C2540700F8F7E4F91E9B3900B6
:10D22000DB6E320018000393E4F73CFE2F68DAE46B
:10D230000022302110A8E9F78BFD002800D12CE74F
:10D24000431C00D1D8E0109B03930C3B1B680200E9
:10D25000984200D9BAE00023002110A8E9F7FAFDAE
:10D260001BE720001CA9FAF7F9FC002878D03B6ADC
:10D27000002B00D1F8E5BB6A002B00D0F4E50123B8
:10D280001E000A93FFE403685B6A9847431C00D1C1
:10D29000B8E0FF21C3B29846014047E5109B1A0051
:10D2A0000C3A9268002A70DA1B78302B00D1F8E62D
:10D2B0002D230022009300212C3B10A8E9F768FEE3
:10D2C0000122109B52420C3B9A60EAE6984500D13D
:10D2D000D9E443460026002B00D0D4E445E70126DC
:10D2E000D1E49E4200D0D6E4D1E6043B1A68511E38
:10D2F0001960002A00DDF4E410A9E9F7A7FDF0E4C5
:10D30000F8310320B89D0410043B1A68511E1960BF
:10D31000002A00DDDFE40EA9E9F798FDDBE4059EB5
:10D320004CE500264AE503685B6A98470300421C07
:10D3300000D0F3E500222260F0E52000FAF7CAFCF5
:10D34000FB69C0B21B78834200D025E73B6A2068A6
:10D35000079301F083FA01235B420126636092E4A4
:10D360002000FAF7B7FC7B6AC0B21B78834200D07A
:10D370007DE7BB6A2068079301F070FA01235B42E6
:10D380006360023301260A937DE410A8E9F7E8FD03
:10D39000109B1A78302A00D183E60C3B9B68002B47
:10D3A00086DB10A8E9F7DCFD82E70B9B002B00D0A1
:10D3B000A2E60AAB1B7F032B00D19DE60AAB9B7F45
:10D3C000012B00D198E60223039335E41A0042E7CB
:10D3D00003685B6A98470300421C00D091E6002274
:10D3E00022608EE603685B6A98470300421C00D007
:10D3F00005E55246226002E5109B03930C3B1B6837
:10D40000581E24E700232360FF33FF2198468DE454
:10D410000CF09EF93B6838005B6898470CF022FEE0
:10D420000CF096F9FAE70CF0CDF90BF0F5FF10A827
:10D43000E9F740FE0FA8E9F73DFE0BF0EDFFF9E735
:10D44000F0B5DE46454657464E46E0B593B00C92E1
:10D450006C2294460D931E9B0890634418009846D6
:10D46000F7F7DEFC8346C348E4F79AFD1E9B0CAC3D
:10D47000DA6E8300D5680600ED182F68002F00D102
:10D48000FFE238239C46BC44634606933B6A002B6C
:10D4900003D0BB6A5A1E9341DBB2B74D0B930F9575
:10D4A0003B7C002B03D020210FA8E9F745FE20216B
:10D4B00010A81095E9F740FE39239A467B6B0025AA
:10D4C0001193002303930593099307930A93AB4B9E
:10D4D000BA4499461C21039A0AAB5B189B5C042B47
:10D4E00000D94AE3A64A9B00D3589F460126039BD6
:10D4F000032B00D1BEE020686368002800D143E11F
:10D5000000229046013300D16BE11C981D9B00283E
:10D5100000D043E101335A425341DAB2904500D082
:10D5200043E1039B01330393042B00D1A2E0002EBF
:10D53000D0D11F9B1B6803930423039A13431F9AA4
:10D54000136020001CA9FAF789FB002807D01F9B55
:10D550001B6803930223039A13431F9A1360089BCB
:10D5600006CC06C3109B874C18000C38A04200D094
:10D5700018E30F9B18000C38A04200D003E3089872
:10D5800013B0F0BCBB46B246A946A046F0BD206829
:10D590006368002851D00026013300D17EE11C9839
:10D5A0001D9B002851D00022013300D184E1B242FA
:10D5B00051D020686168002802D04B1C00D18AE15C
:10D5C000CBB2FF20984601400A2250461BF0E8FEED
:10D5D000002800D115E1069BC01A4B461B681B5C56
:10D5E0000493109B1A000C3A116888464E1C51682F
:10D5F0008E4203D89268002A00DC4DE1310010A869
:10D60000E9F79AFD109B1A000C3A12680499995494
:10D61000109B5C4A04930C3B934200D0A3E001357D
:10D6200020688368C268934200D324E10133836099
:10D6300001235B4263600028ADD15E1C73425E41F2
:10D640001C981D9BF6B20028ADD101335A425341BC
:10D65000DAB2B242ADD10126109B04930C3B1B6899
:10D660005A1E93415B421E40039B01330393042BDC
:10D6700000D05CE7079B012B00D853E1002E00D1BE
:10D6800057E70A9B002B00D0F2E1FB699846002384
:10D690009A46013B0126994610E04246925DDBB274
:10D6A0009A4200D045E720688368C268934200D35D
:10D6B000E3E1013383604B460136636020001CA91F
:10D6C000FAF7CCFA079B002800D058E29E4200D11E
:10D6D0002BE1206863680028DFD05A1CDDD1836805
:10D6E000C268934200D3CBE24246915D1A789142E0
:10D6F000DFD01EE73B6A002B00D094E1BB6A002B11
:10D7000000D0FCE101260B9B5E400AE71E9BDB6814
:10D7100004939B0500D53DE1079B012B00D939E11E
:10D72000039B002B00D135E1012B00D18BE2039B41
:10D730000126022B00D0F4E60AABDB7F042B00D1DC
:10D7400028E10B9A002A02D0032B00D122E1032307
:10D750000393BFE620001CA9FAF780FA002800D145
:10D7600073E10026C3E600221E609A6043445A73A8
:10D7700055E7C0460832032004320320BC210020B4
:10D780004CC30410F831032001335A425341DBB239
:10D7900098461C981D9B002800D1BBE6002201334F
:10D7A00000D1A3E0904500D1BBE620686368002863
:10D7B00002D05A1C00D1A8E0FF2018405B469B69AC
:10D7C0001B5C1B0700D4ACE620688368C2689342E8
:10D7D00000D31FE10133836001235B4263600028B3
:10D7E000D2D00023C268984683689342D1D303689D
:10D7F0005B6A9847431CCCD143462360013398466B
:10D80000C7E77B7C43453BD03E7C002E00D122E71E
:10D81000BB7C434500D01FE7059B002B00D0CCE12B
:10D82000002D00D1CBE10F9BEDB21A000C3A11682C
:10D8300088464E1C51688E4202D89268002A53DDF9
:10D8400031000FA8E9F778FC0F9B1A000C3A126818
:10D850009D540F9BD14A04930C3B0025934200D169
:10D86000DEE69D601E6043445D7320688368C26885
:10D87000934200D2DAE603689B6A98472068D7E6AD
:10D88000059B002BC0D1FB6A002B00DCE3E60123E3
:10D89000099505930025C3E64246B7E68368C2684A
:10D8A000934200D27BE603685B6A9847431C00D032
:10D8B00075E62660013672E68368C1688B4200D245
:10D8C00075E603685B6A98470022431C00D06EE649
:10D8D0001C9201326BE68368C268934200D320E158
:10D8E0001B78984619006FE64246B1E78368C16825
:10D8F0008B4200D256E703685B6A98470022431CBC
:10D9000000D04FE71C9201324CE78368C268934213
:10D9100000D356E159461A7889698A5C120700D506
:10D9200058E7FEE5002E00D103E6109B0C3B1B6878
:10D93000012B00D9CAE00A9B002B00D0FCE00F9B12
:10D940000C3B1B68002B19D0059B002B00D192E0EB
:10D950006B4624229B1819780FA8E9F7F3FCF968A5
:10D96000B8680FAA0DF090FA002807D11F9B1B681A
:10D9700003930423039A13431F9A1360059B002B00
:10D9800003D0FB6AAB4200D0D3E5209810A9E9F799
:10D99000CBF9D6E5BB6904930023984612E04146D3
:10D9A0007A69DBB2525C9A4228D120688368C268E7
:10D9B000934234D20133836001235B4263600233BC
:10D9C0009C46E04420001CA9FAF748F9061E049B77
:10D9D00000D0C9E0984500D1CFE0206863680028F6
:10D9E000DDD05A1CDBD18368C268934200D33DE18D
:10D9F00041467A69515C1A789142DBD04346002651
:10DA0000002B00D08DE51E9B0136DB6804935B0A7A
:10DA10009E4386E503689B6A98472068DCE60368B6
:10DA20009B6A9847C8E720001CA9FAF717F9002855
:10DA300000D1D0E0BB6A002B61D13B6A002B00D142
:10DA400060E6012301260A936BE52000FAF742F90C
:10DA50005A46FF2392690340D35C1B0700D480E63B
:10DA6000206800F0FBFE01235B42012663603EE577
:10DA70007B6A98460BE6E9B26EE703689B6A9847B3
:10DA800019E64420E1F712F8454B00220360002319
:10DA900043608360C360038243618361C361036247
:10DAA00043628362C36203634363433382744146C8
:10DAB000C2540700F7F7BCFF1E9B3900DB6E320033
:10DAC00018000393E4F7EEF92F68DAE4002230211E
:10DAD00010A8E9F73DF9002800D12CE7431C00D13C
:10DAE000D8E0109B03930C3B1B680200984200D9BE
:10DAF000BAE00023002110A8E9F7ACF91BE72000E9
:10DB00001CA9FAF7ABF8002878D03B6A002B00D1AB
:10DB1000F8E5BB6A002B00D0F4E501231E000A9350
:10DB2000FFE403685B6A9847431C00D1B8E0FF211B
:10DB3000C3B29846014047E5109B1A000C3A926820
:10DB4000002A70DA1B78302B00D1F8E62D23002252
:10DB5000009300212C3B10A8E9F71AFA0122109B30
:10DB600052420C3B9A60EAE6984500D1D9E443461C
:10DB70000026002B00D0D4E445E70126D1E49E42E4
:10DB800000D0D6E4D1E6043B1A68511E1960002A81
:10DB900000DDF4E410A9E9F759F9F0E4F8310320C5
:10DBA000C89D0410043B1A68511E1960002A00DD4C
:10DBB000DFE40EA9E9F74AF9DBE4059E4CE500260F
:10DBC0004AE503685B6A98470300421C00D0F3E50E
:10DBD00000222260F0E52000FAF77CF8FB69C0B271
:10DBE0001B78834200D025E73B6A2068079300F04A
:10DBF00035FE01235B420126636092E42000FAF7C0
:10DC000069F87B6AC0B21B78834200D07DE7BB6AAB
:10DC10002068079300F022FE01235B426360023319
:10DC200001260A937DE410A8E9F79AF9109B1A7867
:10DC3000302A00D183E60C3B9B68002B86DB10A8C2
:10DC4000E9F78EF982E70B9B002B00D0A2E60AAB26
:10DC50001B7F032B00D19DE60AAB9B7F012B00D1DC
:10DC600098E60223039335E41A0042E703685B6AEF
:10DC700098470300421C00D091E6002222608EE605
:10DC800003685B6A98470300421C00D005E55246D2
:10DC9000226002E5109B03930C3B1B68581E24E78F
:10DCA00000232360FF33FF2198468DE40BF050FDE5
:10DCB0003B6838005B6898470CF0D4F90BF048FDDE
:10DCC000FAE70BF07FFD0BF0A7FB10A8E9F7F2F9DC
:10DCD0000FA8E9F7EFF90BF09FFBF9E7F0B58DB06E
:10DCE000099314AB1B780892274A0AAF08AC0500C9
:10DCF0008C460A9206AE0497002B26D0169B12AAD9
:10DD00000393159B02936B4603CA03C3614630001D
:10DD1000089A6368FEF746FF230006CE06C30A9EF4
:10DD2000E3F794FE169A17990B900BAB30000CF0AA
:10DD300091FD2B0006CC06C30A9B144A18000C3830
:10DD4000904211D128000DB0F0BD169B12AA03938A
:10DD5000159B02936B4603CA03C361463000089AC1
:10DD60006368FFF76DFBD7E7043B1A68511E196023
:10DD7000002AE7DC0BA9E9F769F8E3E73800E9F7DF
:10DD800099F90BF049FBC04604320320F831032017
:10DD9000F0B557464546DE464E46E0B58DB0050027
:10DDA000199809936C3018AB1F788A460892F7F7D8
:10DDB00037F80BAB9846474B08AC06000B93002F87
:10DDC0004DD0434604931A9B16AA0393199B06AFA2
:10DDD00002936B4603CA03C351463800089A63682E
:10DDE000FEF7E0FE230006CF06C30B9B18000C389D
:10DDF0000768002F25D0002239001B98E9F786FA22
:10DE00000B9BBB4699461B9BCB441B689A460C3B1D
:10DE10009B68002B35DA337F012B08D0002B37D0DD
:10DE20003368DB691A009C462B4B9A4234D1CB45B0
:10DE300038D03A0049465046E0F732FE0B9B1800B6
:10DE40000C382A0042CC42C2244A904233D12800E6
:10DE50000DB0F0BCBB46B246A946A046F0BD434655
:10DE600004931A9B16AA0393199B06AF02936B4661
:10DE700003CA03C351463800089A6368FFF7E0FA03
:10DE8000B0E71B98E9F76CF81B9B1B689A46C2E742
:10DE90003000E9F7F1FEC3E7300053465A464946E1
:10DEA0006646B0470B9B2A00180042CC42C20B4A80
:10DEB0000C389042CBD0043B1A68511E1960002ADE
:10DEC000C5DC0AA9E8F7C2FFC1E74046E9F7F2F866
:10DED0000BF0A2FA04320320057C0110F831032074
:10DEE00070B5037904001500002B05D100680368A4
:10DEF0001B6B9847854201D1200070BD012323711F
:10DF0000FAE7C046F0B54E464546DE465746E0B510
:10DF1000050008208FB004AF3C18636048231B182D
:10DF2000DB1940CBBA601B789B4650231B18DB19CA
:10DF30001B789846F3689946DB071ED44346009643
:10DF4000029308265B461030019380196368BA6813
:10DF5000C019F8F795FF3B6ABB602423FB181B78B8
:10DF600023712B002800BD4606CC06C30BB0F0BCC5
:10DF7000BB46B246A946A046F0BD08220C2331009C
:10DF80009B18D8196C31F8F73DFF4346002B36D06B
:10DF900043697B6083699A46B3689A4536DA52468C
:10DFA0009B1A6A4698460733DB08DB00D31A9D4666
:10DFB00004AB4246180059463B60E0F76BFD002376
:10DFC0004A46B360B0331340202B32D02379BE6869
:10DFD0009946002B0FD13368424630001B6B3968DD
:10DFE0009847804554D13368524630001B6B79689E
:10DFF000984782454CD14B46BE602371B1E7C36957
:10E000007B60036A9A46B3689A45C8DB0023B36015
:10E010002379BE689846002B07D1336852463000FA
:10E020001B6B79689847824535D14346BE602371A2
:10E0300097E70820083B1B18DE193300220003CAAB
:10E0400003C3524679683000FFF74AFF08201023C7
:10E050001B1808223100D819E0F722FDBA69210007
:10E06000BA6032003B7F237109C909C24246396850
:10E070003000FFF735FF082010231B18D81908229D
:10E080003100E0F70DFDBB69BB603B7F237168E7A2
:10E0900001239946AFE701239846C6E70122244BA6
:10E0A0001968114200D11A600122224B19681142ED
:10E0B00000D11A600122204B1968114200D11A6068
:10E0C00001221E4B1968114200D11A6001221C4B1B
:10E0D0001968114200D11A6001221A4B19681142C5
:10E0E00000D11A600122184B1968114200D11A6040
:10E0F0000122164B1968114200D11A600122144BFB
:10E100001968114200D11A600122124B196811429C
:10E1100000D11A600122104B1968114200D11A6017
:10E1200001220E4B1968114200D11A607047C04697
:10E13000AC210320B02103203C22032044220320F1
:10E14000242203200C22032014220320BC210320BC
:10E15000342203202C2203201C220320042203202B
:10E1600010B50400044B0360044B04300360F6F761
:10E17000B5F8200010BDC04608C90410D4C0041072
:10E1800010B5040003680C3B1868054B2418236085
:10E19000044B201D6360F6F7A1F8200010BDC046B7
:10E1A00008C90410D4C0041010B50400054B036066
:10E1B000054B04300360F6F791F82000E0F77EFC91
:10E1C000200010BD08C90410D4C0041010B504000C
:10E1D00003680C3B1868064B24182360054B201D70
:10E1E0006360F6F77BF82000E0F768FC200010BDC4
:10E1F00008C90410D4C0041010B50400044B036017
:10E20000044B04300360F6F769F8200010BDC046E7
:10E2100038C90410E4C0041010B5040003680C3BB6
:10E220001868054B24182360044B201D6360F6F723
:10E2300055F8200010BDC04638C90410E4C00410D1
:10E2400010B50400054B0360054B04300360F6F77E
:10E2500045F82000E0F732FC200010BD38C904105A
:10E26000E4C0041010B5040003680C3B1868064BAA
:10E2700024182360054B201D6360F6F72FF820005B
:10E28000E0F71CFC200010BD38C90410E4C00410E5
:10E2900070B59C2406000B000122084D02C0A400AA
:10E2A00000E00430990F594069438B180132036034
:10E2B000A242F6D19C231B01F25070BD6589076C08
:10E2C00030B50C00050083B02000114900F00EFEAF
:10E2D000002805D020000F4900F008FE002805D1D5
:10E2E0000D492800FFF7D4FF03B030BD246801A911
:10E2F0000022200011F078FE23780100002B03D0CB
:10E30000019B1B78002BECD00448F5F7D1FEC046EA
:10E310008C950410B0C9041071150000B8C9041020
:10E3200010B5FFF7CDFF10BD70B59C259C222D01C7
:10E33000435904009200934212D29C22591C9B0024
:10E3400018591201C30AA1504340074AD80110408E
:10E350004340064AD80310405840830C584070BDD3
:10E36000D4F762FA6359E8E780562C9D0000C6EFA7
:10E3700010B5FFF7D9FF10BDF0B505000C009DB03A
:10E3800000AF641B69220F49381DE0F789FB2300A9
:10E390006A467033DB08DB00D31A9D466E4668225E
:10E3A000391D3000E0F77CFB300022002900683086
:10E3B000E0F776FB00233419683430002370F5F75A
:10E3C00013FEC046ECC90410F0B557464546DE467C
:10E3D0004E46E0B583B000AF84B0EA460C23534408
:10E3E00099461D00164B834614009846796020001C
:10E3F0000A21DFF7A3F943465B5C013D20000A21B7
:10E400002B70DFF79BF926000400092EEFD84B464E
:10E410005D1B7B689D420FD85346591B2A00584606
:10E420000C31E0F73DFB2800BD4603B0F0BCBB4615
:10E43000B246A946A046F0BD01256D42F3E7C046AD
:10E4400058CA0410F0B5C64600B515001278013957
:10E45000070004004618002A46D0B0420AD2252AF6
:10E460000CD02A782270013501342A78002A1FD076
:10E47000B442F4D321003800FFF77EFF6A78732A94
:10E480001CD07A2A03D0252AEBD10135EAE7AA78F5
:10E49000752AE6D104CB2000311B9846FFF794FF84
:10E4A0000028E7DDEA78033543462418002ADFD147
:10E4B000E01B0023237080BCB846F0BD02CB0A7875
:10E4C0009C46002A0DD0A642D4D9230001E09E42EA
:10E4D000D0D01800013102700A7801331C00002AE4
:10E4E000F5D163460235C0E70020E2E77047C04639
:10E4F0007047C04601225242D31702604360002396
:10E500008360C3607047C04682B0009201930122CD
:10E510005242D3170260436000238360C36002B09D
:10E520007047C046002070470020704701204042DD
:10E530007047C046012040427047C046012040421B
:10E540007047C0467047C0467047C04601225242DD
:10E55000D3170260436000238360C3607047C046E6
:10E5600082B00092019301225242D31702604360AD
:10E5700000238360C36002B07047C046002070472C
:10E5800000207047012040427047C04601204042B1
:10E590007047C046012040427047C04610B5040095
:10E5A000034B03601C30E3F7DDFA200010BDC046CA
:10E5B0006CCA041010B50400034B03601C30E3F771
:10E5C000D1FA200010BDC046ACCA041010B504003A
:10E5D000044B03601C30E3F7C5FA2000E0F76EFA45
:10E5E000200010BD6CCA041010B50400044B036079
:10E5F0001C30E3F7B7FA2000E0F760FA200010BD06
:10E60000ACCA0410F8B54746CE46060080B5904621
:10E610000F000025002A19DD164B9946B469706970
:10E62000844219D04346241A5B1BA4109C4200DD8F
:10E630001C00002C04D02200390014F07DF8706911
:10E640002D19A40000197061A84504DC2800C0BC85
:10E65000B946B046F8BD3F1933685B6B4B45F5D002
:10E66000300039689847431CF0D001350437A8457D
:10E67000D4DCEBE795E50210F8B54746CE46050039
:10E6800080B590460F000024002A15DD144B9946F2
:10E690006869AB691A1A834214D043461E1B96421E
:10E6A00000DD160032003900E0F7FAF96B69A419B1
:10E6B0009B196B61A04504DC2000C0BCB946B04684
:10E6C000F8BDBF192B685B6B4B45F5D02800397836
:10E6D0009847431CF0D001340137A045D8DCEBE764
:10E6E0003DE502100368084A5B6A10B504009342D6
:10E6F00002D10120404210BD9847431CF9D0A368C5
:10E7000001CBA360F7E7C04685E502100368084A1D
:10E710005B6A10B50400934202D10120404210BD53
:10E720009847431CF9D0A36818780133A360F6E733
:10E730002DE50210F0B546464F46D6468846C0B590
:10E7400000250600171E16DD1D4B99461D4B9A46E7
:10E75000B168F3685A1A8B4213D07C1B944200DDD7
:10E76000140022004046E0F79BF9B3682D191B19ED
:10E77000B360AF4222DC2800E0BCBA46B146A846EE
:10E78000F0BD444633689A6A4A4511D15B6A5345E5
:10E79000F1D030009847431CEDD0B36818780133AE
:10E7A000B360631C013598462070AF42D0DCE2E7CD
:10E7B00030009047431CDED0C0B2F2E74444E1E7AA
:10E7C0000DE702102DE50210F0B546464F46D6463D
:10E7D0009046C0B5002506000F00002A1BDD1D4B2A
:10E7E00099461D4B9A46F468B1688C421AD043464C
:10E7F000641A5B1BA4109C4200DD1C00002C04D09A
:10E800002200380013F098FFB1682D19A4000919EF
:10E81000B160A84505DC2800E0BCBA46B146A84670
:10E82000F0BD3F1933689A6A4A4510D15B6A534577
:10E83000F1D030009847431CEDD0B36801CBB360F2
:10E84000431CE8D0013501C7A845CCDCE3E7300024
:10E850009047F5E7E5E6021085E502108368C26897
:10E8600010B50400934203D218780133A36010BDA1
:10E87000036809499A6A8A4206D15B6A074A934249
:10E8800004D101204042F2E79047F0E79847431C4B
:10E89000F7D0A368E8E7C0460DE702102DE50210A7
:10E8A0008368C26810B50400934202D201CBA36012
:10E8B00010BD036808499A6A8A4206D15B6A074A12
:10E8C000934204D101204042F2E79047F0E7984795
:10E8D000431CF7D0A368E9E7E5E6021085E50210DE
:10E8E0008023086810B5DB05984210D290420AD9FF
:10E8F0005200904207D29A4203D3064A18000A6097
:10E9000002E010000A600130E0F7D0F810BD0248C4
:10E91000F5F782FBFFFFFF3F4CCB041030B583B00F
:10E92000150004000A0001910F290ED80068002A82
:10E9300006D0012A11D02900E0F7ACF8019A20682E
:10E9400000236260835403B030BD002201A9FFF7A9
:10E95000C7FF019A2060A260E9E70570019A20686C
:10E96000EEE7C046F0B54F464646DE46C0B51F004E
:10E9700043680E00891882B08946591A88460A9958
:10E9800004008A1AD21808239B4603688344019224
:10E990009B453BD08268200001A9FFF7A1FF05003D
:10E9A000002E05D02168012E2DD03200E0F778F836
:10E9B000002F09D00A9B002B06D0A819012B27D0C5
:10E9C00039000A9AE0F76CF84346002B0AD00A9BFC
:10E9D0002168F018434628184944012B10D04246BC
:10E9E000E0F75EF82068834501D0E0F767F8019B07
:10E9F0002560A36002B0E0BCBB46B146A846F0BDAE
:10EA00000B780370EEE70B780370D1E70F22C2E7B3
:10EA10003B780370D8E7C046436870B58E18150080
:10EA200004009A1BB34209D0002D07D00368581880
:10EA30009919012A08D01AF05BFD63680021226849
:10EA40005B1B6360D15470BD0B7803706368F5E79E
:10EA500070B5436882B004000191994201D2190057
:10EA60000193250026680835B54230D0A2688A4255
:10EA700011D012D30F2910D8B5420CD05A1C002B3C
:10EA80002BD0002A03D031002800E0F709F830002D
:10EA9000E0F714F8256002B070BD200001A9FFF76F
:10EAA0001FFF636806005A1C2068002B11D0002A43
:10EAB00007D1854201D0E0F701F8019B2660A360F1
:10EAC000E9E701003000DFF7EBFF2068F1E70F22F4
:10EAD000CDE7037833702068EBE733782372D6E70D
:10EAE000F0B5CE46474680B583B01D000AAB1B7813
:10EAF000884626499946436851180400C91A8D4230
:10EB000041D821000068AE1A0831F618884234D086
:10EB1000A168B14223D3414651185F1A8B420BD0F2
:10EB2000AA4209D00100414448198918012F20D078
:10EB30003A001AF0DDFC2068002D07D04044012D7A
:10EB40001DD02A004946DFF7A5FF20680023666034
:10EB50008355200003B0C0BCB946B046F0BD2000CC
:10EB6000002341460095FFF7FDFE2068002DEDD003
:10EB7000E4E70B7803702068DEE70F21C9E74B4616
:10EB800003702068E2E70248F5F746FAFFFFFF3F0F
:10EB9000F4AA041000B50B00416883B0994206D373
:10EBA00003D9002102684360D15403B000BD009234
:10EBB0005B1A0022FFF794FFF7E7C046F0B557460F
:10EBC0004E464546DE46E0B515001F0083B05B4B60
:10EBD00042680C9EEB1804009B1A9E4200D9AAE0E2
:10EBE000731B9946904603680830C844834251D04D
:10EBF000A068404543D358186918511A82468B467D
:10EC0000BB4225D95B46002B0BD0B54209D05346F9
:10EC1000290098195B465144012B54D05A461AF0EA
:10EC200067FC002E06D0012E30D03200390050464D
:10EC3000DFF736FF43464146636020000023226829
:10EC4000535403B0F0BCBB46B246A946A046F0BD43
:10EC50009B189F42D6D8002E24D0B5421CD2002942
:10EC600025D15544BB199D4233D3012E0ED0002E21
:10EC7000E0D03200390050461AF03AFCDAE73B00A7
:10EC80002A0020000096FFF76DFED3E752463B783E
:10EC90001370CFE70F20ACE7012E3CD032003900D3
:10ECA0001AF026FC5B46002BC4D0B542C2D05346B6
:10ECB000981959195B46012B08D05A461AF018FCCE
:10ECC000B542CED3B6E70B780370AAE70B78037092
:10ECD000F6E7BD420AD839004944012E24D0002E5F
:10ECE000A8D032005046DFF7DBFEA3E7ED1B012D75
:10ECF00016D0002D04D02A00390050461AF0F8FB37
:10ED00005346721B58199919012A11D0002A91D023
:10ED1000DFF7C6FE8EE73B7803700029D0D0C4E74A
:10ED200052463B781370EBE752460B78137081E73D
:10ED30000B7803707EE70248F5F76EF9FFFFFF3F9F
:10ED400064CB041070B504002300466800680833E3
:10ED500082B0B518984219D0A3689D420DD8002AF8
:10ED600005D08019012A13D0DFF79AFE206800230E
:10ED700065604355200002B070BD0B00200000927A
:10ED800031000022FFF7EEFD2068F0E70F23E4E7F3
:10ED90000B7803702068EAE770B506007468080015
:10EDA0001D00A34213D8E41A94420AD8002C06D0BE
:10EDB00031684919012C07D02200DFF771FE2000CD
:10EDC00070BD141EFBD0F3E70B780370F7E7230048
:10EDD0002A0002490248F5F737F9C046C8AA0410CC
:10EDE00090AA0410F0B5CE46474680B504000D0049
:10EDF00085B0884215D0070006680837B74215D09D
:10EE00008368096898462B000833994234D0016022
:10EE1000AB682E6083604346AB6062686B6863607A
:10EE20006A6005B0C0BCB946B046F0BD0E000B68C4
:10EE300008369846B3420ED08B6810223900300055
:10EE40009946DFF72DFE434623604B462E60A360B4
:10EE50006B686268E3E74668002E14D04E681022A3
:10EE6000002E15D118003900DFF71AFE63686B60B9
:10EE7000236866601E70D4E710223800DFF710FEAA
:10EE80002E602760C7E74B68002B12D10022C6E72F
:10EE900019006846DFF704FE102239004046DFF70C
:10EEA000FFFD102269463800DFF7FAFD6B686268E3
:10EEB000B5E7102241463800DFF7F2FD6B6863606A
:10EEC0002B686E601E70ACE7030010005A6810B526
:10EED000904208D21C6802E00130904203D0235CCB
:10EEE0008B42F9D010BD01204042FBE7F8B5060087
:10EEF000476808000D000FF001FF04000200B8424F
:10EF000000D93A00002A05D0290030681AF028FA02
:10EF1000002800D1381BF8BD70B505000E0082B086
:10EF200000291DD0541A01940F2C0BD80068012C15
:10EF30001BD10B780370019C286800236C6003557B
:10EF400002B070BD002201A9FFF7CAFC019B286036
:10EF5000AB6022003100DFF7A3FD019C2868ECE7DD
:10EF6000002A05D100240068E7E7002CE5D0F0E78F
:10EF70000148F5F739F8C046C0AD041083685869F8
:10EF80007047C046836898697047C0468368586B6D
:10EF90007047C04610B58368FF24986B82B00300A9
:10EFA000010A020C214023400902224012040B43B3
:10EFB000000E13430006184302B010BD10B583685D
:10EFC000FF24D86B82B00300010A020C21402340C9
:10EFD0000902224012040B43000E1343000618439B
:10EFE00002B010BD836858697047C046836898694D
:10EFF0007047C0468368586B7047C04610B5836839
:10F00000FF24986B82B00300010A020C21402340C8
:10F010000902224012040B43000E1343000618435A
:10F0200002B010BD10B58368FF24D86B82B0030016
:10F03000010A020C214023400902224012040B4322
:10F04000000E13430006184302B010BD8368586ACF
:10F050007047C0468368986A7047C0460020704772
:10F06000002070477047C046002010B5914205D27D
:10F070001924E04108C9C0188A42FAD810BDC04618
:10F0800010B50400024B0360E2F7CAFC200010BD7B
:10F0900078CE041010B50400024B0360E2F7C0FC08
:10F0A000200010BD90CE041010B50400024B036088
:10F0B000E2F7B6FC200010BD3CCD041010B50400F2
:10F0C000024B0360E2F7ACFC200010BD78CD0410C9
:10F0D00010B50400024B0360E2F7A2FC200010BD53
:10F0E000A8CD041010B50400024B0360E2F798FCB1
:10F0F000200010BDA8CE041010B50400024B036020
:10F10000E2F78EFC200010BDBCCE041010B5040048
:10F11000044B0360E2F784FC2000DFF7CFFC200003
:10F1200010BDC04678CE041010B50400044B036037
:10F13000E2F776FC2000DFF7C1FC200010BDC046DE
:10F1400090CE041010B50400044B0360E2F768FC95
:10F150002000DFF7B3FC200010BDC0463CCD0410FA
:10F1600010B50400044B0360E2F75AFC2000DFF7FF
:10F17000A5FC200010BDC04678CD041010B50400D9
:10F18000FFF7A6FF2000DFF799FC200010BDC04666
:10F1900010B50400044B0360E2F742FC2000DFF7E7
:10F1A0008DFC200010BDC046A8CE041010B5040090
:10F1B000044B0360E2F734FC2000DFF77FFC200003
:10F1C00010BDC046BCCE041010B50400044B036053
:10F1D00008300BF0B5FB2000E2F722FC200010BD48
:10F1E00030CE041010B50400FFF7EEFF2000DFF76B
:10F1F00065FC200010BDC04610B50400044B036040
:10F2000008300BF09DFB2000E2F70AFC200010BD47
:10F21000BCCC04100E4B70B5036005690400E2F726
:10F2200027FC854204D0002D02D02800DFF74AFCDD
:10F23000A068002802D003685B68984720000C3063
:10F240000BF07EFB2000E2F7EBFB200070BDC04618
:10F25000B8CD041010B50400FFF7DCFF2000DFF785
:10F260002DFC200010BDC046F8B50500884218D01E
:10F2700000281ED00C1A20000021E7F77DFD0700B2
:10F2800006000C37012C09D0220029003800DFF7D6
:10F2900007FC094B9E4206D13800F8BD2B7803735A
:10F2A000F7E7064FF8E7002334603419B36023739F
:10F2B000F2E70348F4F798FEF83103200432032004
:10F2C0005CAB0410F0B5C6460B1A9E100500002179
:10F2D000300000B59846E8F7EDF8070004000C3759
:10F2E000012E16D0002E06D10B4B9C420BD13800BC
:10F2F00080BCB846F0BD32002900380013F01CFA7B
:10F30000054B9C42F3D000232660A3604444E36095
:10F31000EDE72B68C360E7E7E831032010B5040090
:10F32000064B036008300BF00BFB2000E2F778FB84
:10F330002000DFF7C3FB200010BDC046BCCC04108A
:10F34000F0B5C64600B58B6804009F6882B0002FF8
:10F3500029D038000FF0D2FC051E18D0002101AAD8
:10F36000E7F70AFD0C23984606008044012D11D0D2
:10F370002A0039004046DFF793FB0C4B9E420CD12C
:10F3800043462000236002B080BCB846F0BD084B65
:10F390009846F5E73B780373EFE70023356075196E
:10F3A000B3602B73ECE70348F4F71EFEF83103203B
:10F3B000043203205CAB0410F0B5C64600B58B6880
:10F3C00004009F6882B0002F29D038000FF096FC0F
:10F3D000051E18D0002101AAE7F7CEFC0C239846A1
:10F3E00006008044012D11D02A0039004046DFF785
:10F3F00057FB0C4B9E420CD143462000236002B0C9
:10F4000080BCB846F0BD084B9846F5E73B780373DF
:10F41000EFE7002335607519B3602B73ECE7034801
:10F42000F4F7E2FDF8310320043203205CAB041052
:10F43000F0B5C64600B58B6804009F6882B0002F07
:10F4400029D038000FF05AFC051E18D0002101AA5F
:10F45000E7F792FC0C23984606008044012D11D05A
:10F460002A0039004046DFF71BFB0C4B9E420CD1B3
:10F4700043462000236002B080BCB846F0BD084B74
:10F480009846F5E73B780373EFE70023356075197D
:10F49000B3602B73ECE70348F4F7A6FDF8310320C3
:10F4A000043203205CAB041030B58B680400DD69C6
:10F4B00083B0002D10D0280012F082FF810069185F
:10F4C0008D4201D1064803E0280001AAFFF7FAFEA9
:10F4D0002060200003B030BD0248F4F785FDC0462F
:10F4E000F43103205CAB041030B58B6804005D6A16
:10F4F00083B0002D10D0280012F062FF810069183F
:10F500008D4201D1064803E0280001AAFFF7DAFE88
:10F510002060200003B030BD0248F4F765FDC0460E
:10F52000F43103205CAB041030B58B680400DD6956
:10F5300083B0002D10D0280012F042FF810069181E
:10F540008D4201D1064803E0280001AAFFF7BAFE68
:10F550002060200003B030BD0248F4F745FDC046EE
:10F56000F43103205CAB041030B58B680400DD6A15
:10F5700083B0002D10D0280012F022FF81006918FE
:10F580008D4201D1064803E0280001AAFFF79AFE48
:10F590002060200003B030BD0248F4F725FDC046CE
:10F5A000F43103205CAB041030B58B6804005D6956
:10F5B00083B0002D10D0280012F002FF81006918DE
:10F5C0008D4201D1064803E0280001AAFFF77AFE28
:10F5D0002060200003B030BD0248F4F705FDC046AE
:10F5E000F43103205CAB041030B58B680400DD6996
:10F5F00083B0002D10D0280012F0E2FE81006918BF
:10F600008D4201D1064803E0280001AAFFF75AFE07
:10F610002060200003B030BD0248F4F7E5FCC0468E
:10F62000F43103205CAB041030B58B6804005D6AD4
:10F6300083B0002D10D0280012F0C2FE810069189E
:10F640008D4201D1064803E0280001AAFFF73AFEE7
:10F650002060200003B030BD0248F4F7C5FCC0466E
:10F66000F43103205CAB041030B58B680400DD6A14
:10F6700083B0002D10D0280012F0A2FE810069187E
:10F680008D4201D1064803E0280001AAFFF71AFEC7
:10F690002060200003B030BD0248F4F7A5FCC0464E
:10F6A000F43103205CAB0410F0B54546DE46574606
:10F6B0004E46E0B580461C00080083B01100904221
:10F6C0004CD000286DD06A46FFF7FCFD05000C9B6E
:10F6D00001959C4247D0002C60D06A46190020005A
:10F6E000FFF7F0FD8146019D2B000C3B1F680C23AA
:10F6F000BF00BB465B424B449A461B684C469E008B
:10F70000AB444E4403E0A64230D00435043422001A
:10F71000290040460BF0FCFA071E0FD1280012F01A
:10F720004FFE80002D18200012F04AFE80002418A1
:10F73000AB45E8D1341B631E9C4167421D4CA2457A
:10F7400016D1019B18000C38A0421DD1380003B01F
:10F75000F0BCBB46B246A946A046F0BD164D0C9B78
:10F7600001959C42B7D1144B9946BDE70127E5E7C7
:10F770004846043803685A1E0260002BE1DC6946E3
:10F780005046E7F7F5FEDCE7043B1A68511E1960A6
:10F79000002ADBDC6946E7F7EBFED7E70748F4F71A
:10F7A00023FC0648F4F720FC01A8E8F71BF809F051
:10F7B00033FEC046E8310320F43103205CAB041073
:10F7C000F0B54E4657464546DE46E0B5524D070079
:10F7D000894616001C0083B005609A4208D0002AB2
:10F7E00000D17BE06A4619003000FFF76BFD050091
:10F7F0002B000C3B1B68A41B9B009A46474B0195B2
:10F80000AA4466109C4200D982E0B000DFF752F9AA
:10F81000002304009B461AE0396804350B000C3BBA
:10F820001A68501C80465868804502D8986800289D
:10F8300007DD41463800E8F717F839680B000C3B44
:10F840001A68584692005050354A934236D12A00E1
:10F850003300210048460BF065FA0200864211D8B9
:10F86000461C2000DFF72EF92E4B9E424DD8B000EB
:10F87000DFF720F92A0001000400330048460BF0AE
:10F8800051FA020021003800E8F752F8280012F07F
:10F8900097FD80002D18AA45BED12000DFF712F990
:10F8A000019B1F4A18000C3890420DD1380003B05C
:10F8B000F0BCBB46B246A946A046F0BD42469860A1
:10F8C0001A6093005850C2E7043B1A68511E196031
:10F8D000002AEBDC6946E7F74BFEE7E71248F4F74E
:10F8E00083FB09F035FF2000DFF7ECF80AF0BAFBE4
:10F8F00009F02EFFFAE709F065FF01A8E7F772FFAC
:10F900003800E7F76FFF09F087FD09F063FEF4E7C1
:10F9100009F060FEF4E7C046F4310320FCFFFF3F2E
:10F92000E8310320FEFFFF1F5CAB0410531E9A4119
:10F93000094B10B58160426003600400E2F798F85B
:10F940000021206120000BF0C3FD200010BD20002D
:10F95000E2F766F809F060FDB8CD04104B1E99413E
:10F96000074B10B5416003600400E2F76FF8A06038
:10F97000200010BD2000E2F753F809F04DFDC0460D
:10F9800030CE041010B504000B48E2F709FB2368E1
:10F990005A689B6883420BD980008058002807D0A2
:10F9A0000023064A064909F03BFC002802D010BD9E
:10F9B000F4F70AFB09F0FEFDD4320320C0AB0410BB
:10F9C0000C9D0410F0B5DE4657464E464546E0B560
:10F9D00085B001901498039398460E9B6C309B461B
:10F9E00016000292FFF7CEFF139B8246022B00D136
:10F9F000ADE01F1F7B425F4162487F4207400137F5
:10FA00000F9B00240093002399464346A0461C0008
:10FA100036E0013043425841A84255D0139B9945E6
:10FA200000D196E02100002E01D0631C60D0534627
:10FA30001B682A221B6B504698473038C3B2092BEB
:10FA400066D843469B00434480465B009844434647
:10FA50007B43129A93425BDC119AFB18934257DD69
:10FA600038000A21DDF742FEB368F26807009342CE
:10FA700049D20433B360012301249C466442E1442B
:10FA80002500002E01D0631C27D001356B425D415B
:10FA90005B46009AEDB21000002BBAD01300013380
:10FAA000B7D15B465A469B68D26893425DD21868CC
:10FAB000431C5A1E93415A465B4201301A4043424E
:10FAC00058419346A842A9D1230044469846139B27
:10FAD000994520D1109B1C6028E0B368F2689342DE
:10FAE0003DD21D686B1C5A1E93415B421E40CCE701
:10FAF000B368F26893423ED219684B1C5A1E934178
:10FB00005B421E4093E7336830009B6A9847B2E738
:10FB1000230044469846139B042B13D0159B1B6867
:10FB200000930423009A1343159A1360019B4246E5
:10FB300018001E605A6005B0F0BCBB46B246A9462C
:10FB4000A046F0BD4B46022BE8D1643CC2E70A2731
:10FB500056E7230044469846109B1C60E6E733684E
:10FB600030005B6A98470500BCE75B461B68584657
:10FB70005B6A98479CE7336830005B6A98470100EE
:10FB8000BBE7C046E7030000F0B5D6464F46464601
:10FB9000C0B58EB00B939A46199B17009846002368
:10FBA0000A920DAA0792189A0D93069204220393C3
:10FBB0000CAB8C4602936B4605929146334A08ADD6
:10FBC000049216AA06000AAC03CA03C33A005346BD
:10FBD00061462800FFF7F6FE230006CD06C30D9B05
:10FBE0000A9F002B2ED10C9B294A9A18002B26DB4A
:10FBF0001A9B5A616368002F01D05A1C29D0013327
:10FC00005A4253411698DDB2179B002801D05A1C66
:10FC10002AD001335A425341AB4205D14246022316
:10FC20001268134342461360330030000A9706CC33
:10FC300006C30EB0E0BCBA46B146A846F0BD643378
:10FC40001A00D5E742464B461268134342461360FA
:10FC5000D0E7BB68FA6893420CD21B685A1C511E4D
:10FC60008A4152421740CAE78368C268934207D26A
:10FC70001B68CEE73B6838005B6A98470300EDE7F6
:10FC800003685B6A98470300C3E7C0460F2700007C
:10FC900094F8FFFFF0B55746DE464E464546E0B5C0
:10FCA00089B000AF3860F86D9146BA61BA6C6C30BB
:10FCB0001C00FB613B61BA60FFF764FEBA6D8246CF
:10FCC000D3006A46D21A95464B46E846002B03D02D
:10FCD0002300013300D138E1013463425C41BA684A
:10FCE000FB6CE4B218007B60002A02D0013300D123
:10FCF0001DE1013043425841A04200D0C7E000243A
:10FD0000002500264B463A691000002B02D0130054
:10FD1000013356D0013043425841C3B29A467A6803
:10FD2000BB681000002B02D01300013359D0013002
:10FD300043425841504568D04A463B699A46002A9A
:10FD400002D0013300D17BE0002C63D0AB009B4696
:10FD500000239C464B460022FB607D6105E00123A9
:10FD600099460132CC44A24217D29300F118086898
:10FD70007D69A842F3D9434418687D6D80004059DD
:10FD80005D46405950451AD04546013CA0002D58CB
:10FD90001D6033580B60A242E7D3FB687D6999462A
:10FDA000644532D04A469B68D268934258D24A464C
:10FDB0000433936001235B4201353B61A2E70132CA
:10FDC000D1E74B464A469B68D268934200D3D2E0C3
:10FDD0001868431C5A1E93414A465B421A4091469A
:10FDE00098E7BA689368D2687A61934200D3C8E012
:10FDF0001868431C5A1E9341BA685B4201301A408E
:10FE000043425841BA60504596D1012C2ED13368F7
:10FE1000AB4233D03B6E1B687B6104237A6913438A
:10FE20003A6E13603B684A461800BD461A603A694C
:10FE30005A6009B0F0BCBB46B246A946A046F0BD28
:10FE40009368D268934200D38EE01B689A4653466B
:10FE500001335A1E93414A465B421A40914673E76A
:10FE60004B461B6848469B6A9847A3E7022CD1D1B2
:10FE70003368AB4202D07368AB42CBD14346BA6D14
:10FE80001B68934200DB9B1A3A6D1360CAE74A462F
:10FE90003B699B46002A01D0013377D0BB6D5C00E3
:10FEA00000D182E05B460026A34600251C0009E045
:10FEB00053461B6850469B699847A04208D00136BC
:10FEC0005E450CD07A6DB300D3581968A142EFD1CA
:10FED0004246AB009E50013601355E45F2D1002D01
:10FEE00002D1002400260DE74846FEF7D9FC6A46F9
:10FEF000AB000733DB08DB00D31A9D466E467B6DF3
:10FF0000B24600242E009B4643465A46A5005B5944
:10FF100001349B00985812F053FA53465851A642A8
:10FF2000F2D101235B42564601253B61EAE6936824
:10FF3000D2687A61934242D21868431C5A1E934198
:10FF4000BA685B421A40BA60D3E64B464A469B68A1
:10FF5000D26893422CD21C68631C5A1E93414A46B5
:10FF60005B421A409146B7E64B461B6848465B6ABF
:10FF7000984782466BE74B461B6848465B6A984742
:10FF800027E7B86803685B6A984732E79368D268E6
:10FF9000934219D21B689B465B4601335A1E93411C
:10FFA0004A465B421A40914678E700250026A9E6BA
:10FFB0004B461B6848465B6A98470400CCE7B86824
:10FFC00003685B6A9847B8E74B461B6848465B6A1C
:10FFD00098478346E0E7C04610B504000B48E1F7B8
:10FFE000DFFF23685A689B6883420BD980008058E2
:10FFF000002807D00023064A064909F011F9002815
:020000041003E7
:1000000002D010BDF3F7E0FF09F0D4FA6833032003
:10001000DCCF04100C9D0410F0B5DE464546574673
:100020004E46E0B5040089B008008B46FFF7D4FFC8
:100030000368AD4A1B690500934200D0D2E0836893
:100040009E68002E00D1C3E030000EF057FE31183C
:1000500007AB1A003000FFF707F905AB9A46059089
:100060000C380068E060DEF725FD804601000023C3
:100070005046E268E6F730FEE2680023002A05D029
:10008000434600229A56D3179B1ADB0F23742B6822
:10009000964A5B69934200D09DE0AB685F69002F90
:1000A00000D1D2E0380012F08BF9810079188F422C
:1000B00000D083E08E4806AB069001930C380068B0
:1000C0008C4BA061984200D900E18000DEF7F2FC81
:1000D000070001000023A2690198E7F7AFF92B6838
:1000E000854A9B69934200D083E0AB68DE69002EAD
:1000F00000D1ADE0300012F063F9810071188E423A
:1001000061D17B4807AB994607900C380068794B62
:100110002062984200D9E1E08000DEF7CBFC0600C7
:10012000010000234846226AE7F788F92B687349E3
:100130009A688A4267D1AA68506ADB68704A60622E
:1001400093425DD1AB68986AA0625846FFF71AFCEB
:100150006C4B0500196803680A00DB6A24329B4671
:1001600023002C33D847684B280019682B680A00F5
:10017000DB6A1A329B462300BC33D8474346A36050
:10018000922301225B006761E661E254079B5F4CAA
:1001900018000C38A04244D1069B18000C38A0422D
:1001A00035D1059B5A4A18000C38904243D109B00A
:1001B000F0BCBB46B246A946A046F0BD380003AA33
:1001C000FFF780F877E7300004AAFFF77BF899E79C
:1001D000012149423CE706AA2900100001929847F4
:1001E00006986BE705AA010010009246984705980B
:1001F00036E707AA2900100091469847079884E738
:1002000028009847A0E7280090472B6895E7043B13
:100210001A68511E1960002AC3DC4946E7F7A8F99D
:10022000BFE7043B1A68511E1960002AB4DC04A918
:10023000E7F79EF9B0E7043B1A68511E1960002ADF
:10024000B5DC4946E6F702FEB1E73248F3F7CCFEEB
:100250003048F3F7C9FE09F07BFA09F003FF040008
:1002600000260198E7F7BEFA5046E6F723FF200084
:1002700009F06EFA4346002B02D04046DEF722FC1E
:10028000002F02D03800DEF71DFC002EE5D0300034
:10029000DEF718FCE1E70400E3E709F093FA09F060
:1002A000BBF804000026DFE704004846E7F79AFAA7
:1002B000D7E7D4E704000026F7E70026040037005C
:1002C000D2E7002604003700B046CDE709F082F9F6
:1002D000F3E7002604003700C3E7C0E709F07AF926
:1002E000F7E7E7E7E9E7C04631F40210A9F50210A5
:1002F000F4310320FEFFFF1F29F502104DF002101C
:1003000055F00210B8210020B4210020E83103206C
:10031000F83103205CAB041010B504000B48E1F782
:100320003FFE23685A689B6883420BD9800080583F
:10033000002807D00023064A064908F071FF00286C
:1003400002D010BDF3F740FE09F034F95433032016
:10035000B0CF04100C9D041010B504000B48E1F759
:100360001FFE23685A689B6883420BD9800080581F
:10037000002807D00023064A064908F051FF00284C
:1003800002D010BDF3F720FE09F014F94C3303201E
:10039000A4CF04100C9D041010B504000B48E1F725
:1003A000FFFD23685A689B6883420BD98000805800
:1003B000002807D00023064A064908F031FF00282C
:1003C00002D010BDF3F700FE09F0F4F81432032058
:1003D000FCCE04100C9D0410F0B5DE465746454691
:1003E0004E46E0B504008FB008008A46FFF7D4FF00
:1003F0000368D6499A6805008A4200D02AE18268DB
:100400005069DA68D24960618A4200D01EE1AA6868
:1004100090691A6ACF49A0618A4200D006E1AA68B1
:100420001B69506BCC4A6063934200D007E1AB6814
:100430009E68002E00D1F6E030000EF05FFC31180F
:1004400008AB1A003000FEF70FFF05AB05900193D3
:100450000C380068E060DEF72DFB814601000023C8
:10046000E2680198E6F738FCE2680023002A05D02C
:100470004B4600229A56D3179B1ADB0F23742B6826
:10048000B64A5B69934200D0E7E0AB68DB69984607
:10049000002B00D127E1180011F092FF81004144A8
:1004A000884500D0B0E0AE4806AB069002930C3809
:1004B0000068AC4B2062984200D975E18000DEF7FD
:1004C000F9FA804601000023226A0298E6F7B6FF97
:1004D0002B68A54A9B69934200D0C5E0AB685F6A70
:1004E000002F00D102E1380011F06AFF8100791875
:1004F0008F4200D08DE09A4807AB079003930C38E9
:100500000068984BA062984200D960E18000DEF755
:10051000D1FA070001000023A26A0398E6F78EFFD4
:100520002B68924ADB69934200D0ACE0AB68DE6A8C
:10053000002E00D1DDE0300011F042FF8100711883
:100540008E426BD1864808AB9B4608900C380068F9
:10055000844B2063984200D937E18000DEF7AAFA85
:100560000600010000235846226BE6F767FF2B6860
:100570007F4A5B6A934200D081E0AB689B6B0C932F
:100580000993099B7B4AA3630D932B689B6A934253
:1005900000D070E0AB68DB6B0D930B930B9B504668
:1005A000E3630A93FFF7EEF9734B196803680A00D7
:1005B000DD6A23000B324033A8474B46A360434615
:1005C0000122E3616C236762E662E254089B6B4C94
:1005D00018000C38A04267D1079B18000C38A042C5
:1005E00058D1069B18000C38A04200D070E0059B43
:1005F000634A18000C38904260D10FB0F0BCBB4683
:10060000B246A946A046F0BD404609AAFEF75AFEEA
:100610004AE738000AAAFEF755FE6DE730000BAA3C
:10062000FEF750FE8FE70121494209E72800904775
:100630002B68494A1B696063934200D1F7E605AA1B
:100640002900100001929847059801E7280090477B
:100650002B68DEE690472B68D3E606AA2900100037
:1006600002929847069822E707AA290010000392F1
:100670009847079843E7280098470B908EE7280093
:10068000984709907DE708AA2900100093469847EB
:1006900008985BE7043B1A68511E1960002AA0DC29
:1006A0000AA9E6F765FF9CE7043B1A68511E19602A
:1006B000002A91DC0AA9E6F75BFF8DE7043B1A6884
:1006C000511E1960002A98DC0AA9E6F7BFFB94E7DF
:1006D000043B1A68511E1960002A00DD87E70AA949
:1006E000E6F746FF83E72748F3F77EFC2548F3F754
:1006F0007BFC2448F3F778FC040000260398E7F716
:1007000071F80298E7F76EF80198E6F7D3FC20003D
:1007100009F01EF84B46002B02D04846DEF7D2F90E
:100720004346002B02D04046DEF7CCF9002F02D022
:100730003800DEF7C7F9002E02D03000DEF7C2F92C
:1007400009F090FC002604003700DDE7E5EF021019
:10075000EDEF0210F5EF021041F30210E9F502107F
:10076000F4310320FEFFFF1F29F6021069F6021084
:10077000FDEF021025F00210BC210020E83103201B
:10078000F83103205CAB0410002604003700B8E702
:1007900004000026B5E70400B0E709F013F808F0FC
:1007A0003BFE08F0D5FFCBE708F014FF002604005D
:1007B0003700B046A5E7E7E7F8E70400002658460B
:1007C000E7F710F89AE70400F9E708F003FF08F0EC
:1007D00001FFF2E70026040037008FE7002604003F
:1007E0003700B04690E7F9E786E7F7E7CCE7F1E7AF
:1007F00082E7002604003700B046B14684E7C046D1
:1008000010B504000B48E1F7CBFB23685A689B68DE
:1008100083420BD980008058002807D00023064A65
:10082000064908F0FDFC002802D010BDF3F7CCFB10
:1008300008F0C0FE10320320DCCE04100C9D041022
:10084000F0B5DE46574645464E46E0B504008FB04B
:1008500008008A46FFF7D4FF0368D6499A68050066
:100860008A4200D02AE182685069DA68D249606120
:100870008A4200D01EE1AA6890691A6ACF49A06135
:100880008A4200D006E1AA681B69506BCC4A6063BB
:10089000934200D007E1AB689E68002E00D1F6E0DD
:1008A00030000EF02BFA311808AB1A003000FEF7BA
:1008B000DBFC05AB059001930C380068E060DEF7C7
:1008C000F9F8814601000023E2680198E6F704FA8E
:1008D000E2680023002A05D04B4600229A56D3171F
:1008E0009B1ADB0F23742B68B64A5B69934200D0D6
:1008F000E7E0AB68DB699846002B00D127E11800E0
:1009000011F05EFD81004144884500D0B0E0AE4862
:1009100006AB069002930C380068AC4B20629842FC
:1009200000D975E18000DEF7C5F88046010000239C
:10093000226A0298E6F782FD2B68A54A9B699342DA
:1009400000D0C5E0AB685F6A002F00D102E138003B
:1009500011F036FD810079188F4200D08DE09A4861
:1009600007AB079003930C380068984BA06298423D
:1009700000D960E18000DEF79DF807000100002348
:10098000A26A0398E6F75AFD2B68924ADB69934204
:1009900000D0ACE0AB68DE6A002E00D1DDE03000B4
:1009A00011F00EFD810071188E426BD1864808ABA4
:1009B0009B4608900C380068844B2063984200D90D
:1009C00037E18000DEF776F8060001000023584684
:1009D000226BE6F733FD2B687F4A5B6A934200D0B7
:1009E00081E0AB689B6B0C930993099B7B4AA363E3
:1009F0000D932B689B6A934200D070E0AB68DB6B71
:100A00000D930B930B9B5046E3630A93FEF7BAFFDB
:100A1000734B196803680A00DD6A23000B32403308
:100A2000A8474B46A36043460122E3616C236762FB
:100A3000E662E254089B6B4C18000C38A04267D168
:100A4000079B18000C38A04258D1069B18000C38A0
:100A5000A04200D070E0059B634A18000C38904219
:100A600060D10FB0F0BCBB46B246A946A046F0BD6F
:100A7000404609AAFEF726FC4AE738000AAAFEF714
:100A800021FC6DE730000BAAFEF71CFC8FE701216B
:100A9000494209E7280090472B68494A1B6960636F
:100AA000934200D1F7E605AA290010000192984769
:100AB000059801E7280090472B68DEE690472B68F1
:100AC000D3E606AA2900100002929847069822E76A
:100AD00007AA2900100003929847079843E72800C7
:100AE00098470B908EE72800984709907DE708AA61
:100AF000290010009346984708985BE7043B1A6862
:100B0000511E1960002AA0DC0AA9E6F731FD9CE716
:100B1000043B1A68511E1960002A91DC0AA9E6F705
:100B200027FD8DE7043B1A68511E1960002A98DCE6
:100B30000AA9E6F78BF994E7043B1A68511E19607D
:100B4000002A00DD87E70AA9E6F712FD83E72748B8
:100B5000F3F74AFA2548F3F747FA2448F3F744FA3B
:100B6000040000260398E6F73DFE0298E6F73AFEF9
:100B70000198E6F79FFA200008F0EAFD4B46002BAB
:100B800002D04846DDF79EFF4346002B02D0404688
:100B9000DDF798FF002F02D03800DDF793FF002E1D
:100BA00002D03000DDF78EFF09F05CFA0026040069
:100BB0003700DDE77DEF021085EF02108DEF0210A8
:100BC000B9F30210A9F40210F4310320FEFFFF1F55
:100BD000E9F4021069F5021095EF0210BDEF021062
:100BE000BC210020E8310320F83103205CAB041065
:100BF000002604003700B8E704000026B5E704002B
:100C0000B0E708F0DFFD08F007FC08F0A1FDCBE736
:100C100008F0E0FC002604003700B046A5E7E7E74F
:100C2000F8E7040000265846E6F7DCFD9AE70400E2
:100C3000F9E708F0CFFC08F0CDFCF2E7002604004D
:100C400037008FE7002604003700B04690E7F9E749
:100C500086E7F7E7CCE7F1E782E7002604003700F4
:100C6000B046B14684E7C04610B504000B48E1F732
:100C700097F923685A689B6883420BD98000805893
:100C8000002807D00023064A064908F0C9FA0028C0
:100C900002D010BDF3F798F908F08CFC1C32032049
:100CA0001CCF04100C9D0410F0B5CE46474680B50D
:100CB000264CA544039393AB1B78909E994694AB26
:100CC0001B786C360400300098460292FEF75AFEFC
:100CD00005003000FFF7C8FF2B6806009B6A25213E
:100CE00028009847434602AF0490002B25D14B467D
:100CF000059343460693929B30008022009308A9F7
:100D000004AB0AF0ABFB08A811F05AFB3F790500D1
:100D1000029E002F07D1336802001B6B300008A928
:100D2000984785420FD120002660277189239B00B8
:100D30009D44C0BCB946B046F0BD05934B460693F2
:100D400000230793D7E70137EDE7C046DCFDFFFF3F
:100D5000F0B5CE46474680B59DB006002698894638
:100D60006C300A920B93279FFFF77EFF836808ADD4
:100D70009A6C0AAC0E92DA6C0F921A6D10925A6D40
:100D800011929A6D1292DA6D13921A6E1492DA6AB7
:100D900015921A6B16925A6B17929A6B1892DA6B1D
:100DA00019921A6C5B6C1A921B9300230D930DAB76
:100DB0000693269B24AA0593072304930EAB039363
:100DC0000CAB02936B4603CA03C3494628000A9A38
:100DD0006368FEF75FFF230006CD06C30A9B9846B3
:100DE0000D9B002B26D1289B0C9A9A614246636882
:100DF000002A01D05A1C28D001335A42534124986A
:100E0000DDB2259B002801D05A1C18D001335A426C
:100E10005341AB4203D102233A6813433B6043463C
:100E20000A933300300006CC06C31DB0C0BCB946DF
:100E3000B046F0BD04233A6813433B60D6E78368AD
:100E4000C268934210D21B68E0E7434642469B6863
:100E5000D26893420DD21B685A1C511E8A414146EA
:100E6000524211408846C7E703685B6A984703000F
:100E7000CCE743461B6840465B6A98470300EBE7B4
:100E8000F0B5CE46474680B5A7B0060030988946F3
:100E90006C300A920B93319FFFF7E6FE9422836831
:100EA00008AD9A580AAC0E9298229A580F929C223A
:100EB0009A581092A0229A581192A4229A581292EB
:100EC000A8229A581392AC229A581492B0229A5897
:100ED0001592B4229A581692B8229A581792BC22A8
:100EE0009A581892C0229A5819925A6E1A929A6E6B
:100EF0001B92DA6E1C921A6F1D925A6F1E929A6F95
:100F00001F92DA6F209280229A58219284229A5856
:100F1000229288229A5823928C229A5824929022C4
:100F20009B582EAA259300230D930DAB0693309B5F
:100F300005930C2304930EAB03930CAB02936B4607
:100F400003CA03C3494628000A9A6368FEF7A2FE53
:100F5000230006CD06C30A9B98460D9B002B26D185
:100F6000329B0C9A1A6142466368002A01D05A1CCF
:100F700028D001335A4253412E98DDB22F9B0028CE
:100F800001D05A1C18D001335A425341AB4203D10D
:100F900002233A6813433B6043460A933300300010
:100FA00006CC06C327B0C0BCB946B046F0BD04238A
:100FB0003A6813433B60D6E78368C268934210D215
:100FC0001B68E0E7434642469B68D26893420DD2D5
:100FD0001B685A1C511E8A414146524211408846A4
:100FE000C7E703685B6A98470300CCE743461B6882
:100FF00040465B6A98470300EBE7C04610B5040023
:101000000B48E0F7CDFF2268030091680020994269
:101010000DD952689B009C58002C08D0002320005A
:10102000044A054908F0FCF8431E9841C0B210BDBF
:10103000D4320320C0AB04100C9D041010B5040082
:101040000B48E0F7ADFF2268030091680020994249
:101050000DD952689B009C58002C08D0002320001A
:10106000044A054908F0DCF8431E9841C0B210BD9F
:1010700054330320B0CF04100C9D041010B50400AD
:101080000B48E0F78DFF2268030091680020994229
:101090000DD952689B009C58002C08D000232000DA
:1010A000044A054908F0BCF8431E9841C0B210BD7F
:1010B0004C330320A4CF04100C9D0410F0B5574608
:1010C0004E464546DE46E0B583B0824601910C9817
:1010D0000D99150012781E000B1A9F10974200DC24
:1010E00070E00024A146741EA8460027A44607E02D
:1010F0000137EB19EA5D98460B1A9E10964210DDF7
:1011000056B2002E0DDD9200891ABC45F0D801239D
:101110009846EA5DEB19C14498460B1A9E10964218
:10112000EEDC884246D0012252424A4494467A1E5E
:101130009346002254468658A65004329A42F9D16A
:1011400052444B46002B16D0019B002008C2434658
:101150001B789946002B0AD00C58013BDBB2145087
:101160000430002BF8D14B4698000918121863463A
:10117000013B9C46E8D2002F14D0019B002008C2FE
:101180005B46EF5C3B1E09D00C58013BDBB21450B0
:101190000430002BF8D1BF00C919D2195B46013BBE
:1011A0009B46EAD2100003B0F0BCBB46B246A9464B
:1011B000A046F0BD01235B424B449C467B1E9B46F0
:1011C0005246BEE7814208D00122524293469446DD
:1011D0000022A84691460027ABE75246E2E7C04608
:1011E000F0B583B0089C08000B9D19000A9B002CE9
:1011F0001AD0E61A00930194130002000998FFF731
:101200005DFF099B2968C71AB6100023BF108A1B0F
:10121000B14203D1DB192B6003B0F0BD210011F006
:101220008BFA2B689B1BF5E72C680093A4001C1914
:101230000194130002000998FFF740FF099BC01AB0
:101240008310E8E730B50C0083B0099D19002868C9
:10125000089B800018180190009307981300220043
:10126000FFF72CFF079BC01A8010286003B030BD29
:10127000F0B5DE4657464E464546E0B591B0099377
:101280001A9B08A999466C234B44050018009B46FD
:1012900008928846FEF776FB0600D148E0F780FE0C
:1012A0004B46DA6E8300D7688246FF183C68002CF4
:1012B00000D141E11C9B226C1F683B68934223D004
:1012C000A36B0B93636A0493A36A03933B000C3BE9
:1012D0001B6832689B0052693000924604213A0034
:1012E000FB18D047C61BB6101BD14A46002393609B
:1012F0002B00424603CA03C3280011B0F0BCBB4612
:10130000B246A946A046F0BDE36B0B93E36A049393
:10131000236B03933B000C3B1B68002BD9D0043795
:10132000D7E70CAB9B46AF4B584671000C93E6F7E2
:101330009BFA636BF21A9246002A38DD002B00DA22
:10134000B246E368002B00D119E1534600210C9A04
:1013500058460C3A12685B000091E6F7AFF90C981A
:1013600003000C3B9B68002B00DB21E1E368A268D3
:101370009C4653469B00FB18A16901930097634666
:10138000FFF79CFE0C9905900B000C3B9A68002A15
:1013900000DB06E1059A511A1A688910914200D9BA
:1013A00018E100235846521AE6F7E6F8636B002B63
:1013B00000DD98E04B46DA68B023134006930C9B9F
:1013C0000C3B1F68039B9C466744930500D586E051
:1013D000844B79000DA80D93E6F746FA4B469B68BF
:1013E0009A4600230593069B102B03D157459B413A
:1013F0005B42059353460BAEDF1B3378042B2BD88F
:10140000794A9B00D3589F46039B002B24D0049B12
:101410000DA81B6819000793E6F734FB1CE04B4648
:101420008022DB689200134216D0226AE1690DA87F
:10143000E6F77EFA10E0059B002B71D039001B9A6D
:101440000DA8E6F7C5FA07E0059B002B04D0F5E7E9
:1014500059460DA8E6F732FA0136B345CDD1039BC4
:10146000012B4ED80D990B000C3B1B689A4555D9A2
:10147000069A202A59D05246D31A1B9A002100926C
:101480000DA80022E6F71AF90D9943461E79089C2B
:10149000002E08D12368524620001B6B98470D99F7
:1014A000504500D094E0080043460EAF0E943E71C4
:1014B00008944E4C0C381E71A0427ED10C9B180033
:1014C0000C38A04200D110E7043B1A68511E196085
:1014D000002A00DD09E73900E6F74AF805E7236A44
:1014E0009C46674474E758466169E6F7CBFA534671
:1014F000002B4BDB99005846626B7918E6F718FA17
:1015000058E71A000499013A04310DA8E6F710FAD9
:101510000D990B000C3B1B689A45A9D89A46B4E775
:101520001B990DA8E6F7AEFA96E752460DA8D11A18
:101530001B9AE6F74DFAA7E77020DDF7B7FA2C4AB9
:10154000002302606C2243608360C36003744361C4
:101550008361C361036243628362C3620363436363
:101560008363C363594683540400FEF735FF4B463B
:1015700021005246D86EE0F795FC3C689AE6524648
:1015800039005846E6F7DCF8636B10E75846626CA2
:101590005942E6F71DFA320039005846E6F7C8F915
:1015A00008E75846E6F772F80C990B000C3BF1E699
:1015B0005846E6F76BF80C98D8E604390B685A1EC3
:1015C0000A60002B00DD79E73900E5F7D1FF75E708
:1015D000012668E7130007480A000749F2F734FDBF
:1015E00014320320F431032080CB0410E8310320AF
:1015F000D89D041090AA041014AE04100DA8E6F7AC
:10160000F1F85846E6F7EEF807F006FFF9E708F0BC
:101610009FF8236820005B68984708F023FD08F0D6
:1016200097F8FAE708F0CEF807F0F6FEF0B5DE46D8
:1016300057464E464546E0B591B009931A9B08A916
:1016400099466C234B44050018009B460892884637
:10165000FEF798F90600D148E0F7A2FC4B46DA6E97
:101660008300D7688246FF183C68002C00D141E116
:101670001C9B226C1F683B68934223D0A36B0B9387
:10168000636A0493A36A03933B000C3B1B683268B4
:101690009B0052693000924604213A00FB18D04763
:1016A000C61BB6101BD14A46002393602B0042464E
:1016B00003CA03C3280011B0F0BCBB46B246A9461A
:1016C000A046F0BDE36B0B93E36A0493236B039393
:1016D0003B000C3B1B68002BD9D00437D7E70CAB81
:1016E0009B46AF4B584671000C93E6F7BDF8636B11
:1016F000F21A9246002A38DD002B00DAB246E3687F
:10170000002B00D119E1534600210C9A58460C3A9F
:1017100012685B000091E5F7D1FF0C9803000C3BC9
:101720009B68002B00DB21E1E368A2689C465346DE
:101730009B00FB18A169019300976346FFF7BEFC6D
:101740000C9905900B000C3B9A68002A00DB06E11F
:10175000059A511A1A688910914200D918E100239C
:101760005846521AE5F708FF636B002B00DD98E03E
:101770004B46DA68B023134006930C9B0C3B1F6862
:10178000039B9C466744930500D586E0844B790013
:101790000DA80D93E6F768F84B469B689A46002320
:1017A0000593069B102B03D157459B415B42059344
:1017B00053460BAEDF1B3378042B2BD8794A9B00A2
:1017C000D3589F46039B002B24D0049B0DA81B6875
:1017D00019000793E6F756F91CE04B468022DB68B8
:1017E0009200134216D0226AE1690DA8E6F7A0F82C
:1017F00010E0059B002B71D039001B9A0DA8E6F76D
:10180000E7F807E0059B002B04D0F5E759460DA843
:10181000E6F754F80136B345CDD1039B012B4ED8E2
:101820000D990B000C3B1B689A4555D9069A202A46
:1018300059D05246D31A1B9A002100920DA80022BB
:10184000E5F73CFF0D9943461E79089C002E08D110
:101850002368524620001B6B98470D99504500D0D5
:1018600094E0080043460EAF0E943E7108944E4C2F
:101870000C381E71A0427ED10C9B18000C38A0427F
:1018800000D110E7043B1A68511E1960002A00DDE0
:1018900009E73900E5F76CFE05E7236A9C466744D3
:1018A00074E758466169E6F7EDF85346002B4BDBC9
:1018B00099005846626B7918E6F73AF858E71A002B
:1018C0000499013A04310DA8E6F732F80D990B009E
:1018D0000C3B1B689A45A9D89A46B4E71B990DA8FA
:1018E000E6F7D0F896E752460DA8D11A1B9AE6F70C
:1018F0006FF8A7E77020DDF7D9F82C4A00230260C3
:101900006C2243608360C360037443618361C3617D
:10191000036243628362C362036343638363C3639B
:10192000594683540400FEF78BFF4B462100524674
:10193000D86EE0F7B7FA3C689AE652463900584646
:10194000E5F7FEFE636B10E75846626C5942E6F716
:101950003FF8320039005846E5F7EAFF08E75846F5
:10196000E5F794FE0C990B000C3BF1E65846E5F7C1
:101970008DFE0C98D8E604390B685A1E0A60002BBD
:1019800000DD79E73900E5F7F3FD75E7012668E743
:10199000130007480A000749F2F756FB10320320EC
:1019A000F431032094CB0410E8310320E89D0410A7
:1019B00090AA041014AE04100DA8E5F713FF5846C2
:1019C000E5F710FF07F028FDF9E707F0C1FE2368EF
:1019D00020005B68984708F045FB07F0B9FEFAE77E
:1019E00007F0F0FE07F018FDF0B55746DE464E460C
:1019F0004546E0B58DB004AFBA600822FB604023D5
:101A0000102416009B18DB191B788A46F96C7B6042
:101A1000A31805006C31D819E0F70AF8A319D819F2
:101A2000FDF7B0FF90B004AB06009846E0F70EF863
:101A30004E4BF8619B46142399460C3B9C46BB6D6C
:101A4000FC6D029303940023BC44E14400934022C4
:101A50005B4641464846E7F761F804003F2819DD38
:101A600069460834E408E400091B8D46431C04A9B8
:101A700088463B60DFF7EAFFBB6DFC6DF8610293BF
:101A800003940023009341465B4648463A68E7F7D3
:101A900045F8040008220C239B1821000022484628
:101AA000DB19E5F75BFDFB6944441A000C3A9268C8
:101AB000002A49DA32684146D26A30009346220051
:101AC000D8477B68002B20D04B4602933B6D514694
:101AD0000193FB6C28000093BA68FB68FFF7C8FB12
:101AE000FB69234A18000C38904220D108221023A9
:101AF0009B18D819E0F736F82800BD4609B0F0BCAD
:101B0000BB46B246A946A046F0BD4B4602933B6D8C
:101B100051460193FB6C28000093BA68FB68FFF7FD
:101B200085FDFB69124A18000C389042DED0043B58
:101B30001A68511E1960002AD8DC08220C239B1851
:101B4000D919E5F715FDD1E74846E5F79FFDFB6993
:101B5000B0E702E04846E5F745FE082210239B184F
:101B6000D819DFF7FFFF07F057FCC04650AE04104E
:101B7000E831032010B586B0059308AB1B7804004C
:101B80000492002B0BD00B9B02930A9B0193099BA1
:101B90000093059BFFF76CFB200006B010BD0B9B6C
:101BA000049A02930A9B0193099B0093059BFFF7FC
:101BB0003DFDF1E7F0B5C64600B515001F00079AD8
:101BC000069B88469C1AB022C3681A40202A4DD032
:101BD000102A09D00026002C38D1079B9A1BB3424B
:101BE0003DD180BCB846F0BD6C30FDF7CBFE03683C
:101BF0002D219B6A060098473B6883424BD033688F
:101C00002B219B6A300098473B68834243D033685E
:101C100030219B6A300098473B688342DAD1079BAA
:101C2000012BD7DD336878219B6A300098477B68A9
:101C3000834234D0336858219B6A300098477B68D0
:101C400083422CD00026079A002C0AD0220041465D
:101C5000280010F07DFD079B9A1BB342C1D0A40061
:101C60002D193900280010F067FDBAE7079B002BFB
:101C700009D1002CB5D0079B2200980041462818B6
:101C800010F066FDADE71A003900280010F054FD91
:101C9000002CA6D0EFE7012601C504379BE73B687F
:101CA00002262B607B6808376B60083593E7C046D7
:101CB00030B583B0089D18002B6814000193009282
:101CC000079B069AFFF776FF2C6003B030BDC04635
:101CD000F0B5C64600B5170006AA127880460C007B
:101CE000002A17D0050020000A21DBF727FD0B1D75
:101CF0009B00DB59043D20000A212B60DBF71EFD11
:101D000026000400092EEED84346581B801080BCE4
:101D1000B846F0BD4A221A40402A10D010220500D1
:101D20000F215B04DB171A4004320B0023409B1881
:101D30009B00DB59043D2B602409F6D1E4E7050044
:101D4000393A1300234004339B00DB59043D2B60D8
:101D5000E408F6D1D8E7C046F0B54E464546DE4623
:101D60005746E0B58DB004AF06007548BD6C3A61CA
:101D70007B617960E0F714F9EA6E8300D4688046ED
:101D8000E41823689946002B00D19DE02C234B4496
:101D90009846EB6894B09A4604AB9B4652464A2359
:101DA0001A40BA60402A39D0BB68083B5A1E93419A
:101DB000DBB2FB605846FB6842460093396D5346E0
:101DC0005030FFF785FF14214B46F861091A1B7C40
:101DD000890004005944002B3CD1FB68002B5AD0E9
:101DE000AA68A2421DDC0023AB603B7D3D6998469A
:101DF000002B07D12B68220028001B6B98478442D8
:101E000000D082E043463000BD463560337109B0F2
:101E1000F0BCBB46B246A946A046F0BD0023FB601D
:101E2000C8E7684693000733DB08DB00C31A9D460A
:101E300004AB984610200C231B18DB190293434671
:101E400001910093F96C2B007868FFF731FF414650
:101E5000FC69C8E76B46C40008341B1B9D4606ABF3
:101E60009B464B464A4648469B6A0C249C46102398
:101E70008068D26802915946E418E41903940191EC
:101E80000095010063467868FFF7DCF9FB68594666
:101E9000FC69002BA4D153469B05A1D53B6D002BBB
:101EA0009ED0BB68402B33D0534642465B04DB0FC9
:101EB00002339B009A580B1F1A604B46DB6B0839A4
:101EC00002340B60FC618BE794204000DCF7EEFDF0
:101ED0001C4A002302609222290052004360836062
:101EE000C360037443618361C361036243628362BD
:101EF0006C3183548146FEF78FF849464246E86EBE
:101F0000DFF7D0FF2368994640E70123984679E739
:101F10004B46DB6B043901340B60FC6160E707F072
:101F200017FC4B461B6848465B68984708F09AF8D0
:101F300007F00EFCFAE707F045FC07F06DFAC04623
:101F400068330320449E041010B5040086B00A983C
:101F5000029009980190089800902000FFF7FCFE7D
:101F6000200006B010BDC046F0B5CE46474680B54D
:101F700089B0109E04001700180004920593124ABD
:101F8000F36804AD98461A4082239B001343F36024
:101F900006AB9946129B3A000293119B009601935F
:101FA00003004846FFF7D8FE069B200004934B46EB
:101FB0001B792B714346F360230006CD06C309B09D
:101FC000C0BCB946B046F0BDB5BFFFFFF0B54F4647
:101FD0004646D646C0B51D000AAB1B7880461400A5
:101FE000089F002B23D00600200029000A2200238E
:101FF000DBF7E2FBA94604329200D359043E2000ED
:10200000290033600A220023DBF7D6FB4B46A246A9
:102010000D000400002BE7D15346092BE4D84346BA
:10202000981B8010E0BCBA46B146A846F0BD4A23D2
:10203000099A1340402B16D0102106000F20099B4F
:102040005B04DB171940043123002A0724091443D9
:10205000220003405B189B00DB59043E2D093360CE
:102060002A43F1D1DBE706000722230013400433A3
:102070009B00DB59043E3360E4086B071C432300DC
:10208000ED082B43F1D1CAE7F0B54E464546DE4692
:102090005746E0B58FB004AFFB61BB6D06007B61B6
:1020A000FB6D77483D6DBA613B617960DFF778FF82
:1020B000EA6E8300D4688046E41823689946002BB2
:1020C00000D1A1E02C234B44FB60EB68A8B09A46FA
:1020D00004AB9B4652464A231A40BA60402A3CD081
:1020E000BB68083B5A1E9341DBB2984643460293B5
:1020F000534658460193FB68A03000933B697A69C8
:10210000FFF764FF28214B467862091A1B7C89007F
:1021100004005944002B3CD14346002B5AD0AA68F6
:10212000A2421DDC0023AB603B7FBD699846002BBB
:1021300007D12B68220028001B6B9847844200D0EF
:1021400083E043463000BD46356033710BB0F0BCD0
:10215000BB46B246A946A046F0BD00239846C5E757
:10216000684693000733DB08DB00C31A9D4604ABC7
:10217000984618200C231B18DB1902934346019143
:102180000093796D2B007868FFF792FD41467C6AD9
:10219000C8E76B46C40008341B1B9D4606AB9B4634
:1021A0004B464A4648469B6A0C249C461823806846
:1021B000D26802915946E418E419039401910095FC
:1021C000010063467868FFF73DF8434659467C6A4C
:1021D000002BA4D153469B05A1D57B693A691343D3
:1021E0009DD0BB68402B33D053465B04DB0FFA68AD
:1021F00002339B009A580B1F1A604B46DB6B083961
:1022000002340B607C628AE794204000DCF74EFCCD
:102210001C4A00230260922229005200436083601E
:10222000C360037443618361C36103624362836279
:102230006C3183548146FDF7EFFE49464246E86E15
:10224000DFF730FE236899463CE70123984678E79C
:102250004B46DB6B043901340B607C625FE707F0AF
:1022600077FA4B461B6848465B68984707F0FAFECA
:1022700007F06EFAFAE707F0A5FA07F0CDF8C046C6
:1022800068330320449E041070B5040086B00B9898
:102290000C9D0D9E01900A980295039600902000D7
:1022A000FFF7F2FE200006B070BDC046F8B50C0086
:1022B0001C48DFF775FE22688300D5680700ED181B
:1022C0002868002800D0F8BD2930FF30DCF7EEFB8D
:1022D000154A002302609222520043608360C3606B
:1022E000037443618361C3610362436283622100BB
:1022F00083540600FDF790FE20683A003100DFF7B6
:10230000D1FD2868DFE707F023FA07F0ABFE07F0FE
:102310001FFA336830005B689847F6E707F052FA17
:1023200007F07AF868330320449E0410F0B5DE46C7
:1023300057464E464546E0B58DB004AF7B61BB6C59
:10234000B960984619003A61082310229B180600CC
:102350006C31D819FFF7AAFF2C239B464346DB6854
:1023600094B0994604AB9A464A464A231A4005005F
:1023700083447A60402A41D0082A3FD0493BFB6021
:102380003B6D5942002B00DD396D5046FB685A46C3
:10239000009350304B46FFF79BFC1421F861091A5B
:1023A0002B7C890004005144002B50D1FB68002B8A
:1023B0006CD03B6D002B44DB4B461B0521D44346C0
:1023C0009A68A24226DC0023424693603B7D3D6929
:1023D0009846002B06D12B68220028001B6B9847DB
:1023E00084426BD143463000BD463560337109B03D
:1023F000F0BCBB46B246A946A046F0BD0023FB6038
:10240000C2E72B6B04390B6043469A680134FC61C8
:10241000A242D8DD684693000733DB08DB00C31A0D
:102420009D4610200C231B1804ADDB19029301916B
:102430000095F96C4346B868FFF73AFC2900FC693F
:10244000C1E7EB6A043901340B60FC61B7E76B4606
:10245000C40008341B1B9D4606AB9A46A868AB6AAD
:10246000EA68029151469C460C2410230191414692
:10247000E418E4190394009163460100B868FEF77C
:10248000E1FEFB685146FC69002B92D14B469B054F
:1024900095D53B6D002B92D07B68402B11D04B46DD
:1024A0005A465B04DB0F02339B009A580B1F1A60DD
:1024B000EB6B083902340B60FC6180E7012398461E
:1024C00090E7EB6B043901340B60FC6177E7C046A1
:1024D00010B5040086B00A980290099801900898F7
:1024E00000902000FFF722FF200006B010BDC0467C
:1024F000F0B54E4645465746DE46E0B50500082095
:102500008DB004AF3C18636048231B18DB191B789F
:10251000BE6C9846F368BA609946DB071CD4434604
:102520000293FB6C009608260830019380196368BB
:10253000BA68C019FFF7FAFEBB69BB603B7F237125
:102540002B002800BD4606CC06C309B0F0BCBB4634
:10255000B246A946A046F0BD08220C2331009B18C4
:10256000D8196C31FFF7A2FE4346002B37D04369E0
:102570009B4683699A46B3689A4537DA52469B1A56
:102580006A4698469B000733DB08DB00D31A9D465A
:1025900004AB42461800F96C7B6010F0D9F80023B8
:1025A0004A46B360B033BE681340202B31D0237944
:1025B0009946002B0FD13368424630001B6B796877
:1025C0009847804539D133685246594630001B6BD5
:1025D0009847824531D14B46BE602371B0E7C3694D
:1025E0009B46036A9A46B3689A45C7DB0023B360EB
:1025F0002379BE689846002B07D133685246594666
:1026000030001B6B984782451AD14346BE60237148
:1026100096E723799946002BDDD133685246594617
:1026200030001B6B9847824507D133684246300023
:102630001B6B796898478045CDD001239946CAE73E
:1026400001239846E1E7C046F0B5DE464E464546D2
:102650005746E0B58DB004AF7B61BB6CB96098465E
:1026600019003A61082310229B1806006C31D81912
:10267000FFF71CFE2C239C4684446346FB604346C4
:10268000DB68A8B0994604AB9B464A464A231A40E9
:1026900005007A60402A08D0082A06D07B6D002BFE
:1026A00000DCA0E001239A4601E000239A463A6D3F
:1026B0007B6D51460291494658460191F968A03018
:1026C0000091FFF783FC2821F861091A2B7C89000F
:1026D00004005944002B4ED15346002B6AD07B6D29
:1026E000002B42DB4B461B051FD443469A68A2428F
:1026F00024DC0023424693603B7D3D699846002BD5
:1027000007D12B68220028001B6B9847844200D019
:1027100077E043463000BD463560337109B0F0BC08
:10272000BB46B246A946A046F0BD2B6B04390B60F0
:1027300043469A680134FC61A242DADD68469300A0
:102740000733DB08DB00C31A9D4610200C231B183F
:1027500004ADDB19029301910095F96C4346B8680A
:10276000FFF7A6FA2900FC69C3E7EB6A04390134D4
:102770000B60FC61B9E76B46C40008341B1B9D4627
:1027800006AB9B46A868AB6AEA68029159469C462C
:102790000C24102301914146E418E419039400919C
:1027A00063460100B868FEF74DFD53465946FC6983
:1027B000002B94D14B469B0597D53B6D7A6D134307
:1027C00093D07B68402B1FD04B465B04DB0FFA682D
:1027D00002339B009A580B1F1A60EB6B08390234C6
:1027E0000B60FC6181E7002B03D13B6D002B00D017
:1027F00058E7386D796D002342428B4101218A46AA
:1028000057E70123984684E7EB6B043901340B60EA
:10281000FC616AE770B5040086B00B980C9D0D9EB4
:1028200001900A980295039600902000FFF70CFF94
:10283000200006B070BDC046F0B5DE4657464E4695
:102840004546E0B593B004AF3A6108227B619446F7
:102850005823BC449B1863441E786C239A46603B03
:102860009B1862463D6E8046AA4498188B46514696
:10287000FFF71CFD6B6881467B60002B01DA0623A5
:102880007B60082118235B1879183200591828003A
:1028900008F068FA8222EB6852008CB0134004AE54
:1028A000934200D1DCE0DFF7D1F83A6F7B6F7862BA
:1028B0000292039308227B6894460093182308240D
:1028C0009B18BC4463441420A4460019BC44310046
:1028D00025326044E6F722F938622C2846DC50465F
:1028E000FDF750F869463A6A93000733DB08DB00CE
:1028F000CB1A9D4604AB9A4603683100DC6AB218D5
:102900005346A0473C6A002C55D022002E213000AF
:1029100016F046FD002800D1DEE04B46801B5B6AC6
:102920008000504403604B461B7C002B48D1AA68B2
:10293000944200DA7AE000233E7DAB603D69002ED0
:1029400008D12B682200514628001B6B984784420F
:1029500000D0D4E043464046BD461D601E710FB016
:10296000F0BCBB46B246A946A046F0BD6946431C32
:102970000830C008C000091A8D46FB60DFF766F812
:10298000396F7A6F78620291039208227B6818216E
:102990000093944608230824CB18BC4463441420B5
:1029A000A44604AEBC4400193100FA686044E6F75E
:1029B000B5F8386293E74B461B7C002BB7D000205C
:1029C0006A46E300D31A9D46FD21337804AA2B3BC7
:1029D0000026FA600B4207D1524608CA013C9246D3
:1029E000FA683C6208C201364B469B6A4946BB60A6
:1029F0001023083B9C469946BC44E14408334B44B1
:102A0000CC683B608968039353460192009002931F
:102A10002200BB685846FEF7E3FB3B6AAA68F4183D
:102A2000FB683C629A46944200DB84E76946930067
:102A30000733DB08DB00CB1A08219D468C461023A8
:102A4000BC445B1863440293534604AE0193009662
:102A50002B005846796EFFF72BF9B2463C6A6AE7BD
:102A6000DEF7F4FF3B6F7C6F082278629446009398
:102A70000194182308249B18BC4463441420A446E2
:102A80000019BC44310025326044E6F747F838624B
:102A90002C2800DC23E76B46441C0830C008C0002B
:102AA0001B1A9D46DEF7D2FF3A6F7B6F7862009269
:102AB00001930822182394469B1822000824BC4442
:102AC00063441420A44604AEBC44001931006044A1
:102AD000E6F724F8386202E74B461B7C002B00D156
:102AE00025E7022C00DC6BE77378303B092B00D91B
:102AF0001DE7B378303B092B00D918E760E70136B2
:102B000028E7C04670B50400002088B002900D98F8
:102B10000E9D0F9E01900C98049505960090200044
:102B2000FFF78AFE200008B070BDC046F0B5DE4653
:102B300057464E464546E0B593B004AF3A61082289
:102B40007B6194465823BC449B1863441E786C23D5
:102B50009A46603B9B1862463D6E8046AA44981890
:102B60008B465146FFF7A2FB6B6881467B60002BCA
:102B700001DA06237B60082118235B1879183200DC
:102B80005918280008F0EEF88222EB6852008CB049
:102B9000134004AE934200D1DCE0DEF757FF3A6FFA
:102BA0007B6F78620292039308227B6894460093BD
:102BB000182308249B18BC4463441420A44600191D
:102BC000BC44310025326044E5F7A8FF38622C2868
:102BD00046DC5046FCF7D6FE69463A6A9300073356
:102BE000DB08DB00CB1A9D4604AB9A460368310034
:102BF000DC6AB2185346A0473C6A002C55D022002C
:102C00002E21300016F0CCFB002800D1DEE04B4630
:102C1000801B5B6A8000504403604B461B7C002B8A
:102C200048D1AA68944200DA7AE000233E7DAB6086
:102C30003D69002E08D12B682200514628001B6BED
:102C40009847844200D0D4E043464046BD461D60CC
:102C50001E710FB0F0BCBB46B246A946A046F0BDFF
:102C60006946431C0830C008C000091A8D46FB6045
:102C7000DEF7ECFE396F7A6F7862029103920822D8
:102C80007B6818210093944608230824CB18BC4481
:102C900063441420A44604AEBC4400193100FA6811
:102CA0006044E5F73BFF386293E74B461B7C002B03
:102CB000B7D000206A46E300D31A9D46FD21337841
:102CC00004AA2B3B0026FA600B4207D1524608CAE1
:102CD000013C9246FA683C6208C201364B469B6A48
:102CE0004946BB601023083B9C469946BC44E144DE
:102CF00008334B44CC683B60896803935346019288
:102D0000009002932200BB685846FEF769FA3B6ABE
:102D1000AA68F418FB683C629A46944200DB84E798
:102D2000694693000733DB08DB00CB1A08219D4678
:102D30008C461023BC445B1863440293534604AE94
:102D4000019300962B005846796EFEF7B1FFB2460C
:102D50003C6A6AE7DEF77AFE3B6F7C6F0822786296
:102D6000944600930194182308249B18BC446344A0
:102D70001420A4460019BC44310025326044E5F714
:102D8000CDFE38622C2800DC23E76B46441C08305B
:102D9000C008C0001B1A9D46DEF758FE3A6F7B6FD5
:102DA0007862009201930822182394469B1822000F
:102DB0000824BC4463441420A44604AEBC44001957
:102DC00031006044E5F7AAFE386202E74B461B7CFF
:102DD000002B00D125E7022C00DC6BE77378303B39
:102DE000092B00D91DE7B378303B092B00D918E730
:102DF00060E7013628E7C04670B504004C2088B073
:102E000002900D980E9D0F9E01900C9804950596CA
:102E100000902000FFF78AFE200008B070BDC04679
:102E200070B54368040000680D00002801D05A1CEA
:102E300011D001335A4253412868DCB26B68002834
:102E400001D05A1C11D0581C43425841001B434228
:102E50005841C0B270BD8368C268934214D21B68E7
:102E60005A1CE6D100222260E3E78368C2689342DD
:102E700005D21B685A1CE6D100222A60E3E70368EA
:102E80005B6A98470300F5E703685B6A98470300AD
:102E9000E6E7C04610B5040023684068002B01D067
:102EA000421C00D010BD9A68D9688A4205D21068C9
:102EB000431CF7D100232360F4E71A681800526A14
:102EC0009047F5E71821F0B557464E46DE46454691
:102ED0008946E0B589B000AFB944BA614A4653604B
:102EE0007B6D7860F86D9A46BB6C6C303B61FCF78B
:102EF00049FD6A46BB6D06009B000733DB08DB001B
:102F0000D31A9D464B46B869E8465C68002802D053
:102F1000631C00D161E1013463425C413A69FB6C9E
:102F2000E4B21800FB60002A02D0013300D146E170
:102F3000013043425841A04214D13B6E1B687B6173
:102F400004237A6913433A6E136078684A46030093
:102F5000BD4612CA12C309B0F0BCBB46B246A94670
:102F6000A046F0BD4846FFF795FFBB6D002BE4D0AF
:102F7000B3460024002506000AE05B461B6858465D
:102F80009B699847864209D0BB6D0134A3420DD09E
:102F90005246A300D3581968B142EED14246AB0065
:102FA0009C50BB6D01340135A342F1D100237B61FC
:102FB000012D72D943461E685346B60098590FF04A
:102FC000FFF9330001242E009B4605004246A30072
:102FD000D35852469B0098580FF0F2F9854200D919
:102FE00005000134B442F1D35B46AB4635001E0008
:102FF0004B4618688368C268934200D3D6E0043316
:10300000836001224B4652425A607B6901337B61E7
:103010005B4592D24B461868002800D1B0E0836827
:10302000C268934200D3E8E018680024431C00D132
:10303000C0E0FA683B691000002B03D01300013395
:1030400000D19FE0013043425841A04200D174E7D3
:103050007B6900249B009B460CE042464146013DB3
:10306000AB009A58A3005A50A54214D94246A30077
:103070009E58B60053465A469B599E584A464B4660
:1030800010685B68002801D05A1C6ED09E42E4D1C3
:103090000134A542EAD8012D8CD8012D00D04CE78F
:1030A000B869FBF7FDFB01235B429B464B465A4642
:1030B0005A60434652461B687D69BB609B009B5823
:1030C0000135180098460FF07BF90600854200D3C1
:1030D000BDE04B465C6800233E699A46786132E069
:1030E000013463425C41FB68E4B21800002E02D058
:1030F000013300D18FE0013043425841A04200D15A
:103100001BE74246AB00D4584A464B4610685B6802
:10311000002802D05A1C00D188E09C4200D00CE765
:103120004B4618688368C268934200D38AE0043330
:1031300083604B465A4601245A607B6901356442DC
:103140009D4200D382E04B4618680028C8D0631C1B
:10315000C6D18368C268934200D384E01C68631CB4
:10316000BED14B4652461A60BAE78368C2689342A2
:1031700017D21B685A1C89D14A460021116085E785
:10318000012456E73A699368D268BA6093422FD215
:103190001868431C5A1E93413A695B421A403A61CF
:1031A00050E703685B6A98470300E3E703689B6A9C
:1031B000984726E74B46002201341A6039E79368A6
:1031C000D2687A61934221D21868431C5A1E9341F7
:1031D0003A695B421A403A61AAE68368C268934240
:1031E0000FD21C68631C00D095E60023BB6192E6F9
:1031F000386903685B6A9847CBE703685B6A98475E
:1032000013E703685B6A98470400EBE738690368D3
:103210005B6A9847D9E7B368F268934228D2186886
:10322000431C5A1E93415B421E4064E78368C26898
:10323000934213D21B685A1C00D06EE74A4651468F
:1032400011606AE703689B6A984772E71E00B542FF
:1032500000D072E63B6DBA681A6076E603685B6A76
:1032600098470300E7E703685B6A9847040076E73E
:10327000336830005B6A9847D2E7C046F0B5DE4657
:1032800057464E464546E0B59FB02A9D0A906C359C
:1032900028000F9309910E92FDF7E6FC0B90280091
:1032A000FCF770FB07002D980FF08AF8002300262A
:1032B00082460F9D0E980EAC1093002801D06B1C17
:1032C00043D001235B429B4601356B425D41289808
:1032D000299BEDB2002802D05A1C00D17BE00133BB
:1032E0005A425341AB4260D0B2455ED9109B9846DA
:1032F000002B5DD12D9BB5009C463B6865440022A8
:1033000038001B6B29689847252829D1731C9946DA
:103310003B6800221B6B380069689847434611934D
:1033200045282FD04F282DD04138C0B2382835D865
:10333000B14B80001B589F46FBF7B2FA5B462068F2
:1033400063600136002800D175E08368C26893424B
:1033500000D3F3E21D686B1CB3D100232360B0E7F8
:1033600020682D686368002801D05A1C42D09D4215
:10337000E2D00423B146109A6568134310934E4679
:1033800001369AE7B31C99463B6800223800A968C9
:103390001B6B98474138C0B23828C9D90423109A0A
:1033A0006568134320681093E9E7109B002B1ED03B
:1033B0002B9B1B6809930423099A13432B9A1360D0
:1033C0000A98030006CC06C31FB0F0BCBB46B24649
:1033D000A946A046F0BD8368C268934200D3B2E21A
:1033E0001B685A1C00D07AE70022289277E7B24582
:1033F000DED1E5E78368C268934200D3BDE21B6873
:103400005A1C00D1A4E22068B1E72000FFF742FD7A
:103410003B680100002238001B6B98470928BDD18A
:103420002068FBF73DFA4E465B4620686360013634
:10343000002800D089E701256D4245E710AB0793CE
:103440002A9B28AA0693042305936C4B0CAD049386
:103450000023039311AB02936B4603CA03C32800F6
:10346000226863680999FCF7ADFA230006CD06C30C
:10347000109B002B70D1119B614A9A18002B01DA26
:1034800064331A002C9B656820685A6177E79422A0
:103490000B9B9B689A58129298229A5813929C22DE
:1034A0009A581492A0229A581592A4229A581692C9
:1034B000A8229A581792AC229A581892B0229A5879
:1034C0001992B4229A581A92B8229A581B92BC2286
:1034D0009A581C92C0229B5828AA1D9310AB0693A1
:1034E0002A9B0CAD05930C23049312AB039311ABF1
:1034F00002936B4603CA03C32800226863680999D4
:10350000FFF7E0FC230006CD06C3109B002B23D160
:103510002C9B119A656820681A6130E710AB0793FD
:103520002A9B28AA0693022305933B330493002386
:10353000039311AB02936B4603CA03C30CAD28007F
:10354000226863680999FCF73DFA230006CD06C39B
:10355000109B002B00D1FFE1656820680FE70B9BF3
:103560009B689A6C1292DA6C13921A6D14925A6DCF
:1035700015929A6D1692DA6D17921B6E189310AB16
:1035800006932A9B28AA05930723049312AB03935F
:1035900011AB02936B4603CA03C30CAD280022682B
:1035A00063680999FFF78EFC230006CD06C3109BC4
:1035B000002BD1D12C9B119A656820689A61DEE6B8
:1035C0000B9B0CAD9B681B6905932C9B28AA04934D
:1035D00010AB03932A9B02936B4603CA03C32800D4
:1035E000226863680999FFF749FE230006CD06C3E8
:1035F00065682068C3E6C046A8CB04100F2700000A
:1036000094F8FFFF2000FFF745FC3B680200012112
:1036100038009B689847002800D1BFE610AB06939E
:103620002A9B28AA05930E230493D64B0CAD039333
:1036300012AB02936B4603CA03C3280009992268A0
:103640006368FFF73FFC23002A0003CA03C320007E
:1036500028A9FFF7E5FB002800D07DE7109B129A10
:10366000134300D078E72000FFF714FC3B68060006
:103670002D2138009B6A984786420BD02000FFF727
:1036800009FC3B6806002B2138009B6A984786425C
:1036900000D061E710AB07932A9B022606931723FD
:1036A00012AA0493002302926A460596039328A95E
:1036B00009C909C209992800636822688846FCF78D
:1036C00081F9280022000AC80AC23B230493002380
:1036D000039312AB02936B4610AA07922A9A05969F
:1036E000069228AA41CA41C341462800226863685D
:1036F000FCF768F9230006CD06C365682DE70B9B30
:103700000CAD9B689B695FE710AB07932A9B0CADE0
:103710000693022305931D3304931E3B039311ABC1
:1037200002936B4628AA03CA03C322686368280071
:103730000999FCF747F9230006CD06C3109B002B1F
:1037400000D009E72C9B119A65682068DA6016E6BC
:1037500010AB07932A9B0CAD0693022305931533F8
:1037600004930023039311AB02936B4628AA03CA68
:1037700003C32800226863680999FCF723F9230032
:1037800006CD06C3109B002B00D0E5E62C9B119ABA
:10379000656820689A60F2E510AB07932A9B0CAD30
:1037A0000693022305930A3304930B3BDAE710AB2D
:1037B00007932A9B28AA069302230593393304937F
:1037C0000023039311AB02936B4603CA03C30CADF2
:1037D0002800226863680999FCF7F4F8230006CDF5
:1037E00006C3109B002B00D0B6E62C9B119A65688F
:1037F00020685A60C3E5644A12AE911F3B683800E6
:10380000DD6A3300A8470CAD0596DEE60B9B9B688E
:10381000DA6A12921A6B13925A6B14929A6B15927F
:10382000DA6B16921A6C17925B6CA7E60B9B9B687F
:103830005A6E12929A6E1392DA6E14921A6F159251
:103840005A6F16929A6F1792DA6F189280229A58CE
:10385000199284229A581A9288229A581B928C2282
:103860009A581C92902236E6484A12AE1100093945
:10387000C4E72000FFF70EFB3B6802000821380078
:103880009B68984700286DD02068FBF709F8012352
:1038900010AA5B42636007922A9A092106920122CC
:1038A0000592039211AA02926A46049128A941C97D
:1038B00041C20CAD22683AE710AB07932A9B28AAB5
:1038C0000693022305930A3304930B3B039311AB36
:1038D00002936B4603CA03C30CAD280022686368D9
:1038E0000999FCF76FF8230006CD06C3109B002B47
:1038F00000D031E6119B2C9A013B6568206813616A
:103900003DE52000FFF7C6FA3B68010000223800C1
:103910001B6B98470A2800D040E581E50B9B0CAD56
:103920009B689B6850E63B6812AEDD6A3800330046
:10393000174A1849A8470CAD059646E603685B6A26
:103940009847050007E503685B6A9847030048E568
:103950000022002022600AE52C9B119A65682068ED
:103960001A600CE510AB07932A9B0CAD069302235B
:1039700005931D330493153BD0E603685B6A9847B3
:1039800003003DE5F82100206AAE041061AE04108A
:1039900075AE04106CAE0410F0B5C64600B58AB022
:1039A000060012980993139B6C300D0098460892FC
:1039B000FDF75AF9836810AA1B6906AF0593149B9B
:1039C00008AC049343460393129B02936B4603CACD
:1039D00003C329003800089A6368FFF74FFC2300EF
:1039E00006CF06C3089F6368002F01D05A1C1DD064
:1039F00001335A4253411098DDB2119B002801D087
:103A00005A1C1ED001335A425341AB4205D14246A3
:103A100002231268134342461360330030000897B4
:103A200006CC06C30AB080BCB846F0BDBB68FA68D5
:103A300093420CD21B685A1C511E8A4152421740B5
:103A4000D6E78368C268934207D21B68DAE73B680F
:103A500038005B6A98470300EDE703685B6A9847A4
:103A60000300CFE7F0B5C64600B58AB0060012984D
:103A70000993139B6C300D0098460892FDF7F4F8FB
:103A8000836810AA9B6806AF0593149B08AC049347
:103A900043460393129B02936B4603CA03C3290058
:103AA0003800089A6368FFF7E9FB230006CF06C3D6
:103AB000089F6368002F01D05A1C1DD001335A4261
:103AC00053411098DDB2119B002801D05A1C1ED022
:103AD00001335A425341AB4205D142460223126898
:103AE00013434246136033003000089706CC06C3E8
:103AF0000AB080BCB846F0BDBB68FA6893420CD2ED
:103B00001B685A1C511E8A4152421740D6E78368EF
:103B1000C268934207D21B68DAE73B6838005B6AE9
:103B200098470300EDE703685B6A98470300CFE717
:103B3000F0B54546DE4657464E46E0B58FB01A9979
:103B400006906C310BA8089209931C9EFEF7AEFB01
:103B500008AD070018A92800FFF762F98046002881
:103B600000D1F2E20022002493463B7C0192CB4A32
:103B700007920D92002B00D03EE392235B00FB5C8A
:103B80000493002B00D0FCE04346002B01D000F052
:103B90005EFC02930393C24B99462300303B092BF2
:103BA00000D97AE0E3B29B4633681A000C3A1168F8
:103BB00088464C1C51688C4203D89268002A00DC6D
:103BC000ACE00DAB210030009A46E3F7B5FA33685C
:103BD00059461A000C3A12689954012233689346E8
:103BE0000C3B4B4500D0A3E028688368C268934231
:103BF00000D3A8E00433836001235B426B608368D9
:103C0000C268934200D304E318680024431C00D127
:103C1000B3E01898199B002802D05A1C00D1A0E0EC
:103C200001335A425341A34224D10D9E34000C3C2F
:103C30002368002B0FD00DAB9A46039B002B00D1BD
:103C40000EE35246F968B86807F01EF9002802D161
:103C500004221B9B1A60924A069B03CD03C3944225
:103C600000D0C6E306980FB0F0BCBB46B246A946EA
:103C7000A046F0BD28686C68002800D18DE7631C61
:103C800000D08AE78368C268934200D3CDE31C6802
:103C9000631C00D081E700232B607B6AA34200D124
:103CA000C4E282235B00FB58A34204D08E235B0056
:103CB000FB58A342B9D1029B002B00D0C9E25B465E
:103CC000002BB2D00DAB652130009A46E3F73AFBEA
:103CD00028688368C268934200D3ADE304338360ED
:103CE00001235B426B6028000DAB18A99A46FFF7D1
:103CF00097F80290002898D12800FFF7CBF8C0234E
:103D0000FB580400834200D1FCE1BC23FB582D2169
:103D1000834200D1F7E15B4602933EE742465946B3
:103D200099540122336893460C3B4B4500D15BE725
:103D300000221C609A6043445A7328688368C268F2
:103D4000934200D256E703680DAA9B6A92469847B1
:103D5000012328685B4201246B60002800D158E7EA
:103D60004DE78368C268934200D358E21B685A1C2F
:103D700000D055E70022189252E7002301342B604F
:103D800047E74346002B00D061E3CC339C46BC445C
:103D90006346002205933B7C02920392002B03D0E2
:103DA000BB6AA34200D12FE17B6AA34200D085E029
:103DB000039B002B00D065E2029B002B00D061E248
:103DC0000DAB9A460D9B1A000C3A1468002C1DD0BE
:103DD000694609798946611C88465168884503D837
:103DE0009268002A00DC7CE141465046E3F7A4F9E2
:103DF00053461B6849461A000C3A126899545346B8
:103E00001B68274A0C3B934200D074E133681A00C8
:103E10000C3A116888464C1C51688C4203D8926851
:103E2000002A00DC4CE121003000E3F785F933681B
:103E30001A000C3A11682E225A54049A33680392DD
:103E4000174A0C3B934200D010E128688368C2688F
:103E500093426BD20433836001235B426B608368BF
:103E6000C268934200D3D0E218680024431C00D1FA
:103E700005E21898199B002802D05A1C00D1FBE0DB
:103E800001335A425341A34200D1CEE628686C6800
:103E9000002801D0631C05D03B7C7FE7043203205F
:103EA000F83103208368C268934200D3ECE21C68B7
:103EB000631CF1D100232B603B7C6FE7059B0A223A
:103EC0002100180098460EF027FC00283BD04346FE
:103ED000C41A3368A4101A000C3A116830348946A9
:103EE0000121494488465168E4B2884503D8926864
:103EF000002A00DCE6E00DAB414630009A46E3F7CD
:103F00001BF933681A000C3A12689C543368D24A81
:103F10000C3B934200D0DDE0019B28680133019304
:103F2000049BC2689B468368934293D303680DAA9F
:103F30009B6A92469847012328685B42049C6B6009
:103F4000002896D08BE782235B00FB58A34205D064
:103F50008E235B00FB58A34200D066E6029B002B39
:103F600000D062E65B46002B00D15EE60DAB9A46C0
:103F70000D9B0C3B1B68002B03D0039B002B00D137
:103F800041E133681A000C3A116888464C1C5168AC
:103F90008C4203D89268002A00DCBCE0210030008B
:103FA000E3F7CAF8336865211A000C3A126899548D
:103FB0003368A94A0C3B934200D0B5E02868836877
:103FC000C268934200D3BAE004338360012328001F
:103FD0005B4218A96B60FEF723FF0290002800D017
:103FE00023E628686C68002802D0631C00D153E1E6
:103FF000C023F958A1424BD0043BFB58A34247D001
:104000005A463B7C0292C9E6039B002B00D039E163
:10401000029B002B00D035E1019B002B00D13AE23E
:10402000DBB299460DAB9A460D9B1A000C3A11680B
:1040300088464C1C51688C4203D89268002A00DCE8
:1040400081E021005046E3F777F853461B681A00D9
:104050000C3A126849469954534600211B687E4A1F
:104060000C3B03910191934200D1EEE600221C60CB
:104070009A6043445A73E8E68368C268934200D367
:10408000C9E11B685A1C00D0FAE600221892F7E634
:104090003B7C002B03D0BA6AA24200D1C2E17A6A0B
:1040A000A24200D18DE1091B4B42594101234942F3
:1040B000994330002D31E3F745F95B460293C4E69E
:1040C0004146B8E64A469C543368634A0C3B9342E7
:1040D00000D121E7002241469A6019604B445A738F
:1040E0001AE722004946995453461B685A4A0C3B2A
:1040F000934200D18AE6002241469A6019601B195A
:104100005A7383E62B210DAB30009A46E3F71AF978
:104110005B46029368E542466521995433684E4AEE
:104120000C3B934200D149E700221C609A60434453
:104130005A7328688368C268934200D244E70368D0
:104140009B6A984742E7424684E72800FEF7A2FEB2
:10415000C023F9580400814200D1A9E0043BFB5878
:10416000834200D1A4E03B7C002293460192CC32F2
:1041700091465A46002B03D0B96AA14200D123E1EF
:10418000796AA14200D10AE149467958A14200D09A
:1041900005E1002A00D1B3E0019B286801330193B7
:1041A000C2688368934200D3D8E00433836001235C
:1041B0005B426B608368C268934200D310E1186869
:1041C00000239A46431C00D1F6E01898199B00285A
:1041D00002D05A1C00D1D7E001335A425341534513
:1041E00000D0C8E001223B7C934690461B4A0792D0
:1041F0000D92002B00D1C0E40DAB202118009A468F
:10420000E2F79AFFB9E46B4650461979E3F79AF85A
:10421000B7E603680DAA5B6A92469847F5E403681F
:104220000DAA5B6A924698470300A0E5039B002B0A
:1042300000D036E5029B002B00D116E182235B0003
:10424000FB58A3421ED08E235B00FB58A34200D034
:10425000EBE401230293E8E4F83103200432032065
:10426000029B002B00D0ECE46B4619790DAB1800D3
:104270009A46E3F767F80D9E34000C3CE1E42C60AD
:10428000049CF6E50D9E0DAB34000C3C9A46236869
:10429000002B00D0D5E4DEE48368C268934200D3EB
:1042A000D0E01C68631C00D0A2E600232B609FE6D0
:1042B0003B7C002B03D0BA6AA24200D154E77A6A51
:1042C000A24200D150E7091B4B4259410123494208
:1042D00099432D313000E3F735F80898FAF7E0FA02
:1042E000012328005B4218A96B60FEF799FD0028A6
:1042F00000D1C4E000223B7C93468046019236E424
:1043000033681A000C3A11688B46012159448A46D9
:1043100051688A4503D891685A46002907DD5146FD
:104320003000E2F709FF33681A000C3A12683021B6
:10433000995433686A4A0C3B934200D12CE700221F
:1043400051469A6019605B445A73019B2868013397
:104350000193C2688368934200D226E703689B6A90
:104360009847012328685B426B6002339A46002815
:1043700000D12AE71EE728686C68002801D0631C7A
:1043800010D001223B7CF5E68368C26893422BD2B1
:104390001B685A1C00D01FE7002218921CE79346A6
:1043A000FFF7E5FB8368C268934259D21C68631C1F
:1043B000E7D100232B60E4E753462B6001339A4694
:1043C00003E75A460292E9E4464B202107930D93F6
:1043D0000DAB180093469A46E2F7AEFEFFF7CDFB11
:1043E00003685B6A9847EBE603685B6A98470300DB
:1043F000CFE7043E33685A1E3260002B00DD31E403
:1044000020000CA9E2F722FD2CE403680DAA5B6AE8
:104410009246984729E503680DAA5B6A9246984739
:1044200003002FE69B460293B8E403680DAA5B6A7B
:104430009246984704002BE403680DAA9B6A9246B3
:1044400098474DE403685B6A984704002AE70D9E8D
:1044500034000C3C2368002B00D005E7FFF7FBFB82
:1044600003685B6A98470400A1E7013303932E2198
:104470000DAB30009A46E2F765FFFFF7B5FB280069
:10448000FEF708FD04006EE603680DAA5B6A92461B
:10449000984704000CE53368114A19000C39886804
:1044A00000280DDD914212D1079B33600D9E340030
:1044B0000C3C2368002B01D1FFF7CEFB0021D5E691
:1044C0009142F3D00198886008601870EEE7043BD1
:1044D00001381860E8E75046E2F7ECFD04F09CFF75
:1044E000F831032004320320F0B54746CE4680B5AC
:1044F0008DB009930AAB9946414B06008846484661
:10450000202108AC179F08920A93E2F715FE4B464C
:104510000493169B039702936B4614AA03CA03C322
:1045200006AD41462800089A6368FFF701FB2300A7
:1045300006CD06C3089B0A9D9846DDF787FA3A0028
:104540000B900BAB2800189906F0C6F8424663683A
:10455000002A01D05A1C23D001335A4253411498E7
:10456000DDB2159B002801D05A1C28D001335A42D5
:104570005341AB4203D102233A6813433B604346A5
:104580000893330006CC06C30A9B1E4A18000C3859
:1045900090421AD130000DB0C0BCB946B046F0BD53
:1045A000434642469B68D26893421DD21B685A1C00
:1045B000511E8A414146524211408846CCE78368E9
:1045C000C26893420BD21B68D0E7043B1A68511EA5
:1045D0001960002ADEDC0BA9E2F738FCDAE7036891
:1045E0005B6A98470300C1E743461B6840465B6A25
:1045F00098470300DBE74846E2F75CFD04F00CFF58
:1046000004320320F8310320F0B54746CE4680B58A
:104610008DB009930AAB9946414B0600884648463F
:10462000202108AC179F08920A93E2F785FD4B46BC
:104630000493169B039702936B4614AA03CA03C301
:1046400006AD41462800089A6368FFF771FA230017
:1046500006CD06C3089B0A9D9846DDF7F7F93A0098
:104660000B900BAB2800189906F090F8424663684F
:10467000002A01D05A1C23D001335A4253411498C6
:10468000DDB2159B002801D05A1C28D001335A42B4
:104690005341AB4203D102233A6813433B60434684
:1046A0000893330006CC06C30A9B1E4A18000C3838
:1046B00090421AD130000DB0C0BCB946B046F0BD32
:1046C000434642469B68D26893421DD21B685A1CDF
:1046D000511E8A414146524211408846CCE78368C8
:1046E000C26893420BD21B68D0E7043B1A68511E84
:1046F0001960002ADEDC0BA9E2F7A8FBDAE7036801
:104700005B6A98470300C1E743461B6840465B6A03
:1047100098470300DBE74846E2F7CCFC04F07CFE58
:1047200004320320F8310320F0B54746CE4680B569
:104730008DB009930AAB9946414B0600884648461E
:10474000202108AC179F08920A93E2F7F5FC4B462C
:104750000493169B039702936B4614AA03CA03C3E0
:1047600006AD41462800089A6368FFF7E1F9230087
:1047700006CD06C3089B0A9D9846DDF767F93A0007
:104780000B900BAB2800189906F064F8424663685A
:10479000002A01D05A1C23D001335A4253411498A5
:1047A000DDB2159B002801D05A1C28D001335A4293
:1047B0005341AB4203D102233A6813433B60434663
:1047C0000893330006CC06C30A9B1E4A18000C3817
:1047D00090421AD130000DB0C0BCB946B046F0BD11
:1047E000434642469B68D26893421DD21B685A1CBE
:1047F000511E8A414146524211408846CCE78368A7
:10480000C26893420BD21B68D0E7043B1A68511E62
:104810001960002ADEDC0BA9E2F718FBDAE703686F
:104820005B6A98470300C1E743461B6840465B6AE2
:1048300098470300DBE74846E2F73CFC04F0ECFD58
:1048400004320320F8310320F0B54E46DE464546DB
:104850005746E0B591B01C9C069021000DA86C3124
:104860000A920B93FDF722FD4A23E2680AAE1A4032
:1048700005000292402A00D19AE2082A37D0403B34
:10488000994630001AA9FEF7CBFA002800D0F5E1CE
:104890000A987468002802D0631C00D1D0E2BC23BF
:1048A000EA58131B59424B41DBB20893A24203D092
:1048B000C023EB58A3422DD12B7C002B02D0AA6A37
:1048C000A24228D06A6AA24225D00A98F9F7E8FFE6
:1048D000012330005B421AA97360FEF7A1FA8046FB
:1048E000002813D000222B7C0027019266E03000C4
:1048F0001AA9FEF795FA102399460028C8D0162267
:1049000006332F7C91460793063BBAE13000FEF751
:10491000C1FA04002B7C00220192CC329246083A64
:1049200000279346002B03D0AA6AA24200D138E1A7
:104930006A6AA24200D134E15246AA58A24200D18A
:1049400016E1002F00D12CE15A46AA58A24204D009
:10495000C822AA58A24200D063E2029A002A00D1DB
:10496000EEE04A46102A00D075E2002300270193AA
:1049700030688368C268934200D3ECE004338360FC
:1049800001235B4273608368C268934200D340E2B4
:10499000186800239846431C00D11CE21A981B9B00
:1049A000002802D05A1C00D137E101335A4253414A
:1049B000434500D0EAE0012290462B7C4A46102A6B
:1049C00000D1162207920392A94A0F92002B00D021
:1049D000FAE1A84A089B94466344180004934B46A6
:1049E00049460993D8F7AAFE922302905B00EB5C3C
:1049F0009B46002B00D05CE14346002B00D06FE2C9
:104A000030229446079BC24663449846039B0A2B78
:104A100000DDC9E02F2C6CD9A0456AD9303C029B3F
:104A2000534500D3C9E0012330689B46C2688368C0
:104A3000934200D3D7E00433836001235B42736069
:104A40008368C268934200D30BE218680024431CB9
:104A500000D1E2E11A981B9B002802D05A1C00D119
:104A6000F3E001335A425341A34231D101240F9B59
:104A700018000C380268002A42D1019A002A01D19C
:104A8000002F5BD05A46002A00D1A9E17949089A43
:104A90008C4662441E990A6004221D990A60002C0B
:104AA00007D01D9A12680192022201990A431D99AA
:104AB0000A60069A12CE12C26F4A904200D0B4E148
:104AC000069811B0F0BCBB46B246A946A046F0BD60
:104AD00030687468002899D0631C97D18368C268D5
:104AE000934200D3D4E11C68631C00D08EE70023FE
:104AF00033600F9B002418000C380268002ABCD0D9
:104B00006B461979002399460FAB18009846059318
:104B1000E2F718FC4246E968A86806F0B5F90028F3
:104B200002D104231D9A1360019B002B00D15FE189
:104B30000F9B18000C384A46002AA3D00022A9E790
:104B400000233068019310339946C26883680027B8
:104B5000934200D212E703689B6A984701233068AA
:104B60005B42736002339846002800D116E70AE7DB
:104B7000002F46D04A460A2A00D0E5E6029B002BC9
:104B800046D10023019308339946F1E630687468F2
:104B9000002802D0631C00D1F8E02B7C002F00D04D
:104BA000C0E60022904609E720003038092840D8A6
:104BB000029B0400534500D235E752464B465A4308
:104BC000049B59461B1B93429B41A2465B421943DF
:104BD000019B3068013392440193C26883688B461D
:104BE000934200D227E703680FAA9B6A0592984771
:104BF000012330685B4201247360002800D129E75B
:104C00001EE7029B002B1AD04B46082B00D1CBE0AD
:104C1000019B012701330193AAE68368C26893428E
:104C200000D3F1E01B685A1C00D0BEE600221A92A5
:104C3000BBE62300613B052B13D8573CEFE600236E
:104C4000019308330127994692E68368C26893422C
:104C500000D30CE11B685A1C00D002E700221A9214
:104C6000FFE62300413B052B00D942E7373CD6E65F
:104C700004320320FFFFFF7FF83103204B462F7CD7
:104C800007939C4A0F92002F00D094E019009A4895
:104C90000993D8F753FD922302905B00EB5C984692
:104CA000002B00D1EAE00023002408930193924BEB
:104CB00004934346002B00D0F1E0CC339846002308
:104CC0009B469A462B7CA8449946002B02D0AB6A9F
:104CD000A34244D06B6A9C4200D10AE721004046BF
:104CE000079A0DF019FD002800D102E74346C01ACB
:104CF00083103C2800DD063B029A524551D35146B1
:104D0000099A58465143049A9A46D21A8A429241C5
:104D1000524210438346019B8A4401330193306819
:104D20008368C26893422BD20433836001235B42C1
:104D3000736030000FAB1AA90593FEF771F8041EDB
:104D400000D094E60FAB30000593FEF7A3F82B7C60
:104D500004009946002BBDD0AB6AA342BAD1019B97
:104D6000002B00D1A5E0D9B20FAB18000593E2F7F4
:104D7000E9FA002330680193C26883689342D3D371
:104D800003680FAA9B6A05929847CFE78368C268B9
:104D9000934278D21C68631C00D0FEE60023336087
:104DA000FBE601239B46BAE7002301270193DFE5D9
:104DB0000823994665E54A4699460023B8460024EB
:104DC00000270392019308930FAB2021180005934D
:104DD000E2F7B2F9FDE50023336001339846DDE5E3
:104DE00008995246002900D052421E990A6056E6A0
:104DF0000F9B18000C38002F00D09CE60268002A98
:104E000000D098E6002245E603685B6A98470300F5
:104E100009E703685B6A9847BBE500230134336008
:104E200018E6002201279046C8E5043B1A68511E87
:104E30001960002A00DD43E60EA9E2F707F83FE615
:104E40008368C26893422FD21C68631C00D026E599
:104E500000230A9323E5079203920022012790463C
:104E6000B2E503680FAA5B6A05929847EEE503680E
:104E70000FAA5B6A059298470300ECE69B469A46A8
:104E800008930193F2E503685B6A9847040082E7A0
:104E900003680FAA5B6A05929847040024E6002382
:104EA00044469A469B46E2E503685B6A98470400DD
:104EB000CBE70F9B18000C380268002A08D11E9A15
:104EC000002F08D00199116004221D990A60F0E5B5
:104ED0000024002118E6176004221D990A60E8E505
:104EE000002344469A46C2E50598E2F7E3F804F049
:104EF00093FAC04604320320FFFFFF7FF0B589B06C
:104F0000040012980EAD049011980390109802902E
:104F10006846C0CDC0C02000FFF796FC200009B055
:104F2000F0BDC046F0B545464E46DE465746E0B5B4
:104F300001268FB00B931A9B0A92DA680AAD06908D
:104F400032421CD1012202936B4652420D920DAAAD
:104F500004921B9A08AC039218AA81CA81C320004C
:104F60000A9A6B68FFF770FC2B0006CC06C30D9BFA
:104F7000012B00D97DE01C9A3340137064E06C3340
:104F800019000DA8FDF792F9036A81468669002B86
:104F900000D00AE1002E00D130E1002601270023D5
:104FA000984601339A469B466C682868002802D0D0
:104FB000631C00D1DAE0013463425C411898199B0C
:104FC000E4B2002802D05A1C00D1AAE001335A42B0
:104FD0005341A34200D1B4E028686B68002802D096
:104FE0005A1C00D1CDE0002F57D149464246C9692D
:104FF000920052589A4253D0002E00D0E9E0494620
:1050000042464969920052589A4200D173E0002FFB
:1050100000D025E1002E11D001239C462868E044F1
:105020008368C268934200D36FE004338360012336
:105030005B426B60002E47D1002F10D100231C9AD9
:10504000137004231B9A1360069B06CD06C30698B3
:105050000FB0F0BCBB46B246A946A046F0BD4B46D9
:105060009B69984500D29DE0E8D14346002BE5D0EE
:10507000BBE01C9B1B9A1E7004232800136018A918
:10508000FDF7CEFE0028DFD01B9B1B680793022391
:10509000079A13431B9A1360D6E75A46002AABD0EF
:1050A000002E00D1A6E05346002B32D1002FB3D002
:1050B0004B461B6A4345C1D1002BC0D000231C9A2C
:1050C00013701B9A1360BFE74B461B6A002F23D057
:1050D0004A46966946455FD90022002140469842DB
:1050E0004A413E00D3B200220124BA46B3461F0013
:1050F0001600644259E701239C462868012783680B
:10510000C268E044934200D28FE703689B6A9847E5
:105110008DE757461E007FE74345CBD93200002379
:10512000E2E78368C268934249D21B685A1C00D0E8
:105130004CE70022013318925A425341A34200D057
:105140004AE75B46002B03D04B461B6A43455BD0C6
:105150005346002B03D04B469B6998455ED00023F5
:105160001C9A137006231B9A13606DE78368C2684C
:1051700093421FD21C68631C00D01CE700232B60E5
:1051800019E78368C26893421ED21B685A1C00D07C
:1051900029E700222A6026E743455BD93A003E0012
:1051A0000023A1E700223B009EE773425E410027F7
:1051B000F6B2F4E603685B6A98470400DBE703682D
:1051C0005B6A98470300B1E703685B6A984703008E
:1051D000DCE75346002B00D130E74B469B699845EE
:1051E00000D02BE74346002B3ED001231C9A1370BE
:1051F000002366E7013602E7002E35D11C9B1B9A7F
:105200001E70042313601FE74346002B12D1534640
:10521000002B0BD042461C9B1A70A3E74346002B81
:10522000F8D001231C9A1370DB184AE752461C9BE6
:105230001A7097E700231C9A13705346002B01D174
:1052400002233EE74B469A690223424500D038E7E5
:10525000042336E743450CD0464500D0EEE6C1E7CF
:10526000002E00D024E7E9E642461C9B1A70042376
:1052700027E74346002BBFD000231C9A13704645F6
:1052800000D01EE7E4E7C046F0B54E46DE46454690
:105290005746E0B58FB01A9C039021000BA86C31E3
:1052A00008920993FDF702F84A23E26808AE1A4013
:1052B00005009146402A00D188E2082A3DD00A2301
:1052C000300018A90293FDF7ABFD8046002800D0FE
:1052D00086E208987468002802D0631C00D1C8E2F6
:1052E000BC23EA58131B59424B41DBB20793A2423D
:1052F00003D0C023EB58A34237D12B7C002B02D024
:10530000AA6AA24232D06A6AA2422FD00898836861
:10531000C268934200D3D0E204338360012330009B
:105320005B4218A97360FDF77BFD8046002818D00A
:1053300000222B7C002701926BE0300018A9FDF7BA
:105340006FFD1023804602930028C2D016222B7CCA
:1053500004920022019207921632002400279146FF
:105360005DE03000FDF796FD04002B7C00220192E9
:10537000CC329246083A00279346002B03D0AA6A03
:10538000A24200D1FCE06A6AA24200D1F8E0524693
:10539000AA58A24200D1DAE0002F00D1F0E05A462C
:1053A000AA58A24204D0C822AA58A24200D051E270
:1053B0004A46002A00D1B2E0029A102A00D063E2E5
:1053C00000230027019330688368C268934200D3AA
:1053D000B0E00433836001235B4273608368C2687A
:1053E000934200D32FE2186800239846431C00D153
:1053F00009E21898199B002802D05A1C00D108E134
:1054000001335A425341434500D0AEE00122904659
:105410002B7C029A102A00D1162291460492AB4AA4
:105420000D92002B00D0E9E10299A948D8F75EF966
:1054300083B29B4692235B00EB5C0593002B00D06C
:105440004AE14346002B00D032E2C246049B30338F
:1054500004934B460A2B00DD95E02F2C00D8F7E093
:10546000049B9C4200D3F3E020003038C34500D3B6
:105470009DE0012330689A46C2688368934200D356
:10548000AFE00433836001235B4273608368C268CA
:10549000934200D3FEE118680024431C00D1D6E1FA
:1054A0001898199B002802D05A1C00D101E1013341
:1054B0005A425341A34200D0B7E001240D9B18008B
:1054C0000C380268002A00D0CAE0019A002A02D1F2
:1054D000002F00D1E0E05246002A00D198E10122DD
:1054E0001C9952420A801B9905320A60002C07D091
:1054F0001B9A12680192022201990A431B990A60C1
:10550000039A12CE12C2734A904200D0A6E10398C9
:105510000FB0F0BCBB46B246A946A046F0BD002382
:105520003068019310330293C26883680027934266
:1055300000D24EE703689B6A9847012330685B42BC
:10554000736002339846002800D152E746E7002FE7
:1055500053D0029A0A2A00D021E74B46002B53D1A0
:1055600000230193083302932DE730687468002804
:1055700002D0631C00D117E12B7C002F00D0FCE689
:105580000022904645E720003038092800D86DE712
:105590002300613B2738052B00D867E72300413BF8
:1055A000052B55D820003738C34500D261E7434664
:1055B000029A5343464A9BB2111A01228B4200DCE5
:1055C00000225146181883B29846019B3068114357
:1055D000CAB2013392460193C2688368934200D2F3
:1055E0004FE703689B6A9847012330685B420124B8
:1055F0007360002800D153E748E74B46002B52D098
:10560000029B082B00D1DDE0019B012701330193B0
:10561000D9E68368C268934200D30FE11B685A1C25
:1056200000D0EDE600221892EAE63068746800289F
:1056300000D10EE7631C00D00BE78368C268934279
:1056400000D33EE11C68631C00D002E700233360F6
:105650000D9B002418000C380268002A00D134E7A2
:105660006B461979002399460DA8E1F76BFEE968AE
:10567000A8680DAA05F008FC002802D104231B9A93
:105680001360019B002B00D1CDE00D9B18000C385E
:105690004A46002A00D11EE700221C990A801B9965
:1056A00004320A6022E700230193083301270293A2
:1056B00089E68368C268934200D3EFE01B685A1CF6
:1056C00000D0F4E600221892F1E6C046043203202E
:1056D000FFFF0000F83103204346002B00D0F5E027
:1056E000CC339C46AC446346069300239A469846C6
:1056F0002B7C9946002B02D0AB6AA34241D06B6A47
:105700009C42A5D02100069C049A20000DF004F8CC
:1057100000289DD0001B82103C2800DD063AC345BE
:105720004DD3434602994B437B499BB2881A0121D2
:10573000834200DC002150460843C1B28A469B18D0
:105740009BB29846019B0133019330688368C2681D
:10575000934225D204338360012330005B4218A9B1
:105760007360FDF75DFB041E00D0A7E63000FDF777
:1057700091FB2B7C04009946002BC0D0AB6AA3425E
:10578000BDD1019B002B00D1AAE0D9B20DA8E1F751
:10579000D9FD002330680193C26883689342D9D34E
:1057A00003689B6A9847D7E78368C26893427AD2B6
:1057B0001C68631C00D0DFE600233360DCE6059B39
:1057C0009A46C2E7002301270193FCE50823300035
:1057D00018A90293FDF724FB8046002800D178E544
:1057E000029A2B7C914604920022019207924B4A26
:1057F000002400270D92002B00D115E620210DA8D2
:10580000E1F79AFC10E60023336001339846F0E597
:10581000079A002A03D04246524292B2904641462D
:105820001C9A118062E60D9B18000C38002F00D0E6
:105830002EE70268002A00D02AE72DE703685B6A9A
:1058400098470300EBE603685B6A9847CCE5346051
:10585000013425E6002201279046DAE5043B1A6868
:10586000511E1960002A00DD51E60CA9E1F7EEFA9D
:105870004DE68368C26893422DD21C68631C00D039
:105880002EE5002308932BE5914604920022012780
:105890009046C4E503685B6A9847FDE503685B6A68
:1058A000984703000BE703685B6A9847040080E7AA
:1058B000002344469A46984600E603689B6A984748
:1058C0002CE503685B6A98470400BCE60023444665
:1058D0009A469846F2E503685B6A98470400CDE76C
:1058E0000D9B18000C380268002A08D11C9A002F62
:1058F00008D00199118004221B990A6000E6002457
:105900000021B1E6178004221B990A60F8E50DA872
:10591000E1F7D0FB03F080FDFFFF0000043203201D
:10592000F0B589B0040012980EAD04901198039060
:10593000109802906846C0CDC0C02000FFF7A4FCBC
:10594000200009B0F0BDC046F0B54E46DE464546E3
:105950005746E0B58FB01A9C049021000BA86C311B
:1059600008920993FCF7A2FC4A23E26808AE1A40A9
:1059700005009146402A00D178E2082A38D00A234F
:10598000300018A90293FDF74BFA8046002800D09A
:1059900076E208987468002802D0631C00D1B8E24F
:1059A000BC23EA58131B59424B41DBB20793A24276
:1059B00003D0C023EB58A34232D12B7C002B02D062
:1059C000AA6AA2422DD06A6AA2422AD00898F8F7A1
:1059D00067FF012330005B4218A97360FDF720FACE
:1059E0008046002818D000222B7C002701926BE013
:1059F000300018A9FDF714FA1023804602930028FE
:105A0000C7D016222B7C05920022019207921632F3
:105A10000024002792465DE03000FDF73BFA0400C9
:105A20002B7C00220192CC329246083A0027934602
:105A3000002B03D0AA6AA24200D1FEE06A6AA24209
:105A400000D1FAE05246AA58A24200D1DCE0002F71
:105A500000D1F2E05A46AA58A24204D0C822AA585D
:105A6000A24200D046E24A46002A00D1B4E0029A9F
:105A7000102A00D058E20023002701933068836881
:105A8000C268934200D3B2E00433836001235B42D7
:105A900073608368C268934200D323E218680023CE
:105AA0009846431C00D1FEE11898199B002802D0AB
:105AB0005A1C00D1FAE001335A425341434500D009
:105AC000B0E0012290462B7C029A102A00D11622C7
:105AD00092460592A94A0D92002B00D0DEE10120EA
:105AE00002994042D7F72AFE922303905B00EB5CB9
:105AF0000693002B00D045E14346002B00D027E25F
:105B000030229446059BC3466344C146984653469B
:105B10000A2B00DD94E02F2C00D8E6E0444500D3AA
:105B2000E3E0303C039B4B4500D392E00123306817
:105B30009B46C2688368934200D39FE0043383602E
:105B400001235B4273608368C268934200D3F6E12D
:105B500018680024431C00D1C8E11898199B00283C
:105B600002D05A1C00D1F7E001335A425341A342FC
:105B700000D0A7E001240D9B18000C380268002A11
:105B800000D0BAE0019A002A02D1002F00D1D0E063
:105B90005A46002A00D18BE101221C9952420A6028
:105BA0001B9905320A60002C07D01B9A12680192DB
:105BB000022201990A431B990A60049A12CE12C26A
:105BC0006F4A904200D099E104980FB0F0BCBB46F8
:105BD000B246A946A046F0BD0023306801931033B9
:105BE0000293C26883680027934200D24CE703689F
:105BF0009B6A9847012330685B4273600233984682
:105C0000002800D150E744E7002F43D0029A0A2A27
:105C100000D01FE74B46002B43D1002301930833EC
:105C200002932BE730687468002802D0631C00D10F
:105C30000AE12B7C002F00D0FAE60022904643E7D1
:105C40002000303809287BD8039B04004B4500D244
:105C50006CE74A46029B59465A43E34393429B41B1
:105C6000A1465B421943019B306801339144019383
:105C7000C26883688B46934200D25FE703689B6AE1
:105C80009847012330685B4201247360002800D1EB
:105C900063E758E74B46002B58D0029B082B00D1F6
:105CA000E0E0019B012701330193E7E68368C268C6
:105CB000934200D311E11B685A1C00D0FBE600227E
:105CC0001892F8E630687468002800D11FE7631C5A
:105CD00000D01CE78368C268934200D33DE11C6892
:105CE000631C00D013E7002333600D9B00241800D1
:105CF0000C380268002A00D144E76B46197900236A
:105D00009A460DA8E1F71EFBE968A8680DAA05F000
:105D1000BBF8002802D104231B9A1360019B002BBF
:105D200000D1CFE00D9B18000C385246002A00D15C
:105D30002EE700221C990A601B9904320A6032E7A0
:105D40002300613B052B13D8573CEBE6002301935E
:105D500008330127029391E68368C268934200D317
:105D6000E8E01B685A1C00D0FEE600221892FBE611
:105D70002300413B052BB8D8373CD3E6043203203F
:105D8000F83103204346002B00D0EBE0CC3398469B
:105D900000239B4699462B7CA8449A46002B02D0B0
:105DA000AB6AA3423DD06B6A9C429ED02100404624
:105DB000059A0CF0B1FC002897D04346C01A831016
:105DC0003C2800DD063B039A4A4548D34946029ADF
:105DD00058465143DA438A4292415242994610430F
:105DE0008346019B89440133019330688368C2680C
:105DF000934225D204338360012330005B4218A90B
:105E00007360FDF70DF8041E00D0B4E63000FDF716
:105E100041F82B7C04009A46002BC4D0AB6AA34205
:105E2000C1D1019B002B00D1A6E0D9B20DA8E1F7AA
:105E300089FA002330680193C26883689342D9D3FA
:105E400003689B6A9847D7E78368C26893427AD20F
:105E50001C68631C00D0ECE600233360E9E6069B77
:105E60009B46C2E700230127019307E60823300081
:105E700018A90293FCF7D4FF8046002800D188E5DA
:105E8000029A2B7C92460592002201920792484A80
:105E9000002400270D92002B00D120E620210DA820
:105EA000E1F74AF91BE60023336001339846FBE52E
:105EB000079A002A02D04A465242914649461C9A05
:105EC000116070E60D9B18000C38002F00D02CE7F5
:105ED0000268002A00D028E72BE703685B6A98472E
:105EE0000300E9E603685B6A9847D8E500230134BC
:105EF000336032E6002201279046E5E5043B1A684C
:105F0000511E1960002A00DD5EE60CA9E0F79EFF35
:105F10005AE68368C268934229D21C68631C00D089
:105F20003EE5002308933BE59246059200220127B7
:105F30009046CFE503685B6A9847030012E7036861
:105F40005B6A984705E603685B6A9847040080E748
:105F5000002344469B4699460DE603685B6A9847D2
:105F60000400BDE60023444699469B4603E60368C9
:105F70005B6A98470400D1E70D9B18000C38026853
:105F8000002A08D11C9A002F08D001991160042220
:105F90001B990A6011E600240021B2E61760042272
:105FA0001B990A6009E60DA8E1F784F803F034FABA
:105FB00004320320F0B589B0040012980EAD0490AD
:105FC00011980390109802906846C0CDC0C0200080
:105FD000FFF7BAFC200009B0F0BDC046F0B54E4650
:105FE000DE4645465746E0B58FB01A9C0490210026
:105FF0000BA86C3108920993FCF758F94A23E26820
:1060000008AE1A4005009146402A00D17EE2082AD7
:106010003DD00A23300018A90293FCF701FF804607
:10602000002800D07CE208987468002802D0631C25
:1060300000D1BEE2BC23EA58131B59424B41DBB2EC
:106040000793A24203D0C023EB58A34237D12B7C45
:10605000002B02D0AA6AA24232D06A6AA2422FD092
:1060600008988368C268934200D3C6E20433836011
:10607000012330005B4218A97360FCF7D1FE804613
:10608000002818D000222B7C002701926BE0300002
:1060900018A9FCF7C5FE1023804602930028C2D041
:1060A00016222B7C059200220192079216320024C0
:1060B000002792465DE03000FCF7ECFE04002B7CEC
:1060C00000220192CC329246083A00279346002BD8
:1060D00003D0AA6AA24200D1FEE06A6AA24200D1BD
:1060E000FAE05246AA58A24200D1DCE0002F00D1CB
:1060F000F2E05A46AA58A24204D0C822AA58A242A4
:1061000000D047E24A46002A00D1B4E0029A102AA1
:1061100000D059E200230027019330688368C268E9
:10612000934200D3B2E00433836001235B42736087
:106130008368C268934200D324E21868002398461B
:10614000431C00D1FFE11898199B002802D05A1C6B
:1061500000D1FAE001335A425341434500D0B0E048
:10616000012290462B7C029A102A00D116229246D8
:106170000592AA4A0D92002B00D0DFE1012002997E
:106180004042D7F7DBFA922303905B00EB5C069367
:10619000002B00D046E14346002B00D028E23022FD
:1061A0009446059BC3466344C146984653460A2B12
:1061B00000DD94E02F2C00D8E6E0444500D3E3E076
:1061C000303C039B4B4500D392E0012330689B4653
:1061D000C2688368934200D39FE004338360012345
:1061E0005B4273608368C268934200D3F2E118682F
:1061F0000024431C00D1C9E11898199B002802D043
:106200005A1C00D1F7E001335A425341A34200D057
:10621000A7E001240D9B18000C380268002A00D06A
:10622000BAE0019A002A02D1002F00D1D0E05A46EC
:10623000002A00D18CE101221C9952420A601B996C
:1062400005320A60002C07D01B9A126801920222C4
:1062500001990A431B990A60049A12CE12C2704A2D
:10626000904200D09AE104980FB0F0BCBB46B24611
:10627000A946A046F0BD0023306801931033029375
:10628000C26883680027934200D24CE703689B6A88
:106290009847012330685B427360023398460028B8
:1062A00000D150E744E7002F43D0029A0A2A00D0D9
:1062B0001FE74B46002B43D1002301930833029381
:1062C0002BE730687468002802D0631C00D10BE112
:1062D0002B7C002F00D0FAE60022904643E72000F6
:1062E000303809287BD8039B04004B4500D26CE76B
:1062F0004A46029B59465A43E34393429B41A14677
:106300005B421943019B3068013391440193C26899
:1063100083688B46934200D25FE703689B6A984785
:10632000012330685B4201247360002800D163E7D9
:1063300058E74B46002B58D0029B082B00D1E1E0D8
:10634000019B012701330193E7E68368C26893420A
:1063500000D312E11B685A1C00D0FBE60022189201
:10636000F8E630687468002800D11FE7631C00D08D
:106370001CE78368C268934200D342E11C68631C37
:1063800000D013E7002333600D9B002418000C3865
:106390000268002A00D144E76B46197900239A4627
:1063A0000DA8E0F7CFFFE968A8680DAA04F06CFD1E
:1063B000002802D104231B9A1360019B002B00D1FB
:1063C000D0E00D9B18000C385246002A00D12EE771
:1063D00000221C990A601B9904320A6032E72300EC
:1063E000613B052B13D8573CEBE6002301930833A0
:1063F0000127029391E68368C268934200D3EDE0DF
:106400001B685A1C00D0FEE600221892FBE623000F
:10641000413B052BB8D8373CD3E6C04604320320B5
:10642000F83103204346002B00D0EFE0CC339846F0
:1064300000239B4699462B7CA8449A46002B02D009
:10644000AB6AA3423DD06B6A9C429DD0210040467E
:10645000059A0CF061F9002896D04346C01A8310C3
:106460003C2800DD063B039A4A4548D34946029A38
:1064700058465143DA438A42924152429946104368
:106480008346019B89440133019330688368C26865
:10649000934225D204338360012330005B4218A964
:1064A0007360FCF7BDFC041E00D0B3E63000FCF7BF
:1064B000F1FC2B7C04009A46002BC4D0AB6AA342AB
:1064C000C1D1019B002B00D1AAE0D9B20DA8E0F701
:1064D00039FF002330680193C26883689342D9D39F
:1064E00003689B6A9847D7E78368C26893427AD269
:1064F0001C68631C00D0EBE600233360E8E6069BD3
:106500009B46C2E700230127019306E608233000DB
:1065100018A90293FCF784FC8046002800D182E58C
:10652000029A2B7C924605920022019207924A4AD7
:10653000002400270D92002B00D11FE620210DA87A
:10654000E0F7FAFD1AE60023336001339846FAE5D6
:10655000079A002A02D04A465242914649461C9A5E
:1065600011606FE60D9B18000C38002F00D02BE750
:106570000268002A00D027E72AE703685B6A984789
:106580000300E8E603685B6A9847D7E50023013417
:10659000336031E6002201279046E4E5043B1A68A7
:1065A000511E1960002A00DD5DE60CA9E0F74EFCE3
:1065B00059E68368C26893422DD21C68631C00D0E0
:1065C00038E50023089335E592460592002201271D
:1065D0009046CEE503685B6A984709E603685B6A04
:1065E000984703000DE703685B6A9847040080E75B
:1065F000002344469B4699460CE603689B6A9847ED
:1066000036E503685B6A98470400B8E60023444611
:1066100099469B46FEE503685B6A98470400CDE710
:106620000D9B18000C380268002A08D11C9A002F14
:1066300008D00199116004221B990A600CE600241D
:106640000021ADE6176004221B990A6004E60DA83C
:10665000E0F730FD02F0E0FE04320320F0B589B02F
:10666000040012980EAD04901198039010980290B7
:106670006846C0CDC0C02000FFF7B0FC200009B0C4
:10668000F0BDC046F0B5D6464F464646C0B58CB0C4
:10669000169F09939A46FB689446984608924A23A7
:1066A00042469A43130008221343FB600BAB04934A
:1066B000179B894603936B4606AE029714AA050002
:1066C00008AC03CA03C36246494653463000FFF78D
:1066D00085FC230006CE06C343460B9AFB60189B3D
:1066E00028001A602B0006CC06C30CB0E0BCBA46EA
:1066F000B146A846F0BDC046F0B54E46DE4645461A
:106700005746E0B599B0249C0B90210015A86C3138
:1067100012921393FBF7CAFD4A23E26812AE1A40A5
:1067200005000292402A00D108E3082A51D0403BDC
:106730009946300022A9FCF773FB002800D043E201
:1067400012987468002802D0631C00D15CE3BC235B
:10675000EA58131B59424B41DBB21093A24203D0BB
:10676000C023EB58A34247D12B7C002B02D0AA6A4E
:10677000A24242D06A6AA2423FD01298F8F790F83B
:10678000012330005B4222A97360FCF749FB80467D
:1067900000282DD000222B7C01924A460027102A87
:1067A00000D081E0162293460C92C64A1792002B25
:1067B00000D180E017AB202118000A93E0F7BCFC61
:1067C000109B002B7AD10122BF4B524206920793B5
:1067D00079E0300022A9FCF723FB1023994600281A
:1067E000AED0162206332F7C91460C93063BEEE189
:1067F0003000FCF74FFB04002B7C00220192CC32CE
:106800009246083A00279346002B03D0AA6AA24278
:1068100000D154E16A6AA24200D150E15246AA581E
:10682000A24200D132E1002F00D148E15A46AA58D5
:10683000A24204D0C822AA58A24200D0C4E2029ABE
:10684000002A00D10AE14A46102A00D0E7E20023DC
:106850000027019330688368C268934200D308E13F
:106860000433836001235B4273608368C268934290
:1068700000D3A2E2186800239846431C00D160E2CE
:106880002298239B002802D05A1C00D171E10133C9
:106890005A425341434500D006E1012290462B7CE9
:1068A0004A46102A00D17DE7CB460C92854A1792C2
:1068B000002B00D07EE7109B002B84D08023002289
:1068C0001B0606920793069807994B464A46119372
:1068D000DB170993D6F770FF92230D9008915B00A8
:1068E000EB5C9A46002B00D091E14346002B00D090
:1068F000DDE20022002302920393303294460C9B87
:10690000634498465B460A2B00DDE1E02F2C5BD9FF
:10691000A04559D9303C0899029A039B8B4206D86E
:1069200000D0DBE013000D9A934200D8D6E001239B
:1069300030689A46C2688368934200D3FFE004330C
:10694000836001235B4273608368C268934200D313
:1069500072E218680024431C00D132E22298239B83
:10696000002802D05A1C00D11BE101335A42534186
:10697000A34219D10124179B19000C3998460B68C2
:106980008C46002B29D1019B002B01D1002F44D034
:106990005346002B00D1E6E1109B002B00D1FFE114
:1069A000802300221B063AE0306874680028A9D0D2
:1069B000631CA7D18368C268934200D34FE21C686E
:1069C000631C9FD100233360179B002419000C39EE
:1069D00098460B688C46002BD5D06B46197900235E
:1069E0009B4617AB180098460A93E0F7ABFC42466B
:1069F000E968A86804F048FA002802D10423259A1F
:106A00001360019B002B00D1BDE1179B19000C39CD
:106A100098468C465B46002BBAD00022002326996C
:106A20000A604B600423259A1360002C07D0259B35
:106A30001B6801930223019A1343259A13600B9B51
:106A400006CE06C3214B9C4500D0D0E10B9819B06F
:106A5000F0BCBB46B246A946A046F0BD0023306854
:106A6000019310339946C26883680027934200D28D
:106A7000F6E603689B6A9847012330685B427360BF
:106A800002339846002800D1FAE6EEE6002F64D0E3
:106A90004A460A2A00D0C9E6029B002B64D1002393
:106AA000019308339946D5E630687468002802D00F
:106AB000631C00D12DE12B7C002F00D0A4E6002226
:106AC0009046EDE604320320FFFFFF7FF8310320FC
:106AD00020003038092858D804001CE7029A039B8C
:106AE00048460999D7F716FDE317049405930290D9
:106AF0000391049B059C06980799C01AA1410123A4
:106B00009C46029A039B8B4203D800D111E10023DB
:106B10009C4604980599534662461343DBB29A4655
:106B2000029B039CC0186141019B02900391306855
:106B300001330193C2688368934200D2FFE6036881
:106B400017AA9B6A0A929847012330685B42012486
:106B50007360002800D101E7F6E6029B002B1AD0F3
:106B60004B46082B00D1E0E0019B01270133019344
:106B700070E68368C268934200D319E11B685A1C0F
:106B800000D084E60022229281E62300613B052B9F
:106B900013D8573CBFE600230193083301279946D9
:106BA00058E68368C268934200D33EE11B685A1CD2
:106BB00000D0DAE600222292D7E62300413B052BE3
:106BC00000D901E7373CA6E64B462F7C0C93BD4A23
:106BD0001792002F00D0FBE001201A001193BA4950
:106BE000DB1740420993D6F7E7FD92230D900891F9
:106BF0005B00EB5C9846002B00D123E100230122CF
:106C0000002410930193B04B5242069207934346DF
:106C1000002B00D02AE1CC339846002300229A466C
:106C2000002302920393A8442B7C9B46002B03D0A5
:106C3000AB6AA34200D189E06B6A9C4200D1C3E6F3
:106C4000210040460C9A0BF067FD002800D1BBE6FE
:106C50004346C01A84103C2800DD063C0899029A7D
:106C6000039B8B4204D81FD113000D9A93421BD96A
:106C700001239A4630688368C268934243D2043342
:106C8000836001235B427360300017AB22A90A9333
:106C9000FCF7C6F8041E00D06DE617AB30000A936F
:106CA000FCF7F8F80400BFE7029A039B11980999D2
:106CB000D7F730FCE3170F930E9402900391069AD6
:106CC000079B0E980F99121A8B4101218C4602984E
:106CD0000399994202D867D000239C4653466246E6
:106CE0001343DBB20299039A9A460E9B0F9C5B18E2
:106CF000544102930394019B306801330193C268AD
:106D000083689342BBD3036817AA9B6A0A92984789
:106D1000B7E78368C268934200D39BE01C68631C9A
:106D200000D0C8E600233360C5E6002301270193A5
:106D300090E5029B834200D9EBE6E8E608239946FA
:106D4000F7E4002333600133984699E5019B002B5B
:106D500000D198E0D9B217AB18000A93E0F7F2FA25
:106D60000023019386E7109B002B06D0029803991D
:106D7000002342428B4102920393029A039B26997D
:106D80000A604B6051E6179B19000C3998468C46F7
:106D9000002F00D03EE60B68002B00D03AE63CE620
:106DA0000122494B52423AE60299914296D893E722
:106DB00003685B6A98470300E1E603685B6A9847EB
:106DC00059E534600134C9E500220127904667E5A2
:106DD000CB46994600230193109317AB202118004E
:106DE000B846002400270A93E0F7A6F9E8E44146F4
:106DF00004390B685A1E0A60002B00DD26E6604647
:106E000016A9E0F723F821E68368C268934235D2D9
:106E10001C68631C00D09AE40023129397E40C9240
:106E20000022CB469046012740E5036817AA5B6A1B
:106E30000A9298470300BAE6036817AA5B6A0A92A7
:106E4000984787E59A460024109300230293039401
:106E500001938FE503685B6A984704005FE7036866
:106E600017AA5B6A0A9298470400A9E5002300224A
:106E700002920393002344469A467CE503685B6ACA
:106E800098470400C5E7179B19000C3998460B6812
:106E90008C46002B08D10022002326990A604B6003
:106EA0000423259A1360CAE50024002199E50022F5
:106EB00000234446029203935DE50A98E0F7FAF84E
:106EC00002F0AAFA04320320FFFFFF7FF0B589B079
:106ED000040012980EAD049011980390109802903F
:106EE0006846C0CDC0C02000FFF706FC200009B0F6
:106EF000F0BDC046F0B54E46DE4645465746E0B5C5
:106F000095B0209C0790210011A86C310E920F9330
:106F1000FBF7CCF94A23E2680EAE1A400500009256
:106F2000402A00D1B6E2082A46D0403B30001EA9D4
:106F30009946FBF775FF8046002800D0B4E20E9812
:106F40007468002802D0631C00D103E3BC23EA5814
:106F5000131B59424B41DBB20D93A24203D0C02315
:106F6000EB58A34240D12B7C002B02D0AA6AA2424C
:106F70003BD06A6AA24238D00E98F7F791FC012301
:106F800030005B421EA97360FBF74AFF8046002871
:106F900026D000222B7C02924A460027102A7AD162
:106FA000162292460892C54A1392002B79D02021CE
:106FB00013A8E0F7C1F874E030001EA9FBF730FF1A
:106FC0001023804699460028B9D016222B7C0892BF
:106FD000002202920D9216320024002792465CE0B5
:106FE0003000FBF757FF04002B7C00220292CC32CA
:106FF0009246083A00279346002B03D0AA6AA24281
:1070000000D10FE16A6AA24200D10BE15246AA58B0
:10701000A24200D1EDE0002F00D103E15A46AA5868
:10702000A24204D0C822AA58A24200D081E2009A0B
:10703000002A00D1C5E04A46102A00D095E200237C
:107040000027029330688368C268934200D3C3E08C
:107050000433836001235B4273608368C268934298
:1070600000D35FE2186800239846431C00D125E254
:107070001E981F9B002802D05A1C00D122E1013328
:107080005A425341434500D0C1E0012290462B7C37
:107090004A46102A84D0CA460892884A1392002B86
:1070A00085D14B464A46DB1701204042C117069363
:1070B000D6F782FB922309905B00EB5C8B460C9326
:1070C000002B00D066E14346002B00D061E2002295
:1070D000039300230092019330329446089B63444B
:1070E000984653460A2B00DD9FE02F2C00D808E17C
:1070F000444500D305E1303C009A019B5B4506D82E
:1071000000D099E01300099A934200D894E001233B
:1071100030680393C2688368934200D3B3E00433BA
:10712000836001235B4273608368C268934200D32B
:1071300026E218680024431C00D1F7E11E981F9B2B
:10714000002802D05A1C00D112E101335A425341A7
:10715000A34200D0C2E00124139B19000C399846C9
:107160000B688C46002B00D0D5E0029B002B02D18F
:10717000002F00D1EDE0039B002B00D1ADE10122F7
:107180005242D31722990A604B600423219A13605C
:10719000002C07D0219B1B6802930223029A134301
:1071A000219A1360079B06CE06C3454B9C4500D031
:1071B000C3E1079815B0F0BCBB46B246A946A0464D
:1071C000F0BD00233068029310339946C26883688B
:1071D0000027934200D23BE703689B6A984701234C
:1071E00030685B42736002339846002800D13FE765
:1071F00033E7002F56D04A460A2A00D00EE7009BFC
:10720000002B56D100230293083399461AE73068C1
:107210007468002802D0631C00D12BE12B7C002F66
:1072200000D0E9E60022904632E7200030380928F5
:1072300000D991E004005FE7009A019B4846069957
:10724000D7F768F90B00E117049405910200049840
:107250000599C443C8430121834201D81FD00021AE
:1072600003980843C1B203910498059980185941C5
:10727000029B00900191306801330293C2688368D9
:10728000934200D24BE703689B6A9847012330681A
:107290005B4201247360002800D14FE744E7A2421B
:1072A000DED8DCE7009B002B5CD04B46082B00D1DE
:1072B000ECE0029B012701330293C3E60432032072
:1072C000F83103208368C268934200D325E11B682C
:1072D0005A1C00D0D3E600221E92D0E630687468B3
:1072E000002800D1FDE6631C00D0FAE68368C2687E
:1072F000934200D355E11C68631C00D0F1E60023E3
:107300003360139B002419000C3998460B688C4697
:10731000002B00D129E76B46197A00239A4613A85F
:10732000E0F710F8E968A86813AA03F0ADFD00289B
:1073300002D10423219A1360029B002B00D1DCE0D0
:10734000139B19000C3998468C465346002B00D1EC
:1073500011E70022002315E72300613B052B13D81A
:10736000573CC9E60023029308330127994669E692
:107370008368C268934200D3FDE01B685A1C00D0AA
:10738000E3E600221E92E0E62300413B052BB8D83D
:10739000373CB1E64346002B00D007E1CC3398469A
:1073A000002300220393002300920193A8442B7C26
:1073B0009A46002B03D0AB6AA34200D183E06B6AEC
:1073C0009C429ED021004046089A0BF0A5F9002867
:1073D00097D04346C01A84103C2800DD063C009A32
:1073E000019B5B4504D81BD11300099A934217D91E
:1073F0000C9B039330688368C268934236D204338F
:107400008360012330005B421EA97360FBF708FD17
:10741000041E00D0A0E63000FBF73CFD0400C6E7E8
:10742000009A019B48460699D7F774F80B00E117BC
:107430000A940B9102000A980B99C443C843012196
:10744000834201D866D0002103980843C1B203915A
:107450000A980B9980185941029B0090019130685D
:1074600001330293C26883689342C8D303689B6A5E
:107470009847C6E78368C268934200D384E01C68DB
:10748000631C00D0CAE600233360C7E6002301274F
:107490000293D7E5082330001EA99946FBF7C0FCEC
:1074A0008046002800D14AE54A462B7C08920022FB
:1074B000CA460024002702920D92EEE500233360B5
:1074C00001339846D4E5029B002B7CD0D9B213A897
:1074D000DFF738FF002302938CE70D9B002B06D0CB
:1074E00000980199002342428B4100920193009A37
:1074F000019B22990A604B604AE6139B19000C39E4
:1075000098468C46002F00D01FE70B68002B00D058
:107510001BE71EE7A24297D895E703685B6A984786
:107520000300D5E603685B6A98479CE53460013444
:1075300004E6002201279046AAE5414604390B687B
:107540005A1E0A60002B00DD33E6604612A9DFF701
:107550007DFC2EE68368C26893422FD21C68631CB0
:1075600000D0F3E400230E93F0E408920022CA4610
:107570009046012791E503685B6A98470300FDE6A2
:1075800003685B6A9847D5E503685B6A984704001F
:1075900076E70023002203930023444600920193E0
:1075A000DAE503685B6A98470400A5E60023002239
:1075B00000920193002344460393CDE503685B6A80
:1075C00098470400CBE7139B19000C3998460B68C9
:1075D0008C46002B08D10022002322990A604B60C0
:1075E0000423219A1360DDE50024002197E613A807
:1075F000DFF760FD01F010FFF0B589B004001298CC
:107600000EAD049011980390109802906846C0CD7A
:10761000C0C02000FFF76EFC200009B0F0BDC046DE
:10762000F0B5DE464E4645465746E0B593B00C925F
:107630006C2294460D931E9B089063441800994653
:10764000F8F7A0F980469A48DAF7AAFC1E9B0CAC22
:10765000DA6E8300D5680700ED182E68002E00D181
:1076600041E340239C46B44463460693B36A002B2F
:1076700003D0336B5A1E9341DBB28E4D0B930F95A3
:10768000337C002B03D020210FA8DFF755FD2021EC
:1076900010A81095DFF750FD44239C46B444634680
:1076A0000293F36B00251193002303930593099331
:1076B00007930A931C21039A0AAB5B189B5C042B6B
:1076C00000D98CE37C4A9B00D3589F4601239946FE
:1076D000039B032B00D106E120686768002801D0D6
:1076E0007B1C30D000239A4601377B425F411C98B7
:1076F0001D9BFFB2002802D05A1C00D1DEE10133ED
:107700005A425341BB4200D19BE020686268002886
:1077100002D0531C00D1DDE143461B6808214046DE
:107720009B689847002800D18BE020688368C26876
:10773000934200D359E20433836001235B421F006C
:1077400063600028D0D08368C268934200D369E3A5
:107750001F687B1CC6D100232360C3E7574B6768B3
:107760009B462068002802D07B1C00D16EE10137C7
:107770007B425F411C981D9BFFB2002802D05A1C1F
:1077800000D16FE101335A425341BB4200D17AE14B
:1077900020686768002802D07B1C00D180E10A22A3
:1077A000390002980AF0B8FF002800D103E1069BD7
:1077B000C01A5B461B6880101B5C9A46109B1A001F
:1077C0000C3A116889464F1C51688F4203D8926861
:1077D000002A00DC38E1390010A8DFF7ADFC109B6F
:1077E0001A000C3A126851469954109B344A04937B
:1077F0000C3B934200D0D8E0013520688368C26812
:10780000934200D310E10433836001235B421F00E5
:107810006360A7E71E9BDB6804939B0500D59EE190
:10782000079B012B00D99AE1039B002B00D196E125
:10783000012B00D13DE301239946039B022B00D18C
:107840004BE3039B01330393042B4CD04B46002B9B
:1078500000D02FE71F9B1B6802930423029A134357
:107860001F9A136020001CA9FBF7DAFA002807D042
:107870001F9B1B6802930223029A13431F9A1360F3
:10788000089B06CC06C3109B0D4C18000C38A04278
:1078900000D0ACE20F9B18000C38A04200D0B1E23F
:1078A000089813B0F0BCBB46B246A946A046F0BD4E
:1078B00014320320043203208CCC0410BC2100209D
:1078C000F8310320B36A002B00D0D8E1336B002BD2
:1078D00000D04AE201200B9B43409946039B0133B1
:1078E0000393042BB2D1079B012B00D8FEE04B463B
:1078F000002BAFD00A9B002B00D0D2E1736A9A46CE
:1079000001230C9898466768002801D07B1C37D06B
:1079100000239B46013B994601377B425F411C98FF
:107920001D9BFFB2002802D05A1C00D1BEE10133DA
:107930005A425341BB4200D154E2079B434500D118
:10794000D8E020686368002802D05A1C00D1B9E151
:107950004246514692008A589A4200D07AE72068FF
:107960008368C268934200D3B8E1043383604B4616
:107970006360012301279C467F42E0440028CBD06E
:107980008368C268934200D3C5E21F687B1CBFD1E5
:1079900000230C93BCE720001CA9FBF741FA002848
:1079A00000D157E10023994692E600221F609A60B9
:1079B0004B445A7320E77369BB423AD0337C9946F3
:1079C000002B60D0B369BB425FD1059B002B00D078
:1079D0002DE2002D00D12DE20F9BEDB21A000C3AE2
:1079E000116889464F1C51688F4202D89268002A5C
:1079F00062DD39000FA8DFF79FFB0F9B1A000C3ADE
:107A000012689D540F9BCA4A04930C3B0025934275
:107A100000D1F2E69D601F604B445D73206883686F
:107A2000C268934200D2EEE603689B6A98472068DA
:107A3000EBE6059B002BC1D1736B002B23DD0123EB
:107A4000099505930025D8E64A46CCE68368C268C6
:107A5000934200D39CE11F687B1C00D087E6002383
:107A6000236084E68368C268934200D395E11B6873
:107A70005A1C00D086E6002201331C925A42534120
:107A8000BB4200D084E601239946109B04930C3B33
:107A90001B685A1E93414A465B421A409146D0E603
:107AA0008368C268934200D37CE11F687B1C00D0CE
:107AB00075E60023236072E64A46A2E78368C2683F
:107AC000934200D3A9E11B685A1C00D017E6524626
:107AD0001C9214E68368C268934200D3ADE11A6831
:107AE000531C00D018E65346236015E64B46002B86
:107AF00000D1AFE6109B0C3B1B68012B00D91BE1AA
:107B00000A9B002B00D052E10F9B0C3B1B68002B03
:107B100019D0059B002B00D1C6E06B4624229B1890
:107B200019780FA8DFF70EFCF168B0680FAA03F010
:107B3000ABF9002807D11F9B1B6802930423029A0C
:107B400013431F9A1360059B002B03D0736BAB424A
:107B500000D07FE6209810A9DFF7E6F882E6336AC6
:107B600020689946002367689A46002801D07B1C4C
:107B700030D000239B4601377B425F411C981D9B00
:107B8000FFB2002801D05A1C34D001335A4253416D
:107B9000BB423ED0D14500D121E120686368002876
:107BA00001D05A1C46D05246F169920052589A426E
:107BB00032D120688368C268934246D2043383601E
:107BC00001235B42636002339C460127E2447F420B
:107BD0000028D0D08368C268934200D391E11F6827
:107BE0007B1CC6D100232360C3E703689B6A9847C8
:107BF0002068A2E58368C268934200D37CE11B68D9
:107C00005A1CC2D15A4601331C925A425341BB42BC
:107C1000C0D1D14500D1E2E0002399465346002B64
:107C200000D00EE601201E9BDB6804935B0A98439C
:107C3000814606E68368C268934200D366E11B680A
:107C40005A1CB0D15A462260ADE703689B6A984738
:107C50002068B5E72000FBF71DF943461B680200CA
:107C6000082140469B6898478146002800D199E644
:107C70002068F6F715FE01235B42636028E52000CB
:107C80001CA9FBF7CDF8002800D1DBE0336B002BFB
:107C90006BD1B36A002B00D11CE6012399460A93ED
:107CA000CFE5F36A9A462BE6E9B23AE78368C26801
:107CB000934200D334E11B685A1C00D037E65A4681
:107CC0001C9234E68368C268934200D32DE11B689E
:107CD0005A1C00D03CE65A46226039E603689B6A8B
:107CE0009847206843E67020D6F7E0FE114A00234B
:107CF00002606C2243608360C360037443618361EC
:107D0000C361036243628362C36203634363836349
:107D1000C363494683540600F8F75EFB1E9B31009F
:107D2000DB6E3A0018000293DAF7BCF82E6898E48C
:107D3000F8310320D89D04100022302110A8DFF76D
:107D400007F8002800D1DBE6431C00D1F2E0109BCD
:107D500002930C3B1B680200984200D9BBE0002351
:107D6000002110A8DFF776F8CAE620001CA9FBF76F
:107D700057F8002800D188E0B36A002B00D1A9E5AC
:107D8000336B002B00D0A5E5012399460A9358E5F3
:107D900003685B6A984707005EE603685B6A98477A
:107DA000030065E603685B6A984707007EE6109B60
:107DB0001A000C3A9268002A57DA1B78302B00D14F
:107DC000A2E62D230022009300212C3B10A8DFF710
:107DD000DFF80122109B52420C3B9A6094E601238B
:107DE00099462EE5079B434500D033E582E6043BE8
:107DF0001A68511E1960002A00DD4BE50EA9DFF755
:107E000025F847E5043B1A68511E1960002A00DD79
:107E100046E510A9DFF71AF842E503685B6A984760
:107E2000030051E603685B6A9847070091E4059BED
:107E300099462AE60023994627E603685B6A984735
:107E400002004DE62000FBF725F8736A1B688342A9
:107E500000D01BE7B36A20680793F6F721FD0123E2
:107E60005B42636002339946EBE410A8DFF778F8D1
:107E7000109B1A78302A00D146E60C3B9B68002BF9
:107E80009FDB10A8DFF76CF89BE72000FBF702F8F8
:107E9000F36A1B68834200D06EE7336B2068079358
:107EA000F6F7FEFC01235B426360023399460A93B6
:107EB000C7E40B9B002B00D051E60AAB1B7F032BC2
:107EC00000D14CE60AAB9B7F012B00D147E6022391
:107ED0000393FFF7EFFB1A0041E70AABDB7F042BAC
:107EE00000D13CE60B9A002A02D0032B00D136E6E3
:107EF00003230393FFF7DEFB03685B6A98470300E5
:107F00007EE603685B6A9847070069E603685B6A78
:107F10009847030094E603685B6A9847070035E5D5
:107F200003685B6A98470300C6E603685B6A984784
:107F30000300CDE6109B02930C3B1B68581E0AE71A
:107F400002E010A8DFF7B6F80FA8DFF7B3F801F0EA
:107F500063FA01F0FDFB336830005B68984702F07C
:107F600081F801F0F5FBFAE701F02CFC01F054FA7E
:107F7000F0B5DE464E4645465746E0B593B00C9206
:107F80006C2294460D931E9B0890634418009946FA
:107F9000F7F7F8FC80469A48DAF702F81E9B0CAC1B
:107FA000DA6E8300D5680700ED182E68002E00D128
:107FB00041E340239C46B44463460693B36A002BD6
:107FC00003D0336B5A1E9341DBB28E4D0B930F954A
:107FD000337C002B03D020210FA8DFF7ADF8202140
:107FE00010A81095DFF7A8F844239C46B4446346D4
:107FF0000293F36B002511930023039305930993D8
:1080000007930A931C21039A0AAB5B189B5C042B11
:1080100000D98CE37C4A9B00D3589F4601239946A4
:10802000039B032B00D106E120686768002801D07C
:108030007B1C30D000239A4601377B425F411C985D
:108040001D9BFFB2002802D05A1C00D1DEE1013393
:108050005A425341BB4200D19BE02068626800282D
:1080600002D0531C00D1DDE143461B680821404685
:108070009B689847002800D18BE020688368C2681D
:10808000934200D359E20433836001235B421F0013
:1080900063600028D0D08368C268934200D369E34C
:1080A0001F687B1CC6D100232360C3E7574B67685A
:1080B0009B462068002802D07B1C00D16EE101376E
:1080C0007B425F411C981D9BFFB2002802D05A1CC6
:1080D00000D16FE101335A425341BB4200D17AE1F2
:1080E00020686768002802D07B1C00D180E10A224A
:1080F000390002980AF010FB002800D103E1069B2A
:10810000C01A5B461B6880101B5C9A46109B1A00C5
:108110000C3A116889464F1C51688F4203D8926807
:10812000002A00DC38E1390010A8DFF705F8109BC1
:108130001A000C3A126851469954109B344A049321
:108140000C3B934200D0D8E0013520688368C268B8
:10815000934200D310E10433836001235B421F008C
:108160006360A7E71E9BDB6804939B0500D59EE137
:10817000079B012B00D99AE1039B002B00D196E1CC
:10818000012B00D13DE301239946039B022B00D133
:108190004BE3039B01330393042B4CD04B46002B42
:1081A00000D02FE71F9B1B6802930423029A1343FE
:1081B0001F9A136020001CA9FAF732FE002807D08E
:1081C0001F9B1B6802930223029A13431F9A13609A
:1081D000089B06CC06C3109B0D4C18000C38A0421F
:1081E00000D0ACE20F9B18000C38A04200D0B1E2E6
:1081F000089813B0F0BCBB46B246A946A046F0BDF5
:108200001032032004320320A0CC0410BC21002033
:10821000F8310320B36A002B00D0D8E1336B002B78
:1082200000D04AE201200B9B43409946039B013357
:108230000393042BB2D1079B012B00D8FEE04B46E1
:10824000002BAFD00A9B002B00D0D2E1736A9A4674
:1082500001230C9898466768002801D07B1C37D012
:1082600000239B46013B994601377B425F411C98A6
:108270001D9BFFB2002802D05A1C00D1BEE1013381
:108280005A425341BB4200D154E2079B434500D1BF
:10829000D8E020686368002802D05A1C00D1B9E1F8
:1082A0004246514692008A589A4200D07AE72068A6
:1082B0008368C268934200D3B8E1043383604B46BD
:1082C0006360012301279C467F42E0440028CBD015
:1082D0008368C268934200D3C5E21F687B1CBFD18C
:1082E00000230C93BCE720001CA9FAF799FD002895
:1082F00000D157E10023994692E600221F609A6060
:108300004B445A7320E77369BB423AD0337C994699
:10831000002B60D0B369BB425FD1059B002B00D01E
:108320002DE2002D00D12DE20F9BEDB21A000C3A88
:10833000116889464F1C51688F4202D89268002A02
:1083400062DD39000FA8DEF7F7FE0F9B1A000C3A2A
:1083500012689D540F9BCA4A04930C3B002593421C
:1083600000D1F2E69D601F604B445D732068836816
:10837000C268934200D2EEE603689B6A9847206881
:10838000EBE6059B002BC1D1736B002B23DD012392
:10839000099505930025D8E64A46CCE68368C2686D
:1083A000934200D39CE11F687B1C00D087E600232A
:1083B000236084E68368C268934200D395E11B681A
:1083C0005A1C00D086E6002201331C925A425341C7
:1083D000BB4200D084E601239946109B04930C3BDA
:1083E0001B685A1E93414A465B421A409146D0E6AA
:1083F0008368C268934200D37CE11F687B1C00D075
:1084000075E60023236072E64A46A2E78368C268E5
:10841000934200D3A9E11B685A1C00D017E65246CC
:108420001C9214E68368C268934200D3ADE11A68D7
:10843000531C00D018E65346236015E64B46002B2C
:1084400000D1AFE6109B0C3B1B68012B00D91BE150
:108450000A9B002B00D052E10F9B0C3B1B68002BAA
:1084600019D0059B002B00D1C6E06B4624229B1837
:1084700019780FA8DEF766FFF168B0680FAA02F05E
:1084800003FD002807D11F9B1B6802930423029A57
:1084900013431F9A1360059B002B03D0736BAB42F1
:1084A00000D07FE6209810A9DEF73EFC82E6336A12
:1084B00020689946002367689A46002801D07B1CF3
:1084C00030D000239B4601377B425F411C981D9BA7
:1084D000FFB2002801D05A1C34D001335A42534114
:1084E000BB423ED0D14500D121E12068636800281D
:1084F00001D05A1C46D05246F169920052589A4215
:1085000032D120688368C268934246D204338360C4
:1085100001235B42636002339C460127E2447F42B1
:108520000028D0D08368C268934200D391E11F68CD
:108530007B1CC6D100232360C3E703689B6A98476E
:108540002068A2E58368C268934200D37CE11B687F
:108550005A1CC2D15A4601331C925A425341BB4263
:10856000C0D1D14500D1E2E0002399465346002B0B
:1085700000D00EE601201E9BDB6804935B0A984343
:10858000814606E68368C268934200D366E11B68B1
:108590005A1CB0D15A462260ADE703689B6A9847DF
:1085A0002068B5E72000FAF775FC43461B68020017
:1085B000082140469B6898478146002800D199E6EB
:1085C0002068F6F76DF901235B42636028E520001F
:1085D0001CA9FAF725FC002800D1DBE0336B002B47
:1085E0006BD1B36A002B00D11CE6012399460A9394
:1085F000CFE5F36A9A462BE6E9B23AE78368C268A8
:10860000934200D334E11B685A1C00D037E65A4627
:108610001C9234E68368C268934200D32DE11B6844
:108620005A1C00D03CE65A46226039E603689B6A31
:108630009847206843E67020D6F738FA114A00239D
:1086400002606C2243608360C36003744361836192
:10865000C361036243628362C362036343638363F0
:10866000C363494683540600F8F7EAF81E9B3100BD
:10867000DB6E3A0018000293D9F714FC2E6898E4D8
:10868000F8310320E89D04100022302110A8DEF705
:108690005FFB002800D1DBE6431C00D1F2E0109B19
:1086A00002930C3B1B680200984200D9BBE00023F8
:1086B000002110A8DEF7CEFBCAE620001CA9FAF7BD
:1086C000AFFB002800D188E0B36A002B00D1A9E5F8
:1086D000336B002B00D0A5E5012399460A9358E59A
:1086E00003685B6A984707005EE603685B6A984721
:1086F000030065E603685B6A984707007EE6109B07
:108700001A000C3A9268002A57DA1B78302B00D1F5
:10871000A2E62D230022009300212C3B10A8DEF7B7
:1087200037FC0122109B52420C3B9A6094E60123D5
:1087300099462EE5079B434500D033E582E6043B8E
:108740001A68511E1960002A00DD4BE50EA9DEF7FC
:108750007DFB47E5043B1A68511E1960002A00DDC5
:1087600046E510A9DEF772FB42E503685B6A9847AD
:10877000030051E603685B6A9847070091E4059B94
:1087800099462AE60023994627E603685B6A9847DC
:1087900002004DE62000FAF77DFB736A1B688342F6
:1087A00000D01BE7B36A20680793F6F779F8012336
:1087B0005B42636002339946EBE410A8DEF7D0FB1E
:1087C000109B1A78302A00D146E60C3B9B68002BA0
:1087D0009FDB10A8DEF7C4FB9BE72000FAF75AFBEB
:1087E000F36A1B68834200D06EE7336B20680793FF
:1087F000F6F756F801235B426360023399460A9309
:10880000C7E40B9B002B00D051E60AAB1B7F032B68
:1088100000D14CE60AAB9B7F012B00D147E6022337
:108820000393FFF7EFFB1A0041E70AABDB7F042B52
:1088300000D13CE60B9A002A02D0032B00D136E689
:1088400003230393FFF7DEFB03685B6A984703008B
:108850007EE603685B6A9847070069E603685B6A1F
:108860009847030094E603685B6A9847070035E57C
:1088700003685B6A98470300C6E603685B6A98472B
:108880000300CDE6109B02930C3B1B68581E0AE7C1
:1088900002E010A8DEF70EFC0FA8DEF70BFC00F0DC
:1088A000BBFD00F055FF336830005B68984701F06E
:1088B000D9FB00F04DFFFAE700F084FF00F0ACFDBB
:1088C000F0B58DB0099314AB1B780892274A0AAF14
:1088D00008AC05008C460A9206AE0497002B26D001
:1088E000169B12AA0393159B02936B4603CA03C3FC
:1088F00061463000089A6368FEF792FE230006CEB8
:1089000006C30A9ED9F7A2F8169A17990B900BABDB
:10891000300001F09FFF2B0006CC06C30A9B144ACF
:1089200018000C38904211D128000DB0F0BD169BF4
:1089300012AA0393159B02936B4603CA03C36146B5
:108940003000089A6368FFF713FBD7E7043B1A6807
:10895000511E1960002AE7DC0BA9DEF777FAE3E77E
:108960003800DEF7A7FB00F057FDC04604320320B5
:10897000F8310320F0B54F464646D646C0B58CB018
:108980000500179809936C3016AB1E78894608923B
:10899000F6F7F8FF0BAB9846364B08AC07000B9385
:1089A000002E3FD043460493189B14AA0393179BB1
:1089B00006AE02936B4603CA03C349463000089AC9
:1089C0006368FEF72DFE230006CE06C30B9B18003E
:1089D0000C380668002E18D0002231001998DFF7F5
:1089E00035F80B9B9946199B4E441B681A000C3AAC
:1089F0009268002A28DA3A684946D26A38009246D4
:108A00003200D0470B9B18000C382A0042CC42C2DF
:108A1000194A90421ED128000CB0E0BCBA46B146BB
:108A2000A846F0BD43460493189B14AA0393179BD2
:108A300006AE02936B4603CA03C349463000089A48
:108A40006368FFF795FABEE71998DEF71FFE199BDA
:108A50001B68D0E7043B1A68511E1960002ADADC53
:108A60000AA9DEF7F3F9D6E74046DEF723FB00F06C
:108A7000D3FCC04604320320F83103200122244BEA
:108A80001968114200D11A600122224B1968114263
:108A900000D11A600122204B1968114200D11A60DE
:108AA00001221E4B1968114200D11A6001221C4B91
:108AB0001968114200D11A6001221A4B196811423B
:108AC00000D11A600122184B1968114200D11A60B6
:108AD0000122164B1968114200D11A600122144B71
:108AE0001968114200D11A600122124B1968114213
:108AF00000D11A600122104B1968114200D11A608E
:108B000001220E4B1968114200D11A607047C0460D
:108B1000B4210320B821032040220320482203204F
:108B2000282203201022032018220320C021032022
:108B30003822032030220320202203200822032091
:108B40008023086810B55B05984212D290420BD979
:108B50005200904208D29A4204D38020064BC005AE
:108B60000B6003E010000A6001308000D5F79EFF23
:108B700010BD0248EBF750FAFFFFFF0F4CCB04107B
:108B800030B583B0150004000A00019103290FD805
:108B90000068002A06D0012A12D0290009F0D8FD69
:108BA000019A2068002362609200135003B030BD28
:108BB000002201A9FFF7C4FF019A2060A260E8E744
:108BC0000560019AEEE7C046F0B54F46DE464646E0
:108BD000C0B5984643688F1882B00D00D91B8946EE
:108BE0000A9904008A1AD21808239B460368834412
:108BF00001929B4541D08268200001A9FFF7A0FFA8
:108C00000600002D05D02168012D33D02A0009F07F
:108C100093FD4346002B0AD00A9B002B07D0A800E7
:108C20003018012B2BD041460A9A09F085FD4B469E
:108C3000002B0ED00A9B20689C464B466544AD0035
:108C4000B90075194118012B11D04A46280009F0C6
:108C500073FD2068834501D0D5F730FF019B266066
:108C6000A36002B0E0BCBB46B146A846F0BD0B68AD
:108C70002B60EFE70B680360CBE70322BCE74346BA
:108C80001B680360D3E7C04670B5436882B0040038
:108C90000191994201D219000193250020680835FD
:108CA000854230D0A2688A4211D012D3032910D84D
:108CB00085420CD05A1C002B2AD0002A04D0010077
:108CC000280009F039FD2068D5F7F8FE256002B0CC
:108CD00070BD200001A9FFF733FF636806005A1C2E
:108CE0002068002B11D0002A07D1854201D0D5F78A
:108CF000E5FE019B2660A360E9E70100300009F072
:108D00001BFD2068F1E70322CDE703683360ECE741
:108D10000368A360D8E7C046F0B5C64600B51F009B
:108D2000274B88464168D318040082B05B1A9F42E3
:108D300043D80368BD1A08306D18834238D0A06844
:108D4000A84228D3404610180E1A81420ED0BA42CB
:108D50000CD04146890059189200B80008188918AB
:108D60003200012E21D009F0EDFC2368002F09D03C
:108D7000424690001818012F1CD03A00089909F0BB
:108D8000E7FC2368002220006560AD00EA5002B0D5
:108D900080BCB846F0BD0023414620000097FFF795
:108DA00013FF2368002FEDD0E2E70A680260DDE7D9
:108DB0000320C5E7089A0260E4E70248EBF72CF9C4
:108DC000FFFFFF0FF4AA041000B50B00416883B049
:108DD000994207D304D90021026843609B0099504F
:108DE00003B000BD00925B1A0022FFF795FFF7E782
:108DF000F0B545464E46DE465746E0B5150083B011
:108E0000634A98460C9E4368AA180400D21A9642F8
:108E100000D9BAE0721B92469F180268083082425D
:108E200056D0A068B84247D3880081466918591ABD
:108E30008B469144424523D95B46002B0AD0B5426C
:108E400008D0B000A90048444944012B5BD05A46E1
:108E500009F078FC002E06D0012E34D032004146B5
:108E6000484609F069FC0023200022686760BF00C3
:108E7000BB5003B0F0BCBB46B246A946A046F0BD0D
:108E80009B00D3189845D7D8002E2AD0B54221D2BE
:108E900000292BD1B3009B464346AD004D445B44B3
:108EA0009D4236D3012E0ED0002EDCD0320041463A
:108EB000484609F047FCD6E743462A0020000096C2
:108EC000FFF782FECFE742464B4612681A60CAE7B8
:108ED0000320A7E7012E45D032004146484609F05D
:108EE00031FC5B46002BBED0B542BCD05B46B00027
:108EF000A90048444944012B08D05A4609F022FCF5
:108F0000B542C7D3AFE70B680360A3E70B68036004
:108F1000F6E745450BD8534699004144012E2DD024
:108F2000002EA0D03200484609F006FC9BE74346DD
:108F3000ED1AAB109A46012B1BD0002B04D01A005F
:108F40004146484609F0FEFB28004946534648443E
:108F50005944F21A012A15D0002A00D183E709F0FA
:108F6000EBFB80E742464B4612681A600029C7D0E7
:108F7000BAE742464B4612681A60E5E74B460A6874
:108F80001A6070E70B6803606DE70248EBF744F87E
:108F9000FFFFFF0F64CB041070B50400230040688E
:108FA0002668083382B085189E421BD0A3689D4274
:108FB0000FD8002A06D080003018012A14D009F0FA
:108FC000BBFB2668002320006560AD00AB5102B0FA
:108FD00070BD0B000092010000222000FFF7F4FD9D
:108FE0002668EFE70323E2E70B680360EAE7C04681
:108FF00070B50600746808001D00A34214D8E41A76
:1090000094420BD8002C07D03168AD004919012CCF
:1090100007D0220009F090FB200070BD141EFBD089
:10902000F2E70B680360F7E723002A0001490248D2
:10903000EBF70AF8C8AA041090AA041070B504004F
:109040000D0082B0002921D0521A961001960C2AE8
:109050000BD80068012E11D12B6803600022019B00
:1090600063609B001A5002B070BD002201A9FFF797
:1090700067FD019B2060A360012EEDD0002EEDD096
:109080003200290009F058FB2068E7E7002A02D1E6
:1090900000680192E2E70148EAF7A6FFC0AD0410BC
:1090A00000487047C8D2041010B50400034B0833C1
:1090B000036000F0CFFB200010BDC046F4D20410C6
:1090C00010B50400054B0833036000F0C3FB20001B
:1090D0000421D5F7FBFC200010BDC046F4D20410DB
:1090E0000048704708D3041010B50400034B083340
:1090F000036000F0AFFB200010BDC04630D3041069
:1091000010B50400054B0833036000F0A3FB2000FA
:109110000421D5F7DBFC200010BDC04630D304107D
:10912000002330B51400102285B0009301930393FF
:10913000036802929D6922686B46A8476B461A79BC
:10914000062300201340062B02D1009B0130236030
:1091500005B030BD009B981A431E9841042340423D
:10916000984306307047C04610B50400034B0833DF
:109170000360D8F71DFA200010BDC04674D3041058
:1091800010B50400054B08330360D8F711FA20002E
:109190000821D5F79BFC200010BDC04674D30410F5
:1091A00070B516001D00069A049B040093420ED071
:1091B00029002000D8F700FA002806D0079B049A5F
:1091C0001E711A600123079A9371002070BD0599E2
:1091D000D8F7F2F90028EBD0079B5E71F5E7C0469F
:1091E00070B515001C00D8F7E7F9002804D0082353
:1091F000E360023B2560237170BDC046F8B50500F1
:109200000C0017001E00D8F7D7F9002807D1032E4D
:1092100005D823683A00290020005B699847F8BD0B
:10922000F0B54746CE46056880B5083D1F002B685F
:109230000400C6180023306889B0904608386A6870
:109240000693406805AD059310338946AB609042A4
:1092500020D1036801910395029400960622DE69ED
:1092600039004346B047059A101E13D00626330036
:10927000A9790B40062B0ED06B799C462B7965465D
:109280002B403340062B06D005232B40042B01D066
:10929000002905D0002009B0C0BCB946B046F0BDD9
:1092A000002F04DBD719BC42F4D11000F3E7BB1C3C
:1092B000F0D043461B6800941C6A39004B46404678
:1092C000A0470640062EE5D1059A1000E3E7C04608
:1092D00070B51C4C08386368002B27D006688519C8
:1092E000AB4223D81DD05A680434002A06D10EE0C0
:1092F00051681C1D00291FD013000A009542F7D3A6
:1093000004D12A6894466A6866445A6023681A68D9
:10931000991888420DD05B680660436023685860E6
:1093200006E01A685B6894466644066043606060C5
:1093300070BD92191A60FBE75B681A689918884239
:10934000E9D1F6E768230320020010B5083208309F
:1093500000D3082207231049073248689A4300289F
:1093600013D0043103E0011D406800280DD00368CC
:109370009A42F8D89C1A072C08D9831840681C60B8
:109380005860086802600B60083010BD03604368D5
:1093900008300B60F9E7C0466823032070B58030C1
:1093A0000500D5F741FB041E07D0802200212000D4
:1093B000D5F770FB2000803070BD2800FFF7C4FF98
:1093C000041EF2D100F0D4FD074A8038936810B52E
:1093D000984203D9D2689B18984202D3D5F742FB32
:1093E00010BDFFF775FFFBE76823032070B59E25CE
:1093F000084C2D012800E560D5F716FBA060002879
:1094000004D0002360600560436070BDE060606070
:10941000FBE7C046682303201EB400F093F81EBC8F
:109420000FF0EEFFF0B5C64600B51E0003780C0045
:1094300082B0472B1DD00023284D01932B682800B4
:109440009B6898470127002803D0019B01371B68C0
:109450000193236829001B692000984601AA012373
:10946000C047002824D10027380002B080BCB8468D
:10947000F0BD43784E2BDED18378552BDBD1C378FA
:10948000432BD8D10379462B1CD00379432BD2D15F
:1094900043792B2BCFD183792B2BCCD1C379012BC3
:1094A000C9D808D003005830203B1D680190C5E79B
:1094B000019B3360D8E7203800680300783B1D68C3
:1094C0000190BBE743794F2BDFD18379522BDCD15D
:1094D000C379002BD9D1024D0193AFE7CCD304104F
:1094E000C4D3041010B5040000F0CCF92300227896
:1094F000203B472A05D08268002A20D183600120C2
:1095000010BD62784E2AF6D1A278552AF3D1E278BE
:10951000432AF0D12279432AEDD162792B2AEAD16C
:10952000A2792B2AE7D1E279012AE4D8DA6901325B
:10953000DA61012AE3D182689A618360DFE700F093
:1095400017FDC04610B500F09DF98368002B2ED0A2
:1095500020229A5C472A04D000228260203318001F
:1095600010BD263A9A5C4E2AF6D12C3A9A5C552ABE
:10957000F2D1323A9A5C432AEED11F3A9A5C432ADE
:10958000EAD11E3A9A5C2B2AE6D1053A9A5C2B2A3C
:10959000E2D1043A9A5C012ADED8DA69013ADA614A
:1095A000002ADBD19A69826000229A61D6E700F036
:1095B000DFFCC046042010B5FFF7F0FE024B034A63
:1095C0000349036000F034FD38D30410E990031020
:1095D00018D30410042010B5FFF7E0FE024B034A35
:1095E0000349036000F024FD3CE00410D9B90310E6
:1095F0000CE00410027803000020472A00D07047D6
:109600005A784E2AFBD19A78552AF8D1DA78432A2B
:10961000F5D11A79432AF2D15A792B2AEFD19A79C6
:109620002B2AECD1DB792A3A9A424041C0B2E6E7D4
:1096300010B5041E06D000F08BF82000FFF7DAFF0B
:10964000002801D100F094FC203CE06800F07CFC94
:10965000F0B5DE464E4657464546E0B585B00600B5
:10966000FFF7C8FF041E0BD03300203B9A68DC686C
:10967000B36A91469A460023376B9846756B05E0AE
:10968000012381469846050007008246300000F01D
:109690005FF84346002B01D000F076FC484600F00E
:1096A0006FFC00F055F84346002B01D000F060FC41
:1096B00000F0E4F827230668F25C33007833012ACF
:1096C00000D13368BF080293BB0001930023994681
:1096D0002036CA4520DD2F68002F00D07F190022D8
:1096E0003900300002ABFFF79DFE002801D000F0EA
:1096F000B9FC3B6803901B6938009B461149012364
:1097000003AAD847002800D0804601239C46019B2D
:10971000E1449C466544DCE74346002B08D0042026
:10972000FFF73CFE084B094A0649036000F080FC45
:10973000200000F009FC00F045F800F043F8FFF7C6
:109740006BFEC046D4D3041058D4041059980310AB
:1097500070B5040000F096F8220023780568203ADE
:10976000472B04D0002D2BD10260280070BD6378F8
:109770004E2BF7D1A378552BF4D1E378432BF1D1BD
:109780002379432BEED163792B2BEBD1A3792B2BB0
:10979000E8D1E379012BE5D85369002B0DDB0133C8
:1097A00053614368013B4360954201D015610260FB
:1097B0002000656A0FF034FED7E70121CB1AEFE7EE
:1097C00000F0D6FB10B500F059F80368002B09D063
:1097D00020229A5C472A06D000222033026018001B
:1097E0000FF0EEFD10BD263A9A5C4E2AF4D12C3AC9
:1097F0009A5C552AF0D1323A9A5C432AECD11F3A4E
:109800009A5C432AE8D11E3A9A5C2B2AE4D1053AA5
:109810009A5C2B2AE0D1043A9A5C012ADCD85A6976
:10982000002A08DB511E012A0CD04A1C01D05961C4
:10983000D8E700F09DFB511C0132F8D11A69026093
:109840005961CFE71A692033026018000FF0B8FDA4
:10985000C8E7C0467047C0467047C04600487047DA
:10986000A0D3041000487047B0D3041010B5040012
:109870000421D5F72BF9200010BDC04600487047E1
:10988000582203200048704758220320F8B5DE46CE
:10989000454657464E468B46E0B50500502825D034
:1098A0000F2028400C2800D976E03C4C800020583E
:1098B000874650781678000294780643D0782404BE
:1098C000000634430443101D002C08D070262E409F
:1098D000102E00D193466DB25C44002D0CDB1C6051
:1098E000F0BCBB46B246A946A046F8BD03210332F0
:1098F0008A43100010C8F2E72468F0E75078167821
:10990000000294780643D0782404000634430443CC
:1099100010000830D8E75478107824020443901CD3
:10992000D2E7547816782402344324042414901C7B
:10993000CAE77F21904600240027894646463178B1
:10994000701C4E460E40BE4034434EB28046073730
:10995000002EF3DB1F2FB7D84906B5D50126BE4030
:1099600076423443B2E7002188467F311700002455
:1099700089463E00317801378A464946564631408D
:109980004646B1400C4307218C4651464EB2380042
:10999000E044002EEDDB97E702F03AF864D40410BF
:1099A000020010B50800FF2A15D070231340302B99
:1099B00017D004D8202B07D10FF09AFC03E0402BDE
:1099C0000BD10FF045FD10BD202B02D860231342B0
:1099D00001D002F01DF80020F5E70020502BF2D056
:1099E000F7E70FF0F5FCEEE7F8B505000E00140000
:1099F0000020002D02D028000FF02AFD2060771CE7
:109A00003678FF2E29D160603B78781C2375FF2BB8
:109A100033D01023002500217F26237532000378E0
:109A200001301A408A405BB215430731002BF5DB49
:109A30004519E560002500227F2603780130637513
:109A4000310003780130194091405BB20D43073279
:109A5000002BF5DB45192561F8BD29003000FFF723
:109A60009FFF3A000100231D3000FFF70FFF0700A2
:109A70003B78781C2375FF2BCBD10023E360D9E71B
:109A8000F0B5DE46454657464E460023E0B593B056
:109A9000089303338B4690460340012B16D0022BCC
:109AA0000FD1414658460FF073FC0924002800D11D
:109AB0000824200013B0F0BCBB46B246A946A0461D
:109AC000F0BD002B00D190E001F0A2FF08231A00A6
:109AD0000240034200D19AE002231A4302920C9101
:109AE0000CAD00230C220021404600950FF040FCF5
:109AF00040460FF005FD03900028D2D02A000399BC
:109B00004046FFF771FF41460600287DFFF748FFFA
:109B10000BABA8600F2200939A4600210023404619
:109B20000FF0AEFC01220B9B9343013B99462B693E
:109B30009E4263D27F276C7D00212000FFF730FF1B
:109B40003200010009AB2000FFF7A0FE6C7D06008B
:109B500000212000FFF724FF320001000AAB2000A3
:109B6000FFF794FE6C7D060000212000FFF718FF30
:109B70005346010032002000FFF788FE0024002138
:109B800003003A001B7801301A408A405BB206009D
:109B900014430731002BF3DB099A2B689446634486
:109BA0004B4519D9029BDB072BD5002300240493D6
:109BB00053460D220093002100234046089D0FF0DC
:109BC0005FFC5B460B9A9C621A62039A0624DA6277
:109BD000049A5D621A636CE70A9A944663444B45A3
:109BE0006FD82B698342A6D8DCE7030700D558E776
:109BF00001230CAD02935B460C9372E7029B1A4261
:109C0000D3D10823029A134258D000F0B1F90CAD19
:109C10000C6A00230D220021404600950FF030FC15
:109C20000C9B9C4202D002230293E4E75B460C2289
:109C30000C9300210023404600950FF099FB5B46F2
:109C40001B6B0493002B39D05B469C6ADB6A039341
:109C50000BAB9A460326002C56DB5B460B93534610
:109C6000002200210093404600230FF081FB534661
:109C7000012200210093404600230B940FF078FB53
:109C800053460F2200210093404600230FF0F8FBBB
:109C900001230B9A00211340049A404613430B936F
:109CA00053460F22009300230FF062FB0724022E7D
:109CB00000D0FEE65846FFF715FCFAE65846FFF7D7
:109CC000B7FC0B9B002B00D1EBE66A68944663441B
:109CD0000493002C37D1002B00D1E2E6029BDB0776
:109CE00000D5DEE60823029A134200D122E10024C7
:109CF0000226B2E7079B5446AB469846B2464D460D
:109D0000029BDB0700D553E72A0003994046FFF783
:109D10006BFE4146287DFFF743FEE343E9689B0065
:109D2000A860C9180B68002B05D0002301339A00E6
:109D30008A58002AFAD15A46936204230326D06235
:109D40001363516389E72A69631E9446049A634446
:109D5000002A00D1A5E6002B00D1E0E002990822FC
:109D60000800104006900A4200D1CDE059463F322B
:109D70000A7007324A7007328A70123ACA70033288
:109D80000A7109324A7103328A710022CA710022B3
:109D9000059242467F27A9460792002400211A0017
:109DA00010783A0002408A400133144342B21D0049
:109DB0000731002AF3DB1F2906D84022024203D0D4
:109DC0003F3A8A4052421443002600213A00187854
:109DD000013302408A40164342B20731002AF5DBC4
:109DE0001F2906D84023034203D03F3B8B405B42F0
:109DF0001E43002C11D013DC5B46002B02D0069BC7
:109E0000002B4AD04A46E343D2689B009B58002B64
:109E10002CD0002E6DD0AB19BFE701230593F8E7D6
:109E20004B46187DFF2862D007230340022B5BD0EE
:109E30002DD9032B2ED0042B00D045E6E200524250
:109E40004B46DB6849469C46896853466244FFF7A7
:109E50001DFD0B99002909D05B46002BD9D00022AB
:109E6000584608ABFFF7DEFA0028D2D0079B4D46D4
:109E70009846029BDB0700D59AE6069B002B00D193
:109E8000E8E60326002C00DBE7E600F07DF8002B77
:109E900000D019E6A2005242D2E7089B0F9A0B931A
:109EA000E34390469B00984443461968002943D0F9
:109EB0005B465246AB46A2461D004446B0461600DD
:109EC00004E061680434002900D113E73300002264
:109ED00028006118FFF7A6FA0028F2D02B00B2463E
:109EE0005D4646469B4694E762005242A8E7002240
:109EF000A6E7079B9846059B002B00D1D1E5029B66
:109F0000DB0700D5CDE5F2E65A46D1795832012972
:109F100001D008923BE7783A1268089237E7029B33
:109F2000DB0700D5BDE5029A082314001C401A4245
:109F300000D0DCE6022690E6079B4D469846DFE619
:109F4000FFF706FC61E6C04670B5804701F060FD92
:109F5000FFF7FEFB01F05CFD0D000400FFF732FC93
:109F60006B1C02D12000FFF773FBFFF755FAC046C8
:109F7000024B10B51868FFF7E7FFC04638220020F3
:109F800010B58047FFF7F4FF024B10B51868FFF7D4
:109F9000F7FFC046B0210020014B18687047C0464B
:109FA00038220020014B18687047C046B0210020BD
:109FB00010B5012812D80B00283B1A68501E1860F3
:109FC000012A00D010BDDB6858310C00002B01D0F5
:109FD000080098472000FFF7F7F9F3E728394869A8
:109FE000FFF7B2FF70B505000026803DEA602E60E5
:109FF000A9600400FFF7D6FF2861FFF7CDFF23001B
:10A000004722583B68611A7007325A7007329A70BB
:10A0100022004323553A13705370183B9370D3704A
:10A02000024B513C280026702B6370BDB19F03107A
:10A0300070B504000D001600FFF724FC43683200E1
:10A040000133290043602000FFF7CCFF01230360A8
:10A05000283004000FF034FA2000FFF779FBFFF7F7
:10A0600087FFC04610B5FFF70DFC43680468013355
:10A070004360002C0CD02023E35C472B0AD0002344
:10A080000360203420000FF003FA2000FFF760FB8C
:10A09000FFF76EFF263BE35C4E2BF0D12C3BE35CDD
:10A0A000552BECD1323BE35C432BE8D11F3BE35C07
:10A0B000432BE4D11E3BE35C2B2BE0D1053BE35C5F
:10A0C0002B2BDCD1043BE35C012BD8D863695B42CA
:10A0D0006361D6E710B5FFF74BFFC04610B504002B
:10A0E000034B08330360FFF73FF8200010BDC04664
:10A0F000CCD4041010B50400054B08330360FFF7FF
:10A1000033F820001821D4F7E1FC200010BDC04630
:10A11000CCD40410F0B5DE46574645464E46E0B571
:10A1200085B09B460E9B0400884617009A4237D0A4
:10A13000E3685D1E002B24D00133DB00E41802230A
:10A1400001269A46B946524663681A4216D0310033
:10A1500019401A1203911E4205D0434603330DD015
:10A160004B461B689A5820680E99036800911F6A35
:10A1700041465B464A44B84703280AD8083C013D9B
:10A18000E1D2012005B0F0BCBB46B246A946A046CC
:10A19000F0BD039B002BF5D001231843C0B2F1E7BB
:10A1A0005946D7F709FA0028C2D00620EAE7C04688
:10A1B000F0B54E46DE4657464546E0B595B0994661
:10A1C000219C1E9B0E009B46A3680C900792DB0609
:10A1D00002D583680593A360209B9B4500D17BE15A
:10A1E00049460C98D7F7E8F9002800D061E1002330
:10A1F0000893002E02DB209B9B1B08930023012267
:10A2000006930D9302330E93013B0A93079BB246CC
:10A210001343DBB20B934B4609930C9AD368591E38
:10A220008846002B00D186E00133DE0000239446EF
:10A230009946664411AF05964B463B601293059BC9
:10A24000A6685968079ABE600B12C80703D558461E
:10A2500000680B9AC358089D5B44002D07D0AC469C
:10A260009C45AD410A986D42854200D196E0890730
:10A2700005D45146023100D18CE002218A43059970
:10A28000209D0868016802951F9D00930397019522
:10A29000CD69099B5146A84762797B791343637165
:10A2A000BD79062D00D125E1022D00D122E1069ACB
:10A2B000002A68D12268002A00D19AE039689142C8
:10A2C00000D191E0002900D1A3E0A1790E00032B79
:10A2D0003CD9D90702D5A168890737D4331C002E91
:10A2E00000D10123DBB21E002B1C002D00D1012365
:10A2F000DDB233006B40DBB2032B00D894E0032DBA
:10A3000000D8D2E03A68022322603A792B402271C9
:10A3100000220692A571002B00D0B3E0EB0700D419
:10A32000B0E06379042B26D0059B083B0593434698
:10A33000013B984680D20D9B002B1CD00E9B012B1D
:10A3400019D001230E9300230A9366E7002E35D11E
:10A35000032D00D87CE0E90700D573E001236B40B2
:10A36000DBB2032BCED863794A4622600122A27168
:10A370000692042BD8D1069815B0F0BCBB46B24665
:10A38000A946A046F0BD2268002A97D13968002965
:10A390009BD1C7E7B10700D06FE7C5E701230D9355
:10A3A000C2E7023100D1DBE00998209903680091EF
:10A3B0001B6A51461E001F9BB0470600002D98D116
:10A3C000032E62D9F30755D502230C9A92680F9297
:10A3D0001A425AD1320001214A40D2B2032AC2D9CC
:10A3E000A67133429DD04DE0227939790A4322711A
:10A3F00098E73A68226039792171002A78D0002BD9
:10A400001ED00C9A926806920690D20700D589E772
:10A41000B1E7002800D058E784E706237340DBB299
:10A42000032B00D996E0062533002B40DDB2032D27
:10A4300099D9002323600233A371013B06939AE765
:10A44000069071E70C9989680F91890700D485E718
:10A4500051460029A5DB20995244914275D0002D28
:10A4600066D001226A40D2B2032A00D87CE70123D9
:10A470001E0044E7330001214B40DBB2032B00D820
:10A4800071E7A6710023069375E753463A68002BDF
:10A4900037DA023339D009982099036800911D6A90
:10A4A00051461F9BA847050023E702233500334090
:10A4B00030E75B462360079B2371002E30DB209B37
:10A4C0005E449B1B5A42534105225B4213400133B9
:10A4D000A371002306934EE71F990C98D7F76CF8E9
:10A4E000002800D17CE6079B63710023069342E7B6
:10A4F000069017E7119B23603B79A57123710690A5
:10A5000039E72099D318994287D0330001214B4075
:10A51000DBB2032B00D826E7022335003340F9E6EF
:10A5200000230693B31C00D025E70123A37122E783
:10A5300052463B6820999A18914200D013E7236055
:10A540003B7923710623A3719CE70623002D05D0D8
:10A550001E00CEE622603B7923710623A37191E7AA
:10A56000002D00D07DE7FEE6F0B54E46DE465746AC
:10A570004546E0B58BB0040092469946059003919C
:10A58000FEF72EFE061E5FD14B469B680193DB064D
:10A5900000D596E0059AD5686B1E9B46002D4ED0DF
:10A5A000012394460027019901351940ED000291DD
:10A5B000654406AC019B6A68A360012313400093C5
:10A5C0000223134098464146029B27602771E760AB
:10A5D0000B432FD05346002B3ED0009B1212002B72
:10A5E00002D053461B689A5852442868039903685E
:10A5F0009E692300B047049000281BD0E368082B15
:10A600002CD02379032B05D94246002A02D10232ED
:10A61000934323714B46D968002925D01B682268D3
:10A62000934251D1002B33D04B4622791B791343EF
:10A630004A4613715B46083D013B9B46BAD24B46E6
:10A640001E79731E9E41F6B230000BB0F0BCBB46C3
:10A65000B246A946A046F0BD0022C6E7009B002BEB
:10A66000CFD02B68E360CCE7220043CA43C3126813
:10A670001A604B461B79032B08D902221A4215D0C7
:10A68000059B013A9B6800931342D3D1049EDBE7FC
:10A69000E068082805D0082903D0D6F78DFF0028E8
:10A6A000C2D102234A46049E1371CDE701221A4209
:10A6B000ECD0059B01329B6800931342BAD1049EF3
:10A6C000C2E7A368019365E700234A46136002339B
:10A6D000049E1371B8E7C046F0B5CE46474680B534
:10A6E000050083B0884600200021914602F04EFA12
:10A6F000060004F003FB471C3800D4F7DBF93A00EE
:10A7000031000400D4F7CCF91C49002002F03EFAD5
:10A71000280001A905F05AFB43461860019B061C5E
:10A72000AB4202D01B78002B11D0002342461360AD
:10A7300004234A4613602100002002F027FA20007B
:10A74000D4F7C0F903B0C0BCB946B046F0BDFF2194
:10A75000C905D3F745FF002807D10949301CD3F7B5
:10A760003FFF0028E7D0074BE0E7074BDEE74B1C35
:10A7700001D1FEF76DFFFEF74FFEC046B89A0410F8
:10A78000000080FFFFFF7FFFFFFF7F7FF0B5CE4619
:10A79000474680B5050083B08846002000219146D9
:10A7A00002F0F4F9060004F0A9FA471C3800D4F7C7
:10A7B00081F93A0031000400D4F772F920490020F1
:10A7C00002F0E4F9280001A905F09AFA43460600D0
:10A7D0000F001E605F60019B0022AB4202D01B781D
:10A7E000002B12D0002341460A604B6004234A46E6
:10A7F00013602100002002F0C9F92000D4F762F9AB
:10A8000003B0C0BCB946B046F0BD0E4BD3F744FA16
:10A8100000280BD10022300039000B4BD3F73CFA53
:10A820000028E6D00122094B5242DCE70122084B06
:10A830005242D8E74B1C01D1FEF70AFFFEF7ECFDB0
:10A84000B89A04100000F07F0000F0FFFFFFEFFF58
:10A85000FFFFEF7FF8B5CE464746814680B50D0035
:10A8600000200021904602F091F9060004F046FA1B
:10A87000471C3800D4F71EF93A0031000400D4F721
:10A880000FF92149002002F081F92A0048461F49AA
:10A8900003F0D6F9013001281AD92E686F6800221A
:10A8A000300039001A4BD3F7F7F9002822D10022E3
:10A8B00030003900174BD3F7EFF900280FD00122F1
:10A8C000154B52422A606B6004234246136006E037
:10A8D000002200232A606B6004234246136021009B
:10A8E000002002F053F92000D4F7ECF8C0BCB946C0
:10A8F000B046F8BD0122094B5242E3E74B1C01D19F
:10A90000FEF7A6FEFEF788FDB89A0410F8D40410EE
:10A910000000F07F0000F0FFFFFFEFFFFFFFEF7F81
:10A92000002310B503600B78432B02D00348E9F7EE
:10A93000BFFB4B78002BF9D110BDC046FCD40410EE
:10A94000002303607047C046009B03201A60039BEE
:10A95000019A1A607047C046009B03201A60704736
:10A96000009B03201A60039B019A1A607047C0463F
:10A970000120704701207047981A009B984200D927
:10A9800018007047009B03201A6070470020704732
:10A990000A4B10B50833040003600830FFF7D0FFFE
:10A9A000074B20002360D7F73BF8200010BD044B75
:10A9B00020002360D7F734F8FEF72EFD80D5041071
:10A9C000B8C404100A4B10B5083304000360083003
:10A9D000FFF7B6FF074B20002360D7F721F82000D0
:10A9E00010BD044B20002360D7F71AF8FEF714FDC2
:10A9F000ACD504104CCE04100E4B10B50833040037
:10AA000003600830FFF79CFF0B4B20002360D7F753
:10AA100007F82000D4F752F8200010BD064B2000A4
:10AA20002360D6F7FDFF2000D4F748F8FEF7F4FCCA
:10AA3000F9E7C046ACD504104CCE04100E4B10B54F
:10AA40000833040003600830FFF77AFF0B4B200047
:10AA50002360D6F7E5FF2000D4F730F8200010BDC2
:10AA6000064B20002360D6F7DBFF2000D4F726F842
:10AA7000FEF7D2FCF9E7C04680D50410B8C4041034
:10AA80004B1E9941084B10B5083341600360040028
:10AA9000D6F7DCFFA060200010BD044B200023602F
:10AAA000D6F7BEFFFEF7B8FC80D50410B8C404107A
:10AAB0004B1E9941084B10B50833416003600400F8
:10AAC000D6F7C4FFA060200010BD044B2000236017
:10AAD000D6F7A6FFFEF7A0FCACD504104CCE0410B0
:10AAE000F0B5D64646464F46C0B584B099460E9B53
:10AAF00002AE14009A460A0033000D9D884603CA30
:10AB000003C302F03BF84B461B1B9B1058435346B4
:10AB10005B1BC01A002819DC34E0AA4518D93200A2
:10AB2000216801A806F0C6FD0700431C2DD053463E
:10AB30005B1B83422BD3020001A92800D3F7B0FF8F
:10AB40004346320003CA03C3ED190434A145E4D8D7
:10AB50004C45804140420C9B1C600F9B1D6004B023
:10AB6000E0BCBA46B146A846F0BD320028002168D4
:10AB700006F0A0FD431C08D04346320082CA82C3BF
:10AB80002D180434A145F0D8E2E70220E3E70120C4
:10AB9000E1E7C046F0B54F464646D646C0B582B05E
:10ABA0006E4698460C9B0F00994633008A46140067
:10ABB0000B9D06CF06C3444517D318E0434621003A
:10ABC0001A1B2800330002F099FB431C1CD0831C85
:10ABD0001CD0002801D128600130534632002418CF
:10ABE00082CA82C30435A04501D9A945E6D84445A7
:10ABF000804140420A9B1C600D9B1D6002B0E0BC7E
:10AC0000BA46B146A846F0BD0220F3E70120F1E7BD
:10AC100010B501F0B3FF01384342584110BD4B1C41
:10AC200001D1FEF715FDFEF7F7FBC04610B501F0A8
:10AC3000A5FF10BD4B1C01D1FEF70AFDFEF7ECFB92
:10AC4000F0B54F464646D646C0B582B06D469846EA
:10AC50000E002B008A4614000A9F06CE06C300236E
:10AC60009946444515D316E0434621001A1B00209F
:10AC70002B0002F043FBC31C0DD8002800D101308B
:10AC800053462A00241842CA42C38144013FA045CA
:10AC900001D9002FE8D1484602B0E0BCBA46B1461F
:10ACA000A846F0BD080010B5110003F0AFF88317F7
:10ACB000421E9041184310BD10B5080011001A0043
:10ACC00005F09EF910BDC046080010B5110006F051
:10ACD00013FD8317421E9041184310BD10B50800A4
:10ACE00011001A0007F04AFC10BDC046080010B55C
:10ACF000110003F08BF88317421E9041184310BDDA
:10AD000010B5080011001A0005F07AF910BDC04610
:10AD1000080010B5110006F0EFFC8317421E9041A9
:10AD2000184310BD10B5080011001A0007F026FCEA
:10AD300010BDC046062310B54360002304008360A5
:10AD4000074B82B0C36001A8D7F722FD200001A9FC
:10AD50006C30D6F71FFF01A8D6F704FF02B010BD74
:10AD600002100000C368252030B508704C1C18057F
:10AD700002D52B208C1C4870590502D52321217047
:10AD80000134822019004000014081421AD0D63897
:10AD900020700438A51C6070002A16D1042918D030
:10ADA00080225200914218D08222520091421CD03F
:10ADB0001F225B04DB17934367336A1C2B7000234D
:10ADC000137030BD2500002A10D02A7001350429E7
:10ADD000E6D166236A1C2B70F1E75B04E13ADB17CE
:10ADE000934365336A1C2B70E9E72C001F225B0438
:10ADF000DB1793436133621C2370E0E7013B0139A9
:10AE00008446F0B5994200D91900002932D0644631
:10AE10005F1A02E00134AE4224D1D65C013B2578B2
:10AE2000BB42F7D1741B60424441E0B2002B1CD0FE
:10AE3000AE4225D16046D318445C501C02E0013B71
:10AE4000A14215D119788342F9D1081B43425841D8
:10AE5000C0B263B2002B04DD0023127894425B4140
:10AE60001840F0BD0020002B0AD163465C5CF0E77F
:10AE70000020EEE7002BDDD1634601201C78E8E7D7
:10AE8000634600205C5CE4E7126810B513000C3BDD
:10AE90001B68FFF7B3FF10BD70B5040082B0079BBD
:10AEA000083020601E685D68002E1BD001950F2DB4
:10AEB00009D8012D1BD133782372002365604355D7
:10AEC000200002B070BD0022200001A9F3F708FDA8
:10AED000019B2060A3602A003100D3F7E1FD019DB2
:10AEE0002068EAE7002DE8D00248E9F77DF8002D58
:10AEF000E3D0F0E7C0AD041070B5040082B0079B4A
:10AF0000083020601E685B689B00002E23D09D10D7
:10AF100001950C2B0ED8012D09D0002D15D1002242
:10AF2000019B63609B001A50200002B070BD336823
:10AF30000360F4E70022200001A9FDF701FE019B58
:10AF40002060A360012DE8D1F1E72A00310007F06D
:10AF5000F3FB2068E3E7002B01D10193DFE7014811
:10AF6000E9F742F8C0AD041010B504000399DCF70E
:10AF70000FFA200010BDC04610B504000399DCF79D
:10AF8000A5FD200010BDC04610B50CCAFFF736FF66
:10AF900010BD4B1C01D1FEF75BFBFEF73DFAC0462E
:10AFA000406870470D4B10B50833036043680400D8
:10AFB00018000B4A0C3882B0904205D12000FEF7F1
:10AFC00049FC200002B010BD043B1A68511E1960F4
:10AFD000002AF3DC01A9DBF739FFEFE7F0D7041013
:10AFE000F83103200D4B10B50833036043680400AB
:10AFF00018000B4A0C3882B0904205D12000FEF7B1
:10B0000029FC200002B010BD043B1A68511E1960D3
:10B01000002AF3DC01A9DBF719FFEFE7B4D704102E
:10B02000F83103200F4B10B5083303604368040068
:10B0300018000D4A0C3882B0904208D12000FEF76B
:10B0400009FC2000D3F73AFD200002B010BD043BFC
:10B050001A68511E1960002AF0DC01A9DBF7F6FE20
:10B06000ECE7C046F0D70410F83103200D4B10B5C3
:10B07000083303604368040018000B4A0C3882B0A0
:10B08000904205D12000FEF7E5FB200002B010BD84
:10B09000043B1A68511E1960002AF3DC01A9DBF792
:10B0A000D5FEEFE7B4D70410F83103200D4B10B5EF
:10B0B000083303604368040018000B4A0C3882B060
:10B0C000904205D12000FEF7C5FB200002B010BD64
:10B0D000043B1A68511E1960002AF3DC01A9DBF752
:10B0E000B5FEEFE7B4D70410F83103200F4B10B5CD
:10B0F000083303604368040018000D4A0C3882B01E
:10B10000904208D12000FEF7A5FB2000D3F7D6FC23
:10B11000200002B010BD043B1A68511E1960002ABD
:10B12000F0DC01A9DBF792FEECE7C046B4D70410CF
:10B13000F83103200F4B10B5083303604368040057
:10B1400018000D4A0C3882B0904208D12000FEF75A
:10B1500081FB2000D3F7B2FC200002B010BD043BFD
:10B160001A68511E1960002AF0DC01A9DBF76EFE97
:10B17000ECE7C046B4D70410F83103200F4B10B5EC
:10B18000083303604368040018000D4A0C3882B08D
:10B19000904208D12000FEF75DFB2000D3F78EFC23
:10B1A000200002B010BD043B1A68511E1960002A2D
:10B1B000F0DC01A9DBF74AFEECE7C046B4D7041087
:10B1C000F8310320F0B5D6464F4646468246C0B514
:10B1D00000200F0000219046994601F0D7FC0500A1
:10B1E00003F08CFD461C3000D3F764FC32002900CC
:10B1F0000400D3F755FC53460020196901F0C6FC42
:10B200004A464146089B380003F070FD21000500C6
:10B21000002001F0BBFC2000D3F754FC002D00D12E
:10B220003D70E0BCBA46B146A846F0BD4B1C01D10A
:10B23000FEF70EFAFEF7F0F8836810B50400002B55
:10B240006AD05B4A5B499A60DA605B4A19621A61AC
:10B250005A615A4A5A499A61DA619A62594A59625C
:10B26000DA62594A1A63594A5A63594A9A63594ADF
:10B27000DA63594A1A64594A5A64594A9A64594ACB
:10B28000DA64594A59491A6599675949594AD96737
:10B2900080215A65584A59489A65594ADA65594A87
:10B2A0001A66594A5A66594A9A66594ADA66594A92
:10B2B0001A67594A5A6758505848043158505848E4
:10B2C00004315850574804315850574804315850A9
:10B2D00056480431585056480431585055480431A6
:10B2E000585055480431585004315A50A8225349F7
:10B2F0009950534904329950524904329950524955
:10B3000004329950514904329950514904329950AC
:10B3100050490432995010BDC820D3F7C7FB4E499D
:10B3200000220160802142608260C260026142614D
:10B330008261C261026242628262C26202634263ED
:10B340008263C263026442648264C26402654265CD
:10B350008265C265026642668266C26602674267AD
:10B360008267C26742500431425004314250043176
:10B3700042500431425004314250043142500431B1
:10B3800042500431425004314250043142500431A1
:10B390004250043142500431425004314250043191
:10B3A000425004314250043103004254A06048E747
:10B3B00058AE041004D804106CAE04104495041068
:10B3C00008D804100CD8041014D804101CD8041089
:10B3D00024D8041030D804103CD8041044D80410E9
:10B3E00050D8041054D8041058D8041094D804101D
:10B3F0009CD804105CD8041060D80410A4D80410A1
:10B4000064D8041068D804106CD8041074D80410E0
:10B4100080D8041088D8041090D80410ACD8041038
:10B42000B8D80410C0D80410CCD80410D8D8041050
:10B43000DCD80410E0D80410E4D80410E8D80410D4
:10B44000ECD80410F0D80410F4D80410F8D8041084
:10B45000FCD8041000D9041014C40410F0B5D6466A
:10B460004F4646468246C0B500200F000021904658
:10B47000994601F08BFB050003F040FC461C3000B0
:10B48000D3F718FB320029000400D3F709FB534619
:10B490000020196901F07AFB4A464146089B3800B2
:10B4A00006F086FF21000500002001F06FFB200060
:10B4B000D3F708FB002D00D13D60E0BCBA46B14691
:10B4C000A846F0BD4B1C01D1FEF7C2F8FDF7A4FF62
:10B4D000836810B50400002B6AD05B4A5B499A6010
:10B4E000DA605B4A19621A615A615A4A5A499A618A
:10B4F000DA619A62594A5962DA62594A1A63594AB8
:10B500005A63594A9A63594ADA63594A1A64594A3A
:10B510005A64594A9A64594ADA64594A59491A6527
:10B5200099675949594AD96780215A65584A5948F3
:10B530009A65594ADA65594A1A66594A5A66594A01
:10B540009A66594ADA66594A1A67594A5A675850E8
:10B55000584804315850584804315850574804311D
:10B56000585057480431585056480431585056489E
:10B5700004315850554804315850554804315850FA
:10B5800004315A50A82253499950534904329950D2
:10B590005249043299505249043299505149043267
:10B5A000995051490432995050490432995010BD74
:10B5B000C820D3F77BFA4E49002201608021426007
:10B5C0008260C260026142618261C2610262426263
:10B5D0008262C262026342638263C2630264426443
:10B5E0008264C264026542658265C2650266426623
:10B5F0008266C266026742678267C2674250043150
:10B60000425004314250043142500431425004311E
:10B61000425004314250043142500431425004310E
:10B6200042500431425004314250043142500431FE
:10B6300042500431425004314250043142500431EE
:10B6400003004254A06048E704D904104CD9041008
:10B6500028D904106C01051058D9041064D90410BD
:10B6600080D904109CD90410BCD90410E4D904106A
:10B6700008DA041024DA041048DA041058DA041046
:10B6800068DA04103CDB041050DB041078DA041094
:10B6900088DA041064DB041098DA0410A8DA0410C5
:10B6A000B8DA0410D8DA0410FCDA041014DB041041
:10B6B0002CDB041080DB0410A8DB0410C8DB0410B2
:10B6C000ECDB041010DC041020DC041030DC04106F
:10B6D00040DC041050DC041060DC041070DC04104A
:10B6E00080DC041090DC0410A0DC0410B0DC04103A
:10B6F000A8CD0410F0B5C64600B51C4B04000D00E3
:10B7000082B00360002929D0080003F0F7FA061E72
:10B7100018D0002101AADBF72FFB0C239846070065
:10B720008044012E11D0320029004046D3F7B8F9E9
:10B730000F4B9F420CD143462000636002B080BC97
:10B74000B846F0BD0B4B9846F5E72B780373EFE74F
:10B7500000233E60BE19BB603373ECE70648E8F790
:10B7600043FC2000FEF776F8FDF756FEBCD7041028
:10B77000F8310320043203205CAB041010B5040040
:10B78000FFF7B8FF014B2000236010BDD0D7041095
:10B7900010B50400FFF7AEFF014B2000236010BD81
:10B7A000E4D70410F0B5C64600B51C4B04000D00EC
:10B7B00082B00360002929D0080003F09FFA061E1A
:10B7C00018D0002101AADBF7D7FA0C23984607000E
:10B7D0008044012E11D0320029004046D3F760F991
:10B7E0000F4B9F420CD143462000636002B080BCE7
:10B7F000B846F0BD0B4B9846F5E72B780373EFE79F
:10B8000000233E60BE19BB603373ECE70648E8F7DF
:10B81000EBFB2000FEF71EF8FDF7FEFDF8D7041045
:10B82000F8310320043203205CAB041010B504008F
:10B8300082B001ABDBF7F6FD200002B010BDC046C0
:10B8400000487047C0DC041000487047C8DC041092
:10B8500002608E2A06D805499300CB589F46044BB8
:10B8600043607047034B4360FBE7C046D0DC0410E5
:10B870003422002030220020026041607047C04620
:10B8800010B51400036882B00A005B6901006846C5
:10B890009847019B62680020934201D002B010BD1E
:10B8A000009B2068181A43425841C0B2F6E7C046D0
:10B8B00010B54C680023844201D0180010BD0B68FD
:10B8C0009B1A5A425341DBB2F7E7C0467047C04665
:10B8D0007047C04610B50400D3F7F0F8200010BD43
:10B8E00010B50400D3F7EAF8200010BD10B504002D
:10B8F0000B6886B068461B6998472000019A00993A
:10B90000FFF794FF009802AB984201D0D3F7D6F826
:10B91000200006B010BD009802AB984201D0D3F7CA
:10B92000CDF8FDF779FDC046F0B5040083B01000F6
:10B93000260002F0CBFB0836051E266023D003F05C
:10B94000DDF9070001900F280CD8012807D12A78CB
:10B950002272002260603254200003B0F0BD002843
:10B96000F7D008E00022200001A9F2F7B9FF060095
:10B97000019B2060A36030003A002900D3F790F8C3
:10B9800001982668E5E70148E8F72EFBC0AD0410F2
:10B9900010B5064C06492200064800F011F82200B6
:10B9A0000549064800F00CF810BDC0469020002064
:10B9B000D1B8031034220020CDB80310302200206B
:10B9C000030010B50800190000F07CF810BDC04657
:10B9D00000487047F0DF041010B50400034B083333
:10B9E0000360FDF761FB200010BDC04634E0041089
:10B9F00010B50400054B08330360FDF755FB20002C
:10BA00000421D3F763F8200010BDC04634E00410D1
:10BA1000062010B502F050F80120D0F7A7FAC04672
:10BA200030B587B0431C17D00B2404AD6C440822FA
:10BA3000002120702800D3F72DF8094B094A186817
:10BA4000E4230095D55803A92200E33BA847012829
:10BA500002D8039807B030BD01204042FAE7C04643
:10BA6000402200207026002010B5514301F066F9F5
:10BA7000041E0ED00300083B5A6803239A43043A7D
:10BA8000242A15D80300132A05D800221A605A6008
:10BA90009A60200010BD00210833016041601B2A1C
:10BAA000F3D98160C160242A06D003001033ECE78B
:10BAB0000021D2F7EFFFECE7030001611833416189
:10BAC000E3E7C04610B513000A000100022006F0AB
:10BAD000CBFE10BD014B18687047C04640220020C5
:10BAE00070B50C00050000F06FF8E36A0600002B4B
:10BAF00004D02800E169984700281EDBA3891B06B3
:10BB000020D4216B002908D023004033994202D071
:10BB1000280000F073FB00232363616C002904D02C
:10BB2000280000F06BFB0023636400F031FA00236F
:10BB3000A38100F02FFA300070BD0126A389764260
:10BB40001B06DED52800216900F058FBD9E7C04666
:10BB500070B505000C1E08D0002802D0836B002BA6
:10BB60000AD00C22A35E002B01D1002070BD210061
:10BB70002800FFF7B5FFF9E700F002FA0C22A35EF8
:10BB8000002BF2D0F3E7C04670B5041E0AD00D4B6F
:10BB90001D68002D02D0AB6B002B0AD00C22A35ED7
:10BBA000002B01D1002070BD21002800FFF798FF75
:10BBB000F9E7280000F0E4F90C22A35E002BF1D095
:10BBC000F2E7C04640220020F0B5C6460C0000B5A2
:10BBD000A28980460C23C95E13074CD48023626877
:10BBE0001B010B43A381002A66DDA66A002E3ED00E
:10BBF00042464146156800220A609AB2DB0460D4CE
:10BC0000012300224046E169B047431C68D0A28965
:10BC1000A66A530706D56368C01A236B002B01D0B0
:10BC2000E36BC01A00230200E1694046B047431CA1
:10BC300049D143461B68002B45D01D2B01D0162B44
:10BC400057D1A3892F4A1340A3810023636023693E
:10BC500023604346216B1D60002908D02300403338
:10BC6000994202D0404600F0C9FA00232363002025
:10BC700080BCB846F0BD2669002EF8D02368266047
:10BC80009D1B0023920700D16369A360002D04DC93
:10BC9000EDE736182D1A002DE9DD2B003200404665
:10BCA000E169676AB8470028F3DC40220120A389D4
:10BCB00040421343A381DBE7E26B002A00DD94E7F7
:10BCC000D5E7206DA5E7A3890E4A134000226260E4
:10BCD00022691BB2A3812260DB04BAD52065B8E7D4
:10BCE00043461B68002B00D191E71D2B06D0162B75
:10BCF00004D04022A3891343A381B9E7434600201F
:10BD00001D60B5E7FFF7FFFF70B504000D000028C8
:10BD100002D0836B002B09D00C22AB5E0020002BDD
:10BD200003D029002000FFF74FFF70BD00F028F975
:10BD3000F2E7C04670B5041E1AD0104B1D68002DE6
:10BD400002D0AB6B002B0AD00C22A35E0020002B8C
:10BD500000D170BD21002800FFF736FFF9E7280069
:10BD600000F00EF90C22A35E0020002BF1D0F1E7C9
:10BD7000034B0449186800F03BFDEAE7402200202D
:10BD80004CE1041009BD03100020704710B50249B2
:10BD900000F02EFD10BDC04651BB031000207047BF
:10BDA000F0B5D6464F464646304BC0B5C363B823C0
:10BDB000002403229B00C45004334568C25008335A
:10BDC000C218043BC2500600042328006C662C6095
:10BDD0006C60AC60EB602C616C61AC61082200218E
:10BDE0005C30D2F757FE224B224F9A462B62224BF1
:10BDF000EF6299466B62214BED61AB62B568984684
:10BE000028001F4B6C662C606C60AC60EB602C6192
:10BE10006C61AC61082200215C30D2F73BFE5346D6
:10BE20002B624B466B624346EF62AB62ED61F56895
:10BE3000144B2800EB606C662C606C60AC602C616D
:10BE40006C61AC61082200215C30D2F723FE5346BE
:10BE50002B624B466B624346AB620123EF62ED619E
:10BE6000B363E0BCBA46B146A846F0BD8DBD031031
:10BE7000E1DC031079DD03100DDD03104DDD03104F
:10BE8000090001001200020070B568254A1E5543E2
:10BE90000E002900743100F051FF041E09D0002368
:10BEA0002A00036046600C300021A0606832D2F79F
:10BEB000F1FD200070BDC046F0B5C646284B070016
:10BEC0001E6800B5B36B002B2DD0B8239B009C4699
:10BED0000423984666447368B468013B03D51DE0AB
:10BEE0006834013B1AD30C22A55E002DF8D1200046
:10BEF0001C4B08220021656625606560A560E36033
:10BF000025616561A5615C30D2F7C4FD2563656379
:10BF10006564A564200080BCB846F0BD3568002D7E
:10BF200005D02E00D7E73000FFF73AFFCDE7D62146
:10BF30003800490000F002FF041E0DD04346D02215
:10BF40000560250043600C300021A0605200D2F74C
:10BF5000A1FD34602E00BEE70C2330603B60D9E7C2
:10BF60004CE104100100FFFF10B5034B03491868B2
:10BF700000F03EFC10BDC0464CE1041051BB031064
:10BF8000836B10B5002B01D1FFF70AFF10BDC0462F
:10BF90007047C0467047C0467047C0467047C046AD
:10BFA00010B5034B0349186800F002FC10BDC046F1
:10BFB0004022002089BD031010B5034B03491868C7
:10BFC00000F0F6FB10BDC046402200209DBD0310CE
:10BFD000F0B545464E46DE465746E0B583B0019281
:10BFE0005A4306000D0090460C9C0093002A40D056
:10BFF000002803D0836B002B00D192E00C23E15E7C
:10C000008023A2899B011A4206D10B434B4A616EE1
:10C01000A3810A4062669AB267683B1E31DBC14663
:10C02000920734D433004646994612E0280021682E
:10C030003A00D2F735FD23682100DB19236048461A
:10C04000F31B9A46ED1901F0B3FB002862D1564666
:10C050006768BE42EAD8B146320028002168D2F7AC
:10C060001FFD636820689B1B484463602060009B41
:10C070009846404603B0F0BCBB46B246A946A0462F
:10C08000F0BD00230027C14663609207CAD59845DA
:10C0900052D84A4621682800D2F702FD4A46236852
:10C0A000216B4B44236063689B1A636043469F1A6D
:10C0B00000290AD0002FDAD023004033994202D061
:10C0C000300000F09BF800232363B2464D4400E0AB
:10C0D0001700002FCBD0236926689B466369210097
:10C0E0002561256050466761994601F061FB5B461A
:10C0F00023614B460021636163682660FA1AED18DC
:10C1000061600028E4D043440199D81BD1F716FBA5
:10C110008046AEE747440199B81BD1F70FFB804634
:10C12000A7E7FFF72DFF0C23E15E8023A2899B0187
:10C130001A4200D070E768E79946AAE7FFDFFFFFE1
:10C1400010B50400054882B00068009313000A008F
:10C150002100FFF73DFF02B010BDC0464022002085
:10C16000F8B50C00050001F013F9204FBB685E68BC
:10C1700003239E431E4B341B9C466444240B013C0A
:10C18000113324039C4207DB0021280001F0DEFB71
:10C19000BB689B19984204D0280001F0FBF80020EE
:10C1A000F8BD2800614201F0D1FB431C0DD00122F3
:10C1B000BB68361B16435E600E4B28001A68141BC2
:10C1C0001C6001F0E7F80120EAE70021280001F0F7
:10C1D000BDFBBA68831A0F2BDEDD07490968401AD8
:10C1E0000449086001210B435360D5E7E427002090
:10C1F000EF0F0000D8310020DC270020F0B5C64644
:10C2000005000C0000B500294FD001F0C1F8210055
:10C2100008394C68012622000320B2438F187B683E
:10C220008343624898468368BB426AD043467B603A
:10C2300026421ED108239C460C688444091B12190F
:10C240008C6864454FD0CB68E3609C604346FC1823
:10C250006468344211D1BB68554C4244A34200D1BA
:10C260007EE0FC68DC60A360012313434B608A50CE
:10C2700006E0FC1864683442EDD016434E603A6024
:10C2800080239B009A4213D25409D3080122A24072
:10C290004468DB002243426018188368C8608B60E2
:10C2A0008160D960280001F075F880BCB846F0BD07
:10C2B000530A042B3ED89409260039343836E4005A
:10C2C00004192368083C03279C4242D05868B843AD
:10C2D000904202D99B689C42F8D1DC68CC608B60AC
:10C2E000A160D960DEE74346F8184068304257D174
:10C2F000FB68B86842441643C36098604E608A5039
:10C30000D0E713004344264206D10A68891A8C6894
:10C310009B18CA68E260946001221A434A60254A69
:10C32000816012689A42BDD8234B28001968FFF734
:10C3300017FFB7E7142B07D9542B1AD8140B260074
:10C340006F346E36E400BBE71E005C335B36DC0006
:10C35000B6E70122B610B240466832434260BDE7FC
:10C36000D9609960CB608B60012313434B608A5086
:10C3700098E7AA246400A34205D8D40B2600783499
:10C380007736E4009CE70D4CA34205D8940C2600B8
:10C390007D347C36E40093E7FE247E26A4008FE7FC
:10C3A000330013434B603A607CE7C046E42700202B
:10C3B000EC270020E0270020D431002054050000A5
:10C3C00010B500F00DF810BD10B504001300034ABD
:10C3D00010680A00210000F003F810BD4022002080
:10C3E000F0B557464E464546DE46E0B50C00050022
:10C3F00017001E0097B0002802D0836B002B1DD0C1
:10C400008422A3895200134093421FD0A36A994605
:10C41000002B00D142E1012E1DD0022332009A43AD
:10C42000904665D016232B60173B9846404617B0C0
:10C43000F0BCBB46B246A946A046F0BDFFF7A0FD42
:10C440008422A389520013409342DFD121002800A7
:10C45000FFF75AFCDAE72100280000F059F9030041
:10C460008046013300D115E101239B462369002654
:10C470004744002B41D00C23E05E8B4AA389134232
:10C480000BD18022D2009246134255D1874B994559
:10C4900038D080231B011843A08121002800FFF71A
:10C4A00033FC8046002800D0F4E033003A00280036
:10C4B000E169C847431C00D1ECE0216B002908D09A
:10C4C00023004033994202D02800FFF797FE002353
:10C4D00023632369200023600023754A6360A389D6
:10C4E00000211340A38108225C30D2F7D3FA9DE7E4
:10C4F00000239B462369002BBDD12100280000F0BA
:10C5000067FBB8E70E23E15E0029C2DB6A4628001C
:10C5100000F0DCF8002800D09AE0F022019B120223
:10C52000134080221202934200D091E053465246BB
:10C53000E364A3891343A381BA46002E67D15B4607
:10C54000002B52D0216B00296ED0E36B60689C46B3
:10C55000236940449B465A46A36B9B1AC01A634406
:10C56000824502DBC218524575D8E36C28005A4256
:10C57000534613409846E16900234246C847431C8E
:10C580008BD00023216B636023692360002908D0CE
:10C5900023004033994202D02800FFF72FFE0023EA
:10C5A00023632022A3899343A381424653469B1AC7
:10C5B0009B46C24510D02100280001F0F9F8002860
:10C5C00000D06AE763685B4500D266E722685A4498
:10C5D00022605A469B1A63602000082200215C30CA
:10C5E000D2F758FA0023984620E7A389DB0426D522
:10C5F000226D6068216B121A03009046002914D046
:10C60000E36B9C46130062469B1A9846A0E76A4675
:10C6100028000E23E15E00F059F8002800D03CE726
:10C62000049B9A46BA448AE763682269934659464E
:10C630002268511A42465B18501A002190E70022E6
:10C6400001232800E169C8470200431CD1D124E737
:10C650000C23E05E1DE75246101A5A461B1A1218A8
:10C6600022606360002908D023004033994202D041
:10C670002800FFF7C3FD0023236320222000A389A5
:10C6800000219343A3815C30183AD2F703FA0023C8
:10C690009846CBE601235B429846C7E61D332B60E4
:10C6A0001E3B9846C2E6C0461A0800004DDD031046
:10C6B000DFF7FFFF10B504001300034A10680A00FB
:10C6C0002100FFF78DFE10BD40220020002370B531
:10C6D000074D0400080011002B60D2F71FFC431C1B
:10C6E00000D070BD2B68002BFBD02360F9E7C0465B
:10C6F0000832002010B500F00BF810BD10B5034B48
:10C700000100186800F004F810BDC0464022002067
:10C7100070B505000C00002802D0836B002B27D0D9
:10C72000A66A002E32D00C22A3891A40082A22D0F1
:10C73000DA0411D4012300222800E169B047431C28
:10C7400029D0A3895A070AD56368C01A236B002B26
:10C7500001D0E36BC01A70BD206D5A07F4D41B07DB
:10C76000F9D52368002BF6D022699B1AC018F2E78E
:10C77000FFF706FCD4E72268002AD9D02169521AB3
:10C78000002AD5DDDA05D3D50223D4E71D23012005
:10C790002B604042DFE701204042DCE710B5034B4D
:10C7A00001001868FFF7B4FF10BDC046402200200A
:10C7B000F0B5C646B8238846002600B59B00C718CA
:10C7C0007B68BC685D1E0CD4A389012B06D90E22A0
:10C7D000A35E013302D02000C04706436834013D08
:10C7E000F2D23F68002FEBD1300080BCB846F0BDDC
:10C7F000F8B54746CE4680B5B8278046894600261C
:10C80000BF0047447B68BC685D1E0DD4A389012B23
:10C8100007D90E22A35E013303D021004046C8474A
:10C8200006436834013DF1D23F68002FEAD1300061
:10C83000C0BCB946B046F8BDF0B5C64600B51C0050
:10C8400086B016000C9B6643984601AB0393012308
:10C85000050017000191029605960493002802D066
:10C86000836B002B20D043460C229A5E80239B01D1
:10C870001A4207D1134342469381526E0C4B134028
:10C88000424653664146280003AA06F03FF90028B5
:10C8900005D005983900301AD0F750FF0400200069
:10C8A00006B080BCB846F0BDFFF76AFBDBE7C046C8
:10C8B000FFDFFFFFF0B5C64600B51D001B4B86B07D
:10C8C0001B681600984601AB03930123049343466B
:10C8D0004E430F001400019002960596002B02D0E3
:10C8E0009B6B002B1DD00C23EA5E80239B011A4218
:10C8F00005D11343AB816A6E0D4B13406B66290063
:10C90000404603AA06F002F9002805D00598390030
:10C91000301AD0F713FF0400200006B080BCB846E0
:10C92000F0BD4046FFF72CFBDDE7C046402200206B
:10C93000FFDFFFFF70B505000C00002802D0836BFD
:10C94000002B09D06368013B6360002B0BDB23687D
:10C950005A1C2260187870BDFFF712FB6368013B18
:10C960006360002BF3DA2100280000F0B3FFF2E748
:10C970000F4B70B51D680400002D02D0AB6B002B6F
:10C9800009D06368013B6360002B0CDB23685A1CF1
:10C990002260187870BD2800FFF7F2FA6368013B47
:10C9A0006360002BF2DA2100280000F093FFF1E72A
:10C9B0004022002010B505F0FBFF10BD10B506F0B9
:10C9C00007F810BD10B50C2927D8154B89005B5806
:10C9D0009F4600F0A3F810BD06F0AEFEFBE706F0A0
:10C9E000BDFEF8E706F0CCFEF5E706F0DFFEF2E765
:10C9F00000F018F8EFE700F01DF8ECE700F030F871
:10CA0000E9E700F041F8E6E700F050F8E3E700F06E
:10CA10005FF8E0E700F06EF8DDE70020DBE7C046F6
:10CA200050E10410030009220020303B9A424041AB
:10CA30007047C04610B5002100F002F810BDC04696
:10CA400070B504000D0000F025F8002800D170BD7D
:10CA50002900200000F042F843425841F7E7C04661
:10CA600010B5002100F002F810BDC0460300002000
:10CA7000FF2B06D8034A0330D35C184002384342E8
:10CA80005841704749E0041010B5002100F002F849
:10CA900010BDC04603000020FF2B03D8024AD05C23
:10CAA000682398437047C04649E0041010B5002140
:10CAB00000F002F810BDC04603000020FF2B03D891
:10CAC000024A1030D35C18407047C04649E0041059
:10CAD00010B5002100F002F810BDC0460300002090
:10CAE000FF2B03D8024A0830D35C18407047C04679
:10CAF00049E0041010B5002100F002F810BDC04656
:10CB000003000020FF2B06D8034A0330D35C1840F3
:10CB1000013843425841704749E004100200303A5E
:10CB200003000120092A06D9202200209343413B1B
:10CB30001B3A9A424041704770B5141E05D0100050
:10CB40000B4901F01FF9002802D10A4D280070BDE1
:10CB5000084D2000290001F015F90028F6D020002A
:10CB6000054901F00FF90028F0D00020EFE7C0469A
:10CB700084E10410B89A0410449504109423024AE6
:10CB80005B00D05C7047C0467026002070B50C1E5C
:10CB900005D020000B4901F0F5F8002802D10A4D1C
:10CBA000280070BD084D2000290001F0EBF8002896
:10CBB000F6D02000054901F0E5F80028F0D000206B
:10CBC000EFE7C04684E10410B89A041044950410BD
:10CBD000F0B5C64600B58B8905000C0096B09A07E3
:10CBE00009D523004333236023610123636116B019
:10CBF00080BCB846F0BD0E22895E002929DB6A465A
:10CC0000FFF764FD002823DBF023019F1B021F4078
:10CC1000264B80269C4667447B425F418023DB0095
:10CC2000984636014146280000F088F800281CD0BC
:10CC300080221F4BEB63A3892060134342461BB243
:10CC4000A38120616261002F1ED13343A381CEE70F
:10CC5000A38900271B0612D5402398462800414689
:10CC6000002600F06BF80028E2D10C22A35E9A05A2
:10CC7000BDD40322934302221343A381B1E780234F
:10CC8000DB0098460026CDE728000E23E15E06F083
:10CC900041FD002802D10C22A35ED6E70322A3891E
:10CCA0009343012213431BB2CFE7C04600E0FFFFCE
:10CCB0008DBD031070B50C001E000E23C95E15005B
:10CCC00096B0002915DB6A46FFF700FD002810DB4F
:10CCD000F022019B120213400D4A802094466344C7
:10CCE0005A42534133608023DB002B60000116B0B1
:10CCF00070BD0C22A35E002232601B0603D54023C8
:10CD000000202B60F3E78023DB0000202B60EEE7A0
:10CD100000E0FFFF10B5034B0100186800F00EF8AB
:10CD200010BDC0464022002010B5034B010018681A
:10CD3000FFF764FA10BDC04640220020F0B54E4611
:10CD40004546DE465746E0B50D000B35060083B07C
:10CD5000162D22D8102900D9B2E000F019FB1025B9
:10CD600018230220CC4FFB181A005C68083A944242
:10CD700000D1B5E0032362689A431300E268A1681A
:10CD8000CA6091600122E318596830000A435A6072
:10CD900000F000FB2000083095E007239D4300D5FC
:10CDA0008EE0A94200D98BE000F0F2FAFC235B0090
:10CDB0009D4200D2A1E1680A00D18BE0042800D98D
:10CDC00074E138239846A80980443930C100B24F35
:10CDD00079184C680839A1420ED003239C4604E020
:10CDE000002ACBDAE468A14206D062466368934326
:10CDF0005A1B0F2AF4DD40463A003C69083294423F
:10CE000000D178E003236168994389460B00491BF0
:10CE10000F2900DD75E17A613A610029B2DA8022DA
:10CE20009200914500D310E15909DA0801238B40A3
:10CE3000D2007968D2190B4391687B60E260A160EF
:10CE40009460CC60012182109140994259D80B42E4
:10CE500005D103229043490004300B42FBD0032349
:10CE60009846C3009946B944CC4682466346DC687E
:10CE7000A44507D126E1002A00DB2FE1E468A445A0
:10CE800000D11FE14246636893435A1B0F2AF2DD2B
:10CE900001208046611905436560A068E568083790
:10CEA000C560A86040461043F960B9604860CF6033
:10CEB00030008F60E25000F06DFA2000083002E090
:10CEC0000C230020336003B0F0BCBB46B246A94639
:10CED000A046F0BD80213F2340209846890076E798
:10CEE000DC680230A34200D044E73A003C690832D3
:10CEF000944200D086E701217B68821091409942DC
:10CF0000A5D90323BC6862689A439146954203D829
:10CF1000531B0F2B00DD8AE023004B445F4A019333
:10CF20005F4B93469A4612681B68EB18013200D19A
:10CF300036E15C4A944663441B0B1B0300933000AC
:10CF4000009900F003FD03008046013300D1F3E0B7
:10CF5000019B834200D9EDE05246009852680300DD
:10CF60009446514663444B6001991A00414500D1F3
:10CF70004BE15B461B68013300D150E14346019908
:10CF80005B1A9A1853465A600723424641461A4094
:10CF90000192194200D10DE108239846881A424BAC
:10CFA0000099804441449B1A5B1A1B051B0D00919C
:10CFB000300019009B4600F0C9FC431C00D14AE137
:10CFC0004346C01A03005B440093534652465B68D5
:10CFD00001215B44536042464046BA60009A0A43CE
:10CFE0004260BC4200D11EE14A460F2A00D81CE133
:10CFF00007200C3A824360680140052011436160BC
:10D00000A118486088600F2A00D92FE142464446A3
:10D0100052685146C96A994201D25146CB62514683
:10D02000096B994200D389E051460B6386E00122E7
:10D03000290013431143651961603000BD606B60C6
:10D0400000F0A8F9200008303DE75A0A042A6BD9FD
:10D05000142A00D9BEE011005C325B31D2000823F3
:10D060005B429C46BA18944463469A6803239846E8
:10D07000944500D197E0434651689943494502D908
:10D0800092689445F7D1D3689C467B686146A2605C
:10D09000E1608C60D460D5E6E4270020DC27002026
:10D0A000D43100200F10000008100000142852D9BD
:10D0B000542800D996E06E239846280B80446F30A0
:10D0C000C10084E608239B46073BDC449B46DA44C8
:10D0D00043465246134200D0C8E64CE00122E31812
:10D0E000596830000A435A60E368A268D3609A60C6
:10D0F00000F050F920000830E5E62B00E80808337E
:10D1000030E6012360191D43656078613861C260B3
:10D1100082601A004B460A4342603000E15000F042
:10D1200039F920000830CEE69A0911003932383139
:10D13000D20094E7BC4260D0BC68626803239A4383
:10D14000531B954202D80F2B00DD70E7300000F032
:10D1500021F90020B7E65B23984680445C30C1008B
:10D1600035E608235B429C46E1444B469B68013808
:10D170004B4500D097E043460342F2D17B688B4396
:10D180007B604900994200D9BBE6002904D1B8E68A
:10D19000042294464900E2440B42F9D0504660E62E
:10D1A00010330093CBE68910023B8B4079680B4328
:10D1B0007B606BE7009B300043445B421B051B0D0B
:10D1C00019009B4600F0C2FB431C00D0F8E6002388
:10D1D0009B46FAE6542A2AD81A0B11006F326E3198
:10D1E000D2003CE7AA235B0098422AD8DD3B984650
:10D1F000E80B80447830C100E9E553465B68009A4B
:10D200009C46534662445A60B3E6090500D0B0E636
:10D210000200BC684A4401310A436260F9E65B4699
:10D2200042461A60B0E64446F3E641608EE7AA2122
:10D2300049008A4224D8DA0B110078327731D200C3
:10D240000DE71A4B984224D87C239846A80C8044BA
:10D250007D30C100BBE5009A019B94464246083BE5
:10D2600063449B1A009300239B46AEE621003000E6
:10D270000831FEF7C3FF5346BC685B686268C8E6C6
:10D280000A498A420BD89A0C11007D327C31D200B7
:10D29000E5E6FE217E237F209846890097E5FE2261
:10D2A0007E219200DBE67B686BE7C04654050000F8
:10D2B00030B5040083B0002A0AD006980D4D0090C6
:10D2C000E4202D582000A847431C0CD003B030BDEB
:10D2D000069B084A0093E4230021D558E33B064A05
:10D2E000A847431CF2D10023069A13608A332360B7
:10D2F000ECE7C046702600204495041070B51C0071
:10D300000F4B82B01D68009400290BD0E4230D4E12
:10D31000F65813000A0001002800B047431C0AD049
:10D3200002B070BDE423074A2800D658E33B064A02
:10D33000B047431CF4D1002323608A332B60EFE70E
:10D3400040220020702600204495041030B583B0A0
:10D35000069C034D0094E4242C59A04703B030BD33
:10D360007026002082B000290AD0002A0BD0002BA2
:10D370000BD013780B601078431E984102B07047B1
:10D3800001A9002AF3D10020F8E702204042F5E786
:10D390007047C0467047C04670B505000E001400C7
:10D3A000002802D0836B002B11D0A368013BA3603F
:10D3B000002B05DAA26993420CDBF3B20A2B09D0E9
:10D3C000FF20236830405A1C22601E7070BDFEF79B
:10D3D000D7FDEAE722003100280004F0DBF8F5E78A
:10D3E000124B70B51E6805000C00002E02D0B36B06
:10D3F000002B11D0A368013BA360002B05DAA269C2
:10D4000093420DDBEBB20A2B0AD0FF2023682840A1
:10D410005A1C22601D7070BD3000FEF7B1FDE9E7B7
:10D4200022002900300004F0B5F8F4E74022002083
:10D4300010B505F039FB10BD10B505F045FB10BD6A
:10D44000F0B557464546DE464E46E0B50C000700AF
:10D45000904683B0002900D1A8E045460B35FFF780
:10D4600097FF162D70D810251023A84570D82600D8
:10D47000083E716803220800904381460096984256
:10D4800000DB77E0C24A301893469268824200D1AE
:10D49000CAE0426801900092012292465046009AEA
:10D4A0008243019894468346DC4462465046526863
:10D4B000024200D071E00320009ACB46824394469A
:10D4C000E3449B4550DA52460A4211D103213268A7
:10D4D000B21A924652688A436146511849448B46B3
:10D4E000994200DB78E04A4493469A4200DB78E0B8
:10D4F00041463800FFF722FC8046002820D07368A0
:10D50000B446009301230099020099430B00083AA6
:10D510006344934200D1F7E04A46043A242A00D9F2
:10D52000F7E003002100132A00D9C8E00A681A6056
:10D530004A685A608A689A6021003800FEF75EFEE9
:10D540003800FFF727FF07E007239D432B1E8CDAE7
:10D550000C233B6000239846404603B0F0BCBB461A
:10D56000B246A946A046F0BDD946019AD368926852
:10D57000D3609A604B465B1B0F2B1CD801214A4697
:10D5800073680B40134373604E44736819437160B2
:10D590003800FFF7FFFEA046DEE70842A8D10321CE
:10D5A0003268B21A924652688A439CE71100FFF72C
:10D5B000C5FB8046D0E70120726871190240034321
:10D5C000154375604B604E447368083118437060B2
:10D5D0003800FEF713FEDBE7019AD3689268D36048
:10D5E0009A6053465246DB6892685646D3609A600A
:10D5F0004A46043A0836242A6BD83300132A09D93C
:10D600005346216899606168D9601B2A00D98EE071
:10D61000083410332268D9461A6062685A60A268DA
:10D6200034009A605646A5E75068032290430D32B5
:10D6300082469446CA44AC44E24552DACA0700D551
:10D6400056E73168721A0321924652688A431018CD
:10D650000100494400918C4500DD44E753465246A1
:10D66000DB689268D3609A6008234A465344043AC0
:10D670009846242A75D8132A08D9534621689960F8
:10D680006168D9601B2A71D80834103322681A6087
:10D6900062685A60A2689A60534659195B4699605D
:10D6A000009B38005A1B01231A434A6052465268B5
:10D6B00013401D4353465D60FFF76CFE4CE7216845
:10D6C0000160616841601B2A27D8210008330831B6
:10D6D0002CE72100300034000BF00AFFD9465646F3
:10D6E00048E75B460098A0464119996053465A1B8B
:10D6F00001231A434A6041680B401D4345603800CE
:10D700000091FFF747FE27E703225B6893439944A4
:10D7100030E721000BF0ECFE0EE7A1688160E168C4
:10D72000C160242A0CD0210010331031FEE6A1681C
:10D730001961E1685961242A0BD01034183369E764
:10D7400022692100026102006069183118335061BA
:10D75000ECE622699A61524661692033D16118343E
:10D7600058E7210018000BF0C3FE95E7A168196186
:10D77000E1685961242A02D01034183386E72269FF
:10D780009A61524661692033D16118347EE7C04600
:10D79000E4270020092210B5818903000A400020F7
:10D7A000092A00D010BD1800FEF7C4FAFAE7C046F7
:10D7B000F8B505000C00002802D0836B002B45D083
:10D7C00080210C23E25EA38989010B4206D10A4322
:10D7D0003D4B616EA2810B40636693B20021616094
:10D7E00099065DD459071DD4D90664D508261E4272
:10D7F00040D104231A43A2812369002B46D0A68975
:10D800000C23E75EB30724D1236928002360226933
:10D810006369E169256AA847030060600020002B66
:10D8200041DDF8BD216B0029E6D023004033994249
:10D8300002D02800FEF7E2FC00232363E36B636061
:10D84000002BD9D0A36B00202360EAE7FEF798FBFA
:10D85000B6E70123A3811D4B1D491868FEF7A8FFF9
:10D860000923A7811E40092ECED121002800FEF7F2
:10D87000ABF9C9E721002800FEF746FA00280FD1CE
:10D88000A289A060B24312B2A061B2E721002800D1
:10D89000FFF79EF9B3E74022A38960601343A38199
:10D8A00001204042BDE7002BF5D12022A389013899
:10D8B0001343A381B5E709232B60402301201A43BA
:10D8C000A2814042ADE7C046FFDFFFFF4CE10410FC
:10D8D00095D7031070B505000C00002802D0836BAB
:10D8E000002B0DD021002800FFF762FF00280AD18D
:10D8F0006368013B636023685A1C2260187870BD1E
:10D90000FEF73EFBEEE701204042F8E70E4B70B514
:10D910001D680400002D02D0AB6B002B0DD0210040
:10D920002800FFF745FF00280BD16368013B6360C7
:10D9300023685A1C2260187870BD2800FEF720FB6F
:10D94000EDE701204042F7E740220020002370B5B8
:10D95000064D040008002B60CEF70AFB431C00D0E4
:10D9600070BD2B68002BFBD02360F9E70832002044
:10D9700070B5B725AD0043590400002B01D000203D
:10D9800070BD8021FFF7DAF96051002806D002004F
:10D990000023803208C09042FCD1F0E701204042D1
:10D9A000EEE7C046F0B5C64606000C00170000B50D
:10D9B0001F290CD8B7239B00C5589846002D0BD0C3
:10D9C000A4002D1928682F6080BCB846F0BD16232E
:10D9D000036001204042F7E78021FFF7AFF943469B
:10D9E000051EF05007D0010003000022803104C35F
:10D9F0008B42FCD1E4E701204042E5E770B5050029
:10DA00000C001F2922D8B7239B00C358002B0ED02F
:10DA10008A009B181A68002A09D0012A14D0511CC8
:10DA20000ED00021200019609047002070BD280012
:10DA300000F002F922000100280000F0E9F8F5E703
:10DA4000162303600120F1E70020EFE716230360AF
:10DA500001204042EAE7C04670B504000D001F29CE
:10DA600027D8B726B6008259002A10D0A80012186D
:10DA70001368002B09D0591C19D0012B15D0002197
:10DA8000280011609847002070BD0120FCE780212C
:10DA9000FFF754F9021EA0510BD004000300002030
:10DAA000803401C3A342FCD1E0E70320ECE702206D
:10DAB000EAE701204042E7E7164B70B504001D6815
:10DAC0001F2821D8B7239B00EB58002B0DD08200D4
:10DAD0009B181A68002A08D0012A13D0511C0DD0B7
:10DAE000002119609047002070BD280000F0A4F8C4
:10DAF00022000100280000F08BF8F5E71623012032
:10DB00002B60F1E70020EFE7162301202B60404255
:10DB1000EAE7C04640220020F8B5134B04000D0090
:10DB20001E681F2809D8B727BF00F059002809D060
:10DB3000A400041920682560F8BD16230120336075
:10DB40004042F9E780213000FFF7F8F8F051002853
:10DB500007D0010003000022803104C39942FCD1A8
:10DB6000E6E701204042E7E74022002070B5B725F4
:10DB70000C4BAD001C686359002B01D0002070BD18
:10DB800080212000FFF7DAF86051002806D002005B
:10DB90000023803208C09042FCD1EFE701204042D0
:10DBA000EDE7C04640220020184B70B505001C6808
:10DBB0001F2828D8B726B600A259002A10D0A800DE
:10DBC00012181368002B09D0591C1AD0012B16D03B
:10DBD0000021280011609847002070BD0120FCE75B
:10DBE00080212000FFF7AAF8021EA0510BD00400EC
:10DBF00003000021803402C3A342FCD1DFE70320ED
:10DC0000EBE70220E9E701204042E6E7402200205E
:10DC1000002370B5074D0400080011002B60CEF7FB
:10DC2000C3F9431C00D070BD2B68002BFBD02360D0
:10DC3000F9E7C0460832002010B5CEF7B3F910BDA1
:10DC40000EB430B581239CB06A461FAC9B0020CC3B
:10DC500093820290069001F051F80B4B6A460A93AA
:10DC600000230E931393013BD382084B039007903C
:10DC70002A00186802A92300019402F0DDF91CB003
:10DC800030BC08BC03B0184709DD03104022002057
:10DC90000CB470B581239CB06A4620AC05009B0093
:10DCA000080040CC93820291069101F027F80B4BBB
:10DCB0006A460A9300230E931393013B0390079047
:10DCC000D38228002300320002A9019402F0B4F9A3
:10DCD0001CB070BC08BC02B01847C04609DD031078
:10DCE00070B50C000E25495F06F022FB002803DB0F
:10DCF000236D1B18236570BDA389024A1340A381BD
:10DD0000F9E7C046FFEFFFFF00207047F8B50C00B1
:10DD10001F000C23C95E05001600CB050AD40A4B70
:10DD2000320019402800A1810E23E15E3B0004F07F
:10DD300019FDF8BD0E23E15E0022022305F056FD19
:10DD40000C23E15EEBE7C046FFEFFFFF70B50C0070
:10DD50000E25495F05F04AFD431C06D08023A289A9
:10DD60005B011343A381206570BDA389014A134061
:10DD7000A381F9E7FFEFFFFF10B50E23C95E04F0A2
:10DD8000BBFD10BD024670B50A4392072AD11E4D55
:10DD9000EE0104C808C9541B9443344017D0D0B2D4
:10DDA000D9B2401A2106014310D190B299B2401A5B
:10DDB000210401430AD110021902000A090A401A7B
:10DDC0002102014302D1100E190E401A70BD9A4271
:10DDD000DFD010BA19BA884201D9012070BD0020E5
:10DDE000C04370BD02780B7801300131002A09D0A0
:10DDF0009A4207D102780B7801300131002A01D014
:10DE00009A42EFD0D01A70BD0101010110B5FFF7A1
:10DE1000B9FF10BD70B50C0011008E2C03D8594A03
:10DE2000A50052599746002B00D1A9E01A00200006
:10DE300003F09AFA002800D1A0E070BD5248FCE738
:10DE40005248FAE75248F8E75248F6E75248F4E7F2
:10DE50005248F2E75248F0E75248EEE75248ECE702
:10DE60005248EAE75248E8E75248E6E75248E4E712
:10DE70005248E2E75248E0E75248DEE75248DCE722
:10DE80005248DAE75248D8E75248D6E75248D4E732
:10DE90005248D2E75248D0E75248CEE75248CCE742
:10DEA0005248CAE75248C8E75248C6E75248C4E752
:10DEB0005248C2E75248C0E75248BEE75248BCE762
:10DEC0005248BAE75248B8E75248B6E75248B4E772
:10DED0005248B2E75248B0E75248AEE75248ACE782
:10DEE0005248AAE75248A8E75248A6E75248A4E792
:10DEF0005248A2E75248A0E752489EE752489CE7A2
:10DF000052489AE7524898E7524896E7524894E7B1
:10DF1000524892E7524890E752488EE752488CE7C1
:10DF200052488AE7524888E7524886E7524884E7D1
:10DF3000524882E7524880E752487EE752487CE7E1
:10DF400052487AE7524878E7524876E7524874E7F1
:10DF5000524872E7524870E752486EE752486CE701
:10DF600052486AE7524868E7524866E7524864E711
:10DF7000524862E7524860E752485EE752485CE721
:10DF8000030053E790E80410FCE70410E4E70410F2
:10DF90009CE70410B4E70410A0E3041060E7041049
:10DFA000D4E504105CE8041068E2041030E20410C8
:10DFB000D0E7041034E804102CE5041064E40410E5
:10DFC00038E3041038E4041028E3041070E8041067
:10DFD0007CE3041050E5041078E7041048E70410CF
:10DFE00018E7041000E70410E0E60410C0E604108F
:10DFF00090E604106CE604102CE7041010E80410FE
:10E0000054E6041038E6041024E6041008E6041070
:10E01000FCE50410E8E50410C4E50410ACE50410C8
:10E0200098E5041080E5041088E6041070E50410FB
:10E0300068E5041044E5041018E50410FCE404103D
:10E04000E8E40410B8E40410ACE404109CE4041008
:10E0500084E4041074E404104CE4041028E4041074
:10E0600018E4041000E40410E0E30410C0E304101A
:10E0700068E3041058E3041018E3041008E30410E4
:10E08000F4E20410E8E20410D0E20410C4E2041048
:10E09000B0E204109CE2041088E204105CE2041078
:10E0A0004CE204101CE2041008E20410ECE104103D
:10E0B000E0E10410C8E10410B8E104109CE1041090
:10E0C00088E8041090E104104495041010B5044B46
:10E0D0000100186800220023FFF79CFE10BDC04617
:10E0E0004022002010B5044B0100186800220023D4
:10E0F000FFF790FE10BDC04640220020FA21426981
:10E10000C900D3170B40643B70B50500D4189307C2
:10E110001BD164212000CFF7E9FA0122002914D095
:10E12000EB691901AB695B00C9188918212908DD61
:10E130000F4B9C466144352905D80E4B89005B582E
:10E140009F46002909DA002070BDC821200049003F
:10E15000CFF7CCFA4A424A41E2E72129F3D8064BED
:10E1600089005B589F460120EEE701204042EBE723
:10E170005EE9FFFFCCEA0410A4EB0410F0B55746AB
:10E18000DE4645464E46E0B59A46137880468B46B5
:10E190000027A5B0002B0DD15B46002B02D0002339
:10E1A0004246D355380025B0F0BCBB46B246A9461E
:10E1B000A046F0BD0021002781460391252B0CD0FD
:10E1C00059460139B9423ED949460132CB5501374A
:10E1D0001378002BF2D1C846DEE75478302C37D0C4
:10E1E0002B2C35D02500002302932B00313B00243B
:10E1F000561C082B34D9452D27D04F2D25D02B0068
:10E20000253BDBB2552B1ED8B34A9B00D3589F4603
:10E2100053469B69B14A18339B009D58280000F073
:10E220006DFD002837D05B465C1EBC420BD9FA431B
:10E230004B46C019013BAA180137D15DD955874219
:10E2400029D0A742F8D30027ACE775780136D6E786
:10E250000023957802932B00313B961C082BCAD8DB
:10E2600030000A221CA901F0BFFE1C9E02903578E6
:10E27000C1E74B46D8195B46D91B642D01D100F08C
:10E2800088FC974A5346DB6806F03EF90028DADB43
:10E290003F18BB45D7D93378002B9CD0721C97E729
:10E2A0004B46D8195B46D91B6B2D01D100F074FC8D
:10E2B0008C4A53469B6806F027F90028E8DA0027C5
:10E2C00070E753469B68002B01D100F01EFC0C2B1D
:10E2D00004D018000C21CFF709FA0B004A46D019D8
:10E2E0005A46D11B492D00D1DDE07D4A06F00CF9DC
:10E2F0000028CDDA002755E75246926801230B2A01
:10E3000000DC0023754A28339B00D3185C6820008A
:10E3100000F0F4FC0028BED05B46591EB94292D9E9
:10E320004B4603258846C019013BE41B06E0E25D2D
:10E330000137DA558742AED0474584D23278502A29
:10E34000F5D1E25D6849895C29400129F0D120328C
:10E35000D2B2EDE753461B69604A9B009D582800E6
:10E3600000F0CCFC002896D05B465C1EBC4200D876
:10E3700069E7FA434B46C019013BAA180137D15D42
:10E38000D955874287D0A742F8D300270AE75B46D2
:10E39000013BBB4200D856E725234A46D3550137F7
:10E3A00079E753469B694D4A1E339B00D3185C683E
:10E3B000200000F0A3FC002800D16CE75B465D1E46
:10E3C000AF4200D33FE7FA434B46C019013BA218C6
:10E3D0000137D15DD955874200D15CE7AF42F7D311
:10E3E0000027DFE653461B693C4A0C339B009C58D0
:10E3F000200000F083FC002800D14CE75B465D1E46
:10E40000AF4200D31FE7FA434B46C019013BA218A5
:10E410000137D15DD955874200D13CE7AF42F7D3F0
:10E420000027BFE65B46D91B4B46D81953465B68AD
:10E430002E4A009353469B6806F066F8002800DBDE
:10E4400026E70027AEE65B46D91B4B46D819534654
:10E45000244A1B6806F058F8002800DB18E700275C
:10E46000A0E65B46D91B4B46D81953461B68204A89
:10E47000019353465B68009353469B6806F044F84B
:10E48000002800DB04E700278CE65346DB69D81D33
:10E4900053469B69C01A0721CFF728F903005A4653
:10E4A000D11B4A46D0190F4A20E7E4230B4AD4581F
:10E4B000200000F023FC2378002B00D1EBE65B4624
:10E4C000D91B4B462200D8195346FFF757FE0028A8
:10E4D00000DCB8E63F18DEE62CEC041060F3041014
:10E4E000A4ED04109CED041049E00410D0ED0410DC
:10E4F000E4ED041053461B6A002B00DB08E3002305
:10E5000000241893199453465B6998460693DB17C9
:10E51000079345225242D3170698079912184B4188
:10E520000321D817084000210890099108980999FB
:10E5300012184B4199079B100593434690080843D6
:10E5400004906421581ECFF7D1F8049C059D0A90D1
:10E55000C3174046C8212C300B934900FF300A9A5C
:10E560000B9BA41A9D41CFF7C1F84146C3170C90ED
:10E570000D930C9A0D9BA4185D414639CB005B1896
:10E58000DB005B189A009B180E93DB170F930E9A13
:10E590000F9BA4185D415346DB6918221093534624
:10E5A000DB69DB1711931098119900230019694159
:10E5B000CFF7B0FF53469B683C22129353469B68AB
:10E5C000DB171393129B139CC01861410023CFF7F4
:10E5D000A1FF53465B683C22149353465B68DB17EC
:10E5E0001593149B159CC01861410023CFF792FF2F
:10E5F00053461B68D44A169353461B68DB17179380
:10E60000169B179CC0186141189B199CC01AA14108
:10E610005B4600900191D91B4B46D81905F074FF59
:10E62000002800DB34E60027BCE55B46013BBB422B
:10E6300000D808E609234A46D35501372BE65B4646
:10E64000013BBB4200D8FEE553469B694A46303346
:10E65000D35501371FE69C23BC4AD458200000F054
:10E660004DFB28E753465869002800DAC9E26421C7
:10E67000CFF73CF80B0012E753461B6A002B00DA79
:10E680000CE602F0ADFC039B002B00D197E205F0F5
:10E690003DF853461A6AD3179B1ADB0F01339A00D1
:10E6A000D318DB001B585B42984602F09BFC5B468C
:10E6B0003C214046DD1BCFF719F805F089F8E12130
:10E6C000040009014046CFF711F83C2180462000A4
:10E6D000CFF70CF848460091434629009C4AC019E0
:10E6E00005F012FF002800DAADE53F18BB4500D861
:10E6F000A9E501230393CEE55B46013BBB4200D86D
:10E70000A1E553469B69002BA0D14A463733D35528
:10E710000137C0E55046FFF7F1FC53469B690622DE
:10E72000002B00D05A1E0123002800DDB7E6534617
:10E73000DC6900D133E2141BFA225B69D200DD17D9
:10E740001540653D5D19AB0706D164212800CEF761
:10E75000CDFF0122002906D1C82128004900CEF7AB
:10E76000C5FF4A424A4104210020A21AD30F914218
:10E770004341343393E653469A690623002A00D076
:10E78000531E5246D269D01D84E698236F4AD4584E
:10E79000200000F0B3FA8EE653466E4A5B6993425E
:10E7A00000DB9CE11CA988462D214046D51A029B1E
:10E7B0000170002B00D053E11AAA94460933634438
:10E7C00055E153465B69634A98460123904500DB57
:10E7D0000023DBB21A934346002B00DA30E26421B7
:10E7E0004046CEF783FF1330002C00D1B8E16328F8
:10E7F00000DCE7E12B2C00D13EE2574A574B1B923D
:10E80000029D022D00D202254946CC195946514A93
:10E81000C91B904500DBADE1514BABE14B46DD1927
:10E820005B46DB1B984653461B695C1C5346DB6802
:10E83000029353465869002800DAFBE16421CEF7C1
:10E8400055FF029B01910093414623002800454A51
:10E8500005F05AFE002800DB1AE50027A2E45B461B
:10E86000D91B4B46D81953463F4A5B6805F04CFE0E
:10E87000002800DB0CE5002794E4A023334AD45899
:10E88000200000F03BFA16E653461B6A002B00DA24
:10E8900004E502F0A5FB039B002B00D1FAE15346EF
:10E8A0001A6AD3179B1ADB0F304A9B009D58280029
:10E8B00000F024FA041E00D1FBE15B46581EB8426A
:10E8C00000D8D4E1FA434B46E419013BAA1802E010
:10E8D000874200D3CBE10137D15DD955A742F7D1AB
:10E8E00002F080FB270004E75046FFF707FC534681
:10E8F00004005869002800DA70E16421CEF7F6FEC2
:10E90000080064212018CEF7F1FE6431080064216C
:10E91000CEF7ECFE0B00C2E55A465346D11B4A46E1
:10E92000DB69D0190133124AE0E453461B69013315
:10E93000B5E55B46013BBB4200D884E40A234A4666
:10E94000D3550137A7E4C046DCED041060F3041092
:10E95000F4ED041094F8FFFF84ED041044950410C6
:10E9600098ED0410A8ED04109CED0410EC2B002091
:10E97000C8ED04101CAB9846252342461370002CAA
:10E9800000D08CE02B235370273B1AAA94460A240C
:10E9900064441E212000C84A05F0B6FD002800DCB2
:10E9A0008AE0201889E05346C44A5D6901239542F4
:10E9B00000DB002350461B93FFF7A0FB8046002D91
:10E9C00000DA24E164212800CEF790FE13301A907B
:10E9D00028006421CEF78AFE4346002B00DAB1E01E
:10E9E00000D140E1B54B9D4227DB00231B934144FE
:10E9F0004B1C00D1AFE0642903D100211A9B0133E5
:10EA00001A9364201A9B58431B9B4518002B1BD15B
:10EA10001CAB98462B2C2AD1A94A954207D91C70C9
:10EA2000029B002B1CD11AAA944609336344252269
:10EA30001A703022981C5A701EE0013900D222E16F
:10EA400064201A9B584345181CAB98462D23424618
:10EA500013701AAA9446029A243B6344002A06D0F3
:10EA6000029B1AAA013B9446029309236344252280
:10EA7000581C1A70002CDCD1924905F087FD5B46CA
:10EA8000D91B4B464246D8190095029B05F03CFD28
:10EA9000002801DBFFF7FCFB0027FFF783FB029B4D
:10EAA0005470062B04D3029A931F062A00D06CE7F9
:10EAB0001AAB0A249C4664442000834905F066FD95
:10EAC0005B46D91B4B464246D8195346FFF756FBC7
:10EAD000002801DCFFF7B7FB3F18FFF7DCFB7B4AA0
:10EAE0009D181CAB98462B2CC1D1754A954200D875
:10EAF000C6E01C70029B002BB2D125234246537006
:10EB00001AAA94461C3B634493E70C23FFF7E6FBE9
:10EB100002F066FA039B002B4ED004F0F7FD53463B
:10EB20001A6AD3179B1ADB0F01339A00D318DB0044
:10EB30001C5802F057FA6442E31719930123189402
:10EB40000393E0E45246624B52699A422EDB414401
:10EB50004B1C00D055E71A9B6321013B1A9350E7E9
:10EB6000029D022D26D34B46DC195B46D91B594B1F
:10EB70001B93594B01901A981B9A2D1A009520004F
:10EB800005F0C2FC002801DBFFF782FB0027FFF73E
:10EB900009FB524AFFF776FB514AFFF78AFB0A341A
:10EBA0000721A01ACEF7A2FD030078E401239846BE
:10EBB0001B931CE70225D6E702F016FAADE702F038
:10EBC00013FA64E5029D022D00D202254B46DC19A2
:10EBD0005B46D91B434B1B933F4BCBE73B4B9C46C0
:10EBE000604403F085FE6421CEF780FD0800002C10
:10EBF00053DA5246364B52699A4200DB81E60124D1
:10EC00007FE6324B9C46604403F072FE2FE52F4BAB
:10EC1000E81803F06DFE6421CEF768FD53461A90A4
:10EC20005869002800DBD4E6284B9C46604403F07A
:10EC30005FFECEE6254B9C46604403F059FEFDE5A1
:10EC40002248404403F054FE64210500CEF74EFDF7
:10EC5000002C04D01A4B9D4200DCCEE5CAE51D4ACB
:10EC60001D4B1B92CCE54B1C00D0CAE673E702F0AB
:10EC7000B9F90027FFF796FA1A4A1B4B1B92BFE51A
:10EC800025221A70D5E664231A980138434363336A
:10EC90001D00D9E602F0A8F901E6002C00D130E60B
:10ECA0005246064B52699A4200DB2AE6012464422E
:10ECB00027E63C0014E6C046B8ED041094F8FFFFC8
:10ECC0000F270000C4ED0410BCED04106C07000019
:10ECD00095F8FFFF8CED0410449504109CED041092
:10ECE000A4ED041084ED041094ED041010B5FFF7AA
:10ECF00045FA10BD10B5FFF741FA10BD10B58307F6
:10ED00000AD00300032102E001330B4205D01A7838
:10ED1000002AF9D1181A10BD030019680C4A0D4CCD
:10ED20008A188A4322420FD15968094A04338A1843
:10ED30008A43224208D15968054A04338A188A4313
:10ED40002242F1D000E001331A78002AFBD1E1E73A
:10ED5000FFFEFEFE80808080F0B5DE4657464546C9
:10ED60004E461C000023E0B5A1B01C93BB4B82466D
:10ED70001B680D00180008920793FFF7BFFF0022E1
:10ED8000002383462F0004920593B54A1B953B78D8
:10ED90002D2B02D8990051588F460022099200224B
:10EDA0000A92302B00D1E5E01C002F2B01D800F097
:10EDB0007CFD0022AC4638000026190015000BE04F
:10EDC000013093009A181B90047852005218303A80
:10EDD000210001362F2C10DD392C5BDC082EEFDDF5
:10EDE000AB005B1901305B001B905B180478303B73
:10EDF0001D00210001362F2CEEDC904607995A4663
:10EE0000A946654605F0CAFB002800D1BAE20D9676
:10EE1000002300209C4610930B93002E00D027E186
:10EE20000A9B034300D09CE26346002B1ED1692C51
:10EE300001D100F0B4FC17DC492C01D100F0AFFC8B
:10EE40004E2C13D187491BA804F012FB00280DD0CB
:10EE50001B9B1B78282B01D100F054FE824805F043
:10EE60007BFA83460F007FE26E2CEBD0089B002BD1
:10EE700002D0089B1D6000239B460027584639009E
:10EE800021B0F0BCBB46B246A946A046F0BD013752
:10EE90001B977CE7904607995A46A946654605F0B8
:10EEA0007DFB00287AD11B9B5B441B931C78002EB2
:10EEB00001D000F07FFD302C01D000F06CFD01226C
:10EEC000D21A981801331B931C78302CF9D02300E8
:10EED000313B082B00D9BAE31B9B01269C4630230B
:10EEE0005B429B46A3445B460793431C109300235D
:10EEF00067460D934346079A9B00434490465B0048
:10EF0000434498460020634601331B9363465C7874
:10EF100021003039092900D938E31B9B01309C4678
:10EF200007910029EFD0109C731CA34683445C46D4
:10EF30001A001094012801D100F0B2FC0A002C0044
:10EF400080198B4645464946A0469146013807E060
:10EF5000AC0065196D00984201D100F098FC0133B6
:10EF600032001E00082AF3D9102BF4DC8C00611843
:10EF70004900F0E77B78203293437E1C582B01D167
:10EF800000F060FC37001B963B780136302BF9D03F
:10EF9000002B00D1E5E101220A9205E700230020C1
:10EFA0009C460D961093202322009A4313000022C2
:10EFB0000B92452B00D030E733000A9A03431343EA
:10EFC00000D153E71B9D6B1C1B936C782B2C01D13C
:10EFD00000F026FC2D2C00D107E300239B462300E4
:10EFE000303B092B00D9FBE2302C06D11B9B0133AF
:10EFF0001B931C780133302CFAD000230B93230091
:10F00000313B082B00D908E71B9A0133511C1B9197
:10F010005478079222002F2C0DDC00F079FC9C0024
:10F02000E4186400A4180A00230001311B915278EF
:10F03000303B2F2A01DD392AF1DD1400079A891AA5
:10F04000082901DC00F064FC084B0B935B46002BA5
:10F0500000D1E2E60B9B5B420B93DEE678FA0410EC
:10F0600010EE04100CEE0410449504101F4E000026
:10F070000B9B109A9B1A0C930D9B002B00D10D96A5
:10F08000B346102E01DD10239B464046CEF736FED8
:10F0900004900591092E15DD5A46BE4B093AD2005F
:10F0A0009B181A685B68CEF7B4FD040048460D0053
:10F0B000CEF724FE02000B0020002900CEF782FDCF
:10F0C000049005910F2E00DD72E10C9B002B00D106
:10F0D00060E30C9B002B01DC00F0F5FB162B01DC40
:10F0E00000F05CFC25230C9A9B1B934201DB00F093
:10F0F00073FC5B46F41A0C9B9C4664440F231A0075
:10F10000224023420AD0A349D200891808684968DE
:10F11000049A059BCEF77DFD049005910F239C4337
:10F12000231E00D0ABE2002307934346390000932F
:10F13000504633000D9A04F003FC8046002800D1AD
:10F140009FE30C99109B0B98CA171B1A1A40CB43CC
:10F15000DB17194000260023C3469946B0465746A0
:10F160000D9213915B463800596804F063FB8246A8
:10F17000002800D189E35B4659461B690C319A1C73
:10F1800092000C30CFF78CFC049B059C19000B936C
:10F190001EAB01931DAB00930A00230038000A94B4
:10F1A00004F0C4FF1C90002800D1AAE1012138001E
:10F1B00004F068FC8146002800D166E31D9B002B0B
:10F1C00000DABEE10D9A139C9D1807991E9A5B1AEE
:10F1D00036219B188A1A7049013B8B4200DB4FE1B4
:10F1E000C91A521A1F2900DDC8E101238B400E9372
:10F1F00000231193079BA4189C46AE182B0064446F
:10F20000B54200DD3300A34200DD2300002B02DD08
:10F21000F61AE41AED1A0D9B002B00DD4DE1002ECD
:10F2200000DD65E10C9B002B00DD8EE1002C00DD94
:10F230009AE1002D08DD49462A00380004F090FDCF
:10F240008146002800D120E3524638001C9904F082
:10F250001FFE8046002800D117E3C368494610937B
:10F260000023C36004F0FAFD002801DA00F060FC1E
:10F2700000D1C7E34946404604F0C4FF8023002282
:10F28000DB0504000D00CEF715FD002800D1FCE0E1
:10F29000109B002B00D181E1059B00240E930023DD
:10F2A00011933E4B3D4D12933D4B0E9E1E403D4BE8
:10F2B0009E4200D19FE1079B002B28D0D423DB0482
:10F2C0009E4224D8384A394B11981299CEF7F2FC55
:10F2D000002818D011981299CEF750FD002800D1BF
:10F2E0000130CEF70BFD0B00129110990200119026
:10F2F000002900D015E3169280221206944663443A
:10F300001793169C179DD623DB04EB189D1B0B98B7
:10F310000A9904F083FE02000B0020002900CEF7BA
:10F3200078FC0B9A0A9BCEF74DFC0C0004900591DB
:10F33000079B002B04D11A4B23409E4200D146E28A
:10F3400038001C9904F09EFA5146380004F09AFAED
:10F350004946380004F096FA4146380004F092FA23
:10F3600000E7002300279B46089B002B01D01B9A37
:10F370001A60099B002B00D180E5802109067B18CB
:10F380001F007BE51B9B0D965B441B931C780023A1
:10F390001093BDE518FB041002FCFFFF0000F03FD6
:10F3A0000000F07F0000E07F0000C0FFFFFFDF41B2
:10F3B0005B46F41A0C9B9C466444002C00DD9DE6E1
:10F3C00000D1B0E60F231A006442224023420AD043
:10F3D00004980599D14BD2009A1853681268CEF759
:10F3E000FAFB04900591241100D19CE61F2C40DC0F
:10F3F00010231A0022400792234201D05A33079368
:10F4000001220498059900239146C54D28354A46A6
:10F41000224204D02A686B68CEF7FBFB01236410FC
:10F420000835002CF3D1002B01D004900591079BE7
:10F43000002B15D0049B059C6B236200520D21000C
:10F440009B1A002B0CDD1F2B01DC00F0DEFB0020E3
:10F450000490342B01DC00F024FCDC239B04059396
:10F460000022049805990023CEF716FC002800D14D
:10F470005BE6222352461360002300279B4673E776
:10F480000023119301330E93B4E60022A54B200014
:10F490002900CEF7BEFB0B001291109902001190CB
:10F4A000002976D114928022120694466344159363
:10F4B000059B149C159D0E93F6E649461A003800EC
:10F4C00004F0E2FB8146002800D1DEE101001C9A35
:10F4D000380004F007FB1090002800D1D5E1380077
:10F4E0001C9904F0CFF9109B1C93002E00DC99E6C8
:10F4F000320038001C9904F033FC1C90002800D026
:10F5000090E653464646BA46D8460C9322235246C6
:10F51000136000239B46844F0100504604F0B2F96B
:10F5200050460C9904F0AEF94946504604F0AAF949
:10F530004146504604F0A6F93100504604F0A2F9C5
:10F5400012E7139A0D9DD41A3FE651463800139ADC
:10F5500004F09AFB8246031E00D067E64646BA4690
:10F56000D8461C980C93D1E751462200380004F08D
:10F57000F7FB8246031E00D05BE6EFE76B49CB1A30
:10F5800001219940012311910E9333E601239C46FA
:10F5900009E5119A129B1492159389E70499059A2B
:10F5A00000295BD10E9213035DD1002220002900B7
:10F5B0005F4BCEF779FB002800D000E20022594BC8
:10F5C00020002900CEF725FB802212060B0094466E
:10F5D00063441190129118901993189C199D63E639
:10F5E00000231B950B93FFF718FC01239B46AB1CD4
:10F5F0001B93AC78F3E44F4A0E9B94466344059307
:10F600000E940F95049C059D2000290004F006FD32
:10F6100002000B000E980F99CEF7FBFA22002B0088
:10F62000CEF7D0FA404B444A049005910B409342E8
:10F6300020D90A9A414B9A4203D10B9B013300D146
:10F6400023E13E4B059301235B42049378E60023BC
:10F650000D931093013300269C46A4E4012900D1A8
:10F6600044E1059B0E9300231193314B0024344D4C
:10F67000129319E6D4239B04CC18059458E69A22D9
:10F680005200944200DDFCE024111F2B00DC96E2C6
:10F690000498059900229146013293464A46294B27
:10F6A000B1461D000793160000235A46224204D09B
:10F6B0002A686B68CEF7ADFA01230136641008356D
:10F6C000012CF2D132004E469146002B01D004901D
:10F6D0000591184A059B9446634405934B46D9000F
:10F6E000079B9C46049A059B614408684968CEF7CD
:10F6F00090FA0D4B144A049005910B40934200D9A7
:10F70000BFE0124A934200D8CCE10C4B0593012391
:10F710005B4204930023079307E5C04618FB0410DF
:10F72000E0EE04100000E03F0000F07FE2FBFFFF8E
:10F730000000F03F0000B0FCFFFF9F7CFFFFEF7F69
:10F740000000F0BFF0FA04100000A07C0000907CE4
:10F75000012309937A1C1B927B78002B01D1FFF7C0
:10F7600085FB1700FFF71BFB00230993F2E7D24943
:10F770001E9B8C46D14A04931F9B1A401D9B6344D9
:10F780001B051A430592230704D58023059A1B06FF
:10F790001A430592049B059C9B462700E4E5C84953
:10F7A0001BA803F065FE002801D1FFF75FFB1B9B40
:10F7B000C449013B1BA81B9303F05AFE002802D149
:10F7C0001B9B01331B930023BF4F9B46CCE5119E2F
:10F7D000129D30002900CEF7E9FACEF7DBFA0200DD
:10F7E0000B0030002900CEF7E4F9049A109B2403A3
:10F7F0001343240B05000E00B44A1C4313D1B44B31
:10F80000CEF752FA002800D19AE553464646BA464A
:10F81000D8460C931C98049B059C9B4627007BE6CE
:10F8200000239B46E3E6AB4BCEF73EFA0028ECD133
:10F8300028003100A84AA94BCEF74CFA002800D185
:10F840007EE5E2E7099B029401931CAB00935046CE
:10F850001DABA34A1BA903F025FB07231D000400D1
:10F860000540034200D17CE5062D74D1089B002B96
:10F8700001D1FFF700FB1E60002300279B46FFF726
:10F88000FDFA2223524613609DE7534666E65B4627
:10F890004846079343468946A84601001D000232A8
:10F8A000082E43DC1600FFF725FB5A46380007995F
:10F8B00004F074FE002845D000230026994698469F
:10F8C0000D93FFF7A5FA0C9B163300DA70E5049848
:10F8D0000599109B0B9A9A1A824BD2009B181A68B2
:10F8E0005B68CEF778F983460F003DE5059B0E93E4
:10F8F000002B00D0B7E653464646BA46D8460C938E
:10F9000022235246136000231C989B461F0003E6E7
:10F910001A000B93744B9A4201DCFFF797FBFFF739
:10F9200094FB119A129B16921793EAE4102A4FDC6B
:10F930004B469B004B4489465B00160000209944CF
:10F94000FFF7E1FA00221B9B90465B441B93914614
:10F950001C78FFF7B0FA1C9A002A07D035211EA8A0
:10F9600004F09EFC50461C9903F08CFF052D00D935
:10F9700009E75E4BAD005B599F465D4B0593012344
:10F980005B420493FFE6504B0593FCE61E9B0493F9
:10F990001F9B0593F7E60020FFF799FA5149DB001A
:10F9A000C91808684968049A059BCEF732F983465E
:10F9B0000F00D9E400230D961093FFF7A9FA002356
:10F9C0004C4C1893199400231193444B129304E662
:10F9D00016000020FFF797FA0F23424C9E1BF10000
:10F9E0006118049A059B08684968CEF712F90C9BC8
:10F9F0009E1BF600A61932687368CEF70AF9834693
:10FA00000F00B1E453460C930B9B4646D8469B46E9
:10FA1000109BBA460A9F002B00D1C0E0049B059CB6
:10FA20003549230322001B0B8B4200D1F5E01199CD
:10FA3000002900D1BCE0049A059B1C0019421ED08D
:10FA4000109B58463900002B00D1BDE004F0E6FAC7
:10FA5000079B002B0BD06B236400640D1C1B002C38
:10FA600005DD264D240500226319CEF7D2F80200E9
:10FA70000B0058463900CEF7A5F883460F00079BC8
:10FA8000002B0DD0584639001D4B0022CEF7C1F88F
:10FA9000030083460F000B4302D12223524613601A
:10FAA0001C9839E5D42292040B00944663440593D4
:10FAB00000230793FFF739FB33040000FFFFEFFF3C
:10FAC00000EE041004EE04100000F07F9535A094C1
:10FAD000FFFFCF3FFFFFDF3F35E5AF350000E03FE1
:10FAE000E0EE041018FB04101F4E0000C8EE0410D6
:10FAF000FFFFFF7F0000E0BFFFFF0F000000F03FAF
:10FB0000000050396D491EAA14311BA803F0C6FC31
:10FB1000052801D0FFF7A2F91F9B694A1A431E9BD3
:10FB200005920493049B059C9B462700FFF71CFC51
:10FB300053460499059A0C930B9B4646D8469B4620
:10FB4000109BBA460B430A9F99D11400130396D118
:10FB50005B4B1340D622D204934290D97369002B99
:10FB600002D13369012B8ADD31000122504604F0B5
:10FB7000F7F84946060004F071F9002800DC7EE73A
:10FB8000079B002B6ED0D6224D4BD20423409342CC
:10FB900068DCDC229204934200DD73E7B0E604994E
:10FBA000059A13031B0B14000B4300D03FE7E7E754
:10FBB0000E9A049B059C1A4200D160E740E700239F
:10FBC0009946404B079384E504F028FA079B002BE5
:10FBD00056D06B236400640D1C1B002C05DD3A4DD0
:10FBE000240500226319CEF714F802000B005846D2
:10FBF0003900CDF7DEFF0022002383460F00CEF749
:10FC00004BF8002800D13DE77AE6012252429A40A3
:10FC1000049B13400493FFF723FC079B0499002BDC
:10FC20002BD0D420264BC0042340834225D86B2000
:10FC30001B0DC01A01235B428340994200D0F6E6B7
:10FC4000224B9A4235D080211D4B49031A401300A4
:10FC50008C466344059300230493049B059C9B46B8
:10FC600027000CE7164B1C40194B9C46194B64446B
:10FC70002343059301235B42EEE701235B42DCE76C
:10FC800002000B0058463900CDF793FF00220023F5
:10FC900083460F00CEF700F8002800D030E61C980D
:10FCA0003AE44B239A1A4C3B934019400591FFF7D5
:10FCB000D7FB4B1CC7D11C9828E4C046E0EE0410CB
:10FCC0000000F07FF0FA04100000F03FFFFFEF7F2C
:10FCD0000000F0FFFFFF0F0010B5024BFFF73CF8EC
:10FCE00010BDC0467026002010B504001300034A62
:10FCF00010680A002100FFF72FF810BD40220020F5
:10FD000010B50400034B0A0018682100024BFFF7EE
:10FD100023F810BD40220020702600201300274A3F
:10FD2000F0B5C64690460A000100404600B500689E
:10FD3000FFF712F802000B0005000C00CDF7CFFF13
:10FD400000282ED121002800CEF75CF847007F085C
:10FD5000061C1B49381CCEF75EFC00281DD1184933
:10FD6000381CCEF74BFC002817D101226400640830
:10FD700028002100134B5242CDF7B1FF002808D1D3
:10FD80000122280021000F4B5242CDF793FF00289B
:10FD900003D0434622221B681A60301C80BCB84640
:10FDA000F0BD0948002C05DA04F01CFB80231B067B
:10FDB000C618F2E704F016FB061CEEE7402200200E
:10FDC000FFFF7F7FFFFFEF7F44950410274BF0B5C7
:10FDD000C64698460A000100404600B5244B00681C
:10FDE000FEF7BAFF02000B0005000C00CDF777FF0D
:10FDF00000282ED121002800CEF704F847007F0804
:10FE0000061C1C49381CCEF706FC00281DD11949D8
:10FE1000381CCEF7F3FB002817D1012264006408D8
:10FE200028002100144B5242CDF759FF002808D179
:10FE3000012228002100104B5242CDF73BFF002841
:10FE400003D0434622221B681A60301C80BCB8468F
:10FE5000F0BD0A48002C05DA04F0C4FA80231B0622
:10FE6000C618F2E704F0BEFA061CEEE740220020B6
:10FE700070260020FFFF7F7FFFFFEF7F4495041077
:10FE8000F0B54E46DE46574645468346E0B58846C1
:10FE90001E0091460B000820474F83B01A001478CB
:10FEA0000133395D1D000842F8D12D2C5FD00023AD
:10FEB00001932B2C33D0002E0ED0102E5CD00120BD
:10FEC00031004042CDF73AFC0700012031004042AA
:10FED000B246CDF733FC06E0302C59D00A23052179
:10FEE0009A460A26354F002200202300303B092B7A
:10FEF00007D9113B192B03D92300613B192B11D8CA
:10FF00000A339E420EDD002A23DBB84221D81ED0E0
:10FF100052465043012218182C780135E5E72C7819
:10FF2000951CC8E7002A17DB019B002B00D040423C
:10FF30004B46002B04D0002A16D14B4642461A608D
:10FF400003B0F0BCBB46B246A946A046F0BD8B420A
:10FF5000DEDD01225242DFE722235A4601201360F0
:10FF60004B464042002BEBD06B1E9846E5E71C78D1
:10FF70000123951C01939EE7302C04D120222B787D
:10FF80009343582B09D010230F219A460C4FAAE710
:10FF900020222B789343582B07D110236C780F2104
:10FFA0009A461026064F02359DE7082307219A46F8
:10FFB0000826044F97E7C04649E00410999999191B
:10FFC000FFFFFF0FFFFFFF1F10B5FFF759FF10BD29
:10FFD00010B504001300034A10680A002100FFF75F
:10FFE0004FFF10BD4022002010B504001300034A4B
:10FFF00010680A002100FFF743FF10BD40220020D7
:020000041004E6
:1000000070B50500002A0BD000204E1C02E0013024
:10001000824206D00B5C34182B54002BF7D170BDF4
:100020000C0023781000002BF9D0A41A0130235CB7
:10003000002BFBD1F3E7C046F0B55746DE464E46EF
:100040004546E0B5C94C0F00A5440A930C23C95E90
:1000500080239B018246194205D10B43BB81796EF7
:10006000C34B0B407B661378013213930392002B32
:1000700001D100F001FF002291460B9204920892F8
:100080000592BC4A93465246CA46914608215A46B2
:100090000C00D25C1440114229D1252B13D1039BB3
:1000A00000251A780023984604330F209C46039BB2
:1000B000591C1300253BDBB2532B0ED8AE4E9B00D0
:1000C000F3589F4603917B68002B3CDD039B3A6805
:1000D000013B11781B7899422CD00598B1239B00E5
:1000E0009D44F0BCBB46B246A946A046F0BD0824DC
:1000F00055464E467B680BE059463A681378CB5C10
:100100001C420DD07B680132013B01357B603A60B7
:10011000002BF1DC3900300005F078FB0028EBD033
:10012000AA46B146039A1378013213930392002B27
:10013000ACD1D2E77B680132013B7B6001239C4656
:100140003A60E244EEE73900484605F05FFB0028DC
:10015000BCD0059B002B02D0BB895B06BDD501231B
:100160005B420593B9E78F232B42B6D143469B00F0
:1001700043445B009A1830235B429846039B9044AB
:1001800003915A7893E7042603917B68002B52DD94
:100190006B0658D5032E00D187E0042E00D1FDE177
:1001A000012E00D1C7E1022E00D023E14346002BEF
:1001B00001D1013B9846EB0700D576E3EB0601D46D
:1001C00000F05AFC59463A681378CB5C1B07A9D457
:1001D00001323A6042467B680124013B08254646CD
:1001E0007B60012A11D100F0B4FE59463A681378B9
:1001F000CB5C1D4211D17B680132013B01347B6035
:100200003A60A64201D100F00AFE002BEDDC390075
:10021000484605F0FBFA0028E7D0A24482E7802395
:100220009B001D43554B03260B93102308937B68BB
:100230000391002BACDC3900484605F0E7FA0028B2
:1002400087D16B06A6D459463A681378CB5C1B0756
:10025000A0D521004B465446A9468A461D0007E01A
:10026000594601323A601378CB5C0821194213D009
:100270007B680134013B7B60002BF1DC39002800F6
:1002800005F0C4FA002800D063E759463A681378AD
:10029000CB5C08211942EBD153462A00A2464D46B9
:1002A0001C009146032E00D077E74346AE22002182
:1002B000013B52000691934205D95D3BFF3B0693FB
:1002C0005E23FF339846D82300221B011D4358AB01
:1002D00044461E0090460C933A6811780B002B3B65
:1002E000DBB24D2B00D9B3E025489B00C3589F4695
:1002F00001231D43214B03260B93082303910893ED
:1003000043E701231D431F4B03260B930A2303914D
:1003100008933AE718A804F025F840230126039033
:100320001D4332E7402300261D4303912DE7882318
:1003300076E70226039128E7104B03260B930A2346
:100340000391089321E7284200D0C6E602231D430B
:10035000039B03915A78AAE6284200D0BDE6634683
:100360001D43039B03915A78A1E6C0463CFDFFFF65
:10037000FFDFFFFF49E0041038EF0410C9FF03104E
:1003800088F0041055470410CF4B03260B9300232D
:1003900003910893F9E6284200D09EE6039B5A7821
:1003A0006C2A01D100F02FFD012303911D437EE64D
:1003B0000391EB0600D5B5E66B0701D500F0EEFC26
:1003C000EB0701D500F05CFDAB0701D400F058FD50
:1003D00051460A9B04CB1160C91751600A93A1E6EC
:1003E00043462B43984600D077E6039B10255A7866
:1003F00003915CE64446002C00D10134EB0701D5A3
:1004000000F015FCEB0600D518E30A9D230002CD91
:1004100001224846009705F019FA002800D198E615
:10042000059B8244013305930A957BE6089B0A2BC2
:100430000EDDA64B1D40317001367B68013B7B60B1
:10044000002B71DD01323A60013C002C00D043E703
:100450003400EB0508D50C9B9E4201D900F0BBFC93
:100460000C9B9C4200D138E610231A002A402B42F4
:1004700000D0FFE1089B2270484600220C990B9E99
:10048000B047AB0600D5EEE16B0701D500F079FC73
:10049000EB0700D5E7E1AB0700D4E4E18C4B0B9A06
:1004A0009A4201D100F04DFD00224846089B0C996C
:1004B00004F056FA0A9B04CB03C20A93D7E1089BC7
:1004C00084485B00C35E0893804B1D40B3E7C023A4
:1004D0008020DB002B4080008342B9D17E4B1D4041
:1004E000A023DB001D4310230893A4E780232B42A5
:1004F000AED09D439FE7089B76485B001B5E089348
:10050000082B96DCA4E72B0595D5089B002B05D17D
:1005100080239B001D43F93BFF3B08936B0500D4F0
:10052000F6E36E4B1D4086E73900484605F06EF94C
:10053000002889D08CE74346002B01D1013B984627
:10054000EB0700D5E0E2EB0600D429E23A6818ADEB
:100550001378EB5C002B00D1BFE501323A604246D4
:100560007B684446013B7B60012A0DD114E03A6868
:100570001378EB5C002B0FD07B680132013B013616
:100580007B603A60B44207D0002BF0DC390048466B
:1005900005F03CF90028EAD0B244C3E5484603F030
:1005A0001DF90368AE220E9343460021013B520021
:1005B0000F91934205D95D3BFF3B0F935E23FF33C1
:1005C0009846F023DB001D430023069311931093FC
:1005D00009930D9358AB1E000C9323004446A84684
:1005E00055469A463A6811780B002B3BDBB24E2BEE
:1005F00003D83B489B00C3589F460E9B1B788B42F9
:1006000017D1802043468000034212D03548034072
:100610009846099B0D933170013C01367B6801358A
:10062000013B7B60002B00DC15E101323A60002CBD
:10063000D8D1099B5446AA464546002B00D031E14B
:10064000069B013B012B01D800F057FC631E062BD3
:1006500000D97FE0022C01D800F08AFC032C79D06D
:100660003B004F469846A94625003400013C4246CF
:100670003800217805F088F863199B1BDBB2032B47
:10068000F4D82C00043CE4B2E343F6185346013B93
:100690001B1B4D469A46B94647465BE0069B5344B2
:1006A000002BC6D14046104B18408046B3E7069B4E
:1006B000012BBED102230693ADE75346072BB8D1D9
:1006C00008239A46A7E7C046554704107FF4FFFF6A
:1006D000C9FF0310FCF20410FFFDFFFF7FFAFFFFCC
:1006E000C0F104107FFDFFFF7FFEFFFF5346062B86
:1006F0009FD107239A468EE7069B002B00D0C7E0C8
:10070000099B002B06D1E0234046DB0018409842AD
:1007100000D195E35346012B01D0042B89D15346D8
:100720000133DBB29A4676E75346002B00D0A6E0B1
:10073000099B002B00D0B2E0E0234046DB001840CC
:10074000984200D174E3069BAA46013B4546012B23
:1007500000D8D2E3EB0513D56B0500D5DFE3012309
:10076000741E5B42217853449846652902D045297E
:1007700000D0F2E23A00484605F006F8C2462600EC
:1007800010231A002A402B4200D0CBE4C023327041
:100790008022DB002B40D200934200D123E3109B48
:1007A000002B00D001E3002248460C99FFF794FA91
:1007B00006900791EB0700D4B7E20A9B04CB1060C8
:1007C00051600A93059B01330593ABE45346022B1A
:1007D00000D02EE703239A461DE7A0234046DB0006
:1007E00003408020C000834207D04346034200D12B
:1007F0001FE7099B002B00D17AE38020434680004D
:10080000034204D1099B0D9811961B1A1093404680
:10081000BB4B18400300C020400018430023804613
:100820000993F8E680234046034200D101E798434C
:100830008046F0E64346DB0500D42FE7802341469F
:100840009943099B8846013309930F9B002B00D0E5
:10085000F0E0013CE2E63900484604F0D7FF00280A
:1008600000D1E4E6E5E60A9B04CB10600A93059B01
:10087000013305930C9BE41A4444A24452E4FD2046
:10088000033B034200D0D4E60433DBB29A46C2E60F
:10089000069B022B00D03DE703230693BBE654469C
:1008A000AA464546974B1D40CAE610231A002A4027
:1008B000069213AE2B4200D14BE25A463B681B789E
:1008C000D35C1B0761D40024FCF758F9A04200D187
:1008D0003FE490203B6810A91A78400009180A5597
:1008E00001337A683B60049B013A651C7A6016AC60
:1008F000032B02D1169B042B04D0082200212000D8
:10090000CEF7C8F82B0031004846009458AA099544
:10091000FCF7CEFC0490421C00D11AE4002800D061
:1009200096E230600020FCF7D3F8002818D1AA44E2
:1009300001235B429C46E044069B0025002B00D12E
:1009400004367B68002B00DCA1E25A463B681B782A
:10095000D35C1B0719D44346002B16D02C00B3E7F9
:10096000002D12D0202410AB9C46FF346444B046C6
:1009700026004C46099D715D3A002000013D04F0BF
:1009800003FF002DF7D14646A146069B002B01D060
:10099000FFF7C8FB3360059B01330593FFF7C2FBEC
:1009A0000A9B18AD02CB09933B6806911A78AA5CA2
:1009B000002A01D1FFF791FB7A684E1C013A7A6058
:1009C0005A1C3A601B780B704346012B22D08C4690
:1009D0003400E0440FE03B681A78AA5C002A19D082
:1009E0007A680134013A7A605A1C3A601B78337095
:1009F000A04500D105E27B682600002BEBDC390026
:100A0000484604F003FF0028E5D0069BA34201D12D
:100A1000FFF79FFB069AB31A964201D1FFF75DFBE1
:100A200000223270059A9A44099B013205920A937A
:100A3000FFF778FB0F9B013B0F93EFE500254E4638
:100A40000CE03A68ED189446E41A6344390030002B
:100A50003B6004F0DBFE002800D0CAE17B689C42CA
:100A6000EFDC1B1B7B603B682D199C466444B14640
:100A70003C60AA44FFF756FB58460A9B02CB0993F9
:100A80003B6806911A78825C120700D566E27A68A4
:100A90004D1C013A7A605A1C3A601B782C000B708E
:100AA000434641440E00012B13D159E259463B689D
:100AB0001A788A5C0821114200D0ACE17A680134CE
:100AC000013A7A605A1C3A601B782B70A64200D11A
:100AD000A9E17B682500002BE8DC3900484604F0DA
:100AE00095FE0028E2D0069BE31A9A4400232B705F
:100AF000059B01330593099B0A93FFF713FBC0463F
:100B00007FF8FFFFFFFEFFFF10231A002A400E921E
:100B100013AE2B4200D130E100254B46C146A8461A
:100B20000693FCF72BF8404501D1FFF712FB424634
:100B3000902540463B68541C10A91A786D0049194D
:100B400001330A547A683B60049B013A7A60032BB4
:100B50004DD014AB9846082200214046CDF79AFFAD
:100B60004346310000930698230058AA0994FCF7E5
:100B70009FFB0490421C01D1FFF7EBFA00283CD107
:100B800030600C9016AB0822002118000D93CDF7B1
:100B900081FFE023D04A0698D55812A90D9B0C9AE4
:100BA000A8470023012801D110AB1B7A18AAD35CF7
:100BB000002B00D177E1049BA244032B32D0012308
:100BC0005B429C46E1440E9B002B00D1043600237F
:100BD00098467B68002B18DD4B46002BA1D1069B65
:100BE00099460E9B002B01D0FFF79CFAD2E614AB7E
:100BF0009846149B042BAED1B2E7049B023300D07D
:100C0000C8E17B68A046002B8BDC3900069804F015
:100C1000FDFD0028E0D04546069B9946002DE0D01A
:100C2000FFF797FA43461B68042BC8D1CBE7102384
:100C30001A002A400692002290462B4200D197E0EB
:100C400043460026A0461C00FBF798FFB04201D1A6
:100C5000FFF77FFA90203B6810A91A784000091826
:100C60008A5501337A683B60049B013A751C7A60AF
:100C700016AE032B02D1169B042B04D008220021B0
:100C80003000CDF707FF2B0021004846009658AAF8
:100C9000FCF70EFB0490421C01D1FFF75AFA002822
:100CA0001DD1069B002B00D12360AA4401235B4287
:100CB0009C46E044069B002B00D104347B68002650
:100CC000002B13DD4346002BBED1069B5A425341F5
:100CD000059A94469C4463460593FFF723FA049BC8
:100CE00002330DD17B682E00002BADDC3900484665
:100CF00004F08CFD0028E5D0002EE6D0FFF729FA9D
:100D0000049BAA44032BD1D13368042BCED1D1E765
:100D1000724B1D40069B002B02D0013B0693013411
:100D200001239C46E044FFF788FBAB072ED40698CE
:100D300007990A9C02000B0020CCCCF7D0FF0028BA
:100D400000D00FE106980799CDF75CF80A94286067
:100D500038E50A9B40CB0A93AFE53A00484604F0D9
:100D600013FD02235B42B41E53449846217801E5EB
:100D70000A9B04CB90460A9362E70A9B40CB0A93F6
:100D8000CAE60A9B04CB10800A9370E50A9B06987A
:100D9000079904CB106051600A9313E551460A9BF2
:100DA00004CB11800A93FFF7BDF9119E0A2300229C
:100DB0004846711C03F0CEFC109BC21A10A98C4649
:100DC000474B63449E4201D3464E66443000464939
:100DD000CCF7E8FBE7E4013C3A004846217804F010
:100DE000D3FCFFF73DFB0D9B09995A1A8B42E5D1C5
:100DF000D9E4B146002D01D1FFF7ABF9AA44FFF7C2
:100E000091F9464606E602231D43039B9A78023376
:100E10000393FFF74CF9069BE41AA24466E6B0463A
:100E2000C244FFF77FF9069B3500F31A9A445DE64A
:100E300040462E4B1840012380469A46FFF7EBFBB5
:100E400040462A4B1840012380460693FFF7E3FBF8
:100E5000049B023300D174E53068FBF739FE0028AB
:100E600000D07DE5049BAA44032B00D060E52368F5
:100E7000042B00D05CE55FE500230593FFF72DF917
:100E800051460A9B04CB11600A93FFF74BF93900D6
:100E9000484604F0BBFC002800D156E5002D01D0E7
:100EA000FFF757F971E5069B9946002C00D198E6AB
:100EB000202410AB9C46FF346444B04626004C46C8
:100EC000099D715D3A002000013D04F05DFC002D9C
:100ED000F7D14646A14684E6702600207FFCFFFF3E
:100EE000730200007202000030EF04107FF8FFFF71
:100EF0005446AA464546FFF7A3FB330034000C9E38
:100F0000B34201D8FFF7E9F84D46013C3A0028000A
:100F1000217804F039FCB442F7D1FFF7DEF80C9BDE
:100F200034009E4201D8FFF7D8F84D46013C3A0004
:100F30002800217804F028FC0C9B9C42F6D1FFF796
:100F4000CCF800224846089B0C9903F003FEFFF7FB
:100F5000B1FA01239C46E244FFF7E4F8069DC5E59B
:100F6000C244C3E50F4803F03DFA0A94286029E41F
:100F70000C9A35004C46964201D8FFF7AEF8013D79
:100F80003A002000297804F0FFFB0C9B9D42F6D12B
:100F9000FFF7A3F833680C93013300D0F2E5012387
:100FA0005B4203E644950410FE2805D8044B1A5C06
:100FB00003231340012B00D070472030FCE7C046CC
:100FC00049E00410FE2805D8044B1A5C03231340A3
:100FD000022B00D070472038FCE7C04649E00410DF
:100FE0007047C0467047C04610B5024B186800F005
:100FF0000FF810BD4022002010B5FFF7F1FF034BA2
:10100000186800F005F8FFF7EDFF10BD4022002042
:10101000F0B5DE4657464E464546E0B58BB0060075
:1010200002F074FBC0490500300002F067FB071EA8
:1010300000D10AE1BD4C2068002807D0010038002B
:10104000FCF7A0FE002800D1E1E02068CDF70AFD02
:101050003800FDF753FE411C3000FBF76FFE2060A7
:10106000002802D0390003F091FA3B783A3B5A420B
:101070005341FF18AE4B38009846221D414608AB3D
:1010800003F0B4F9002800DCC1E0089BFE18FB5C0B
:101090002D2B00D1C2E001222B3B93465A425341F3
:1010A000F618002399466B464A46DA82A14B06AFF2
:1010B0009A4608AB3A800393019316236B4400933E
:1010C00051463000029708AB05AA03F08FF90028BB
:1010D00000DC9CE06B46DA8A13019B1A3A889B007D
:1010E0009B186A46918A0A01511A0A01521A120182
:1010F0009B185A465A43904BAA629B465A46231D58
:101100001360089B10349C46664408AB220041469D
:10111000300003F06BF95B46002800DCF1E05C6016
:10112000089BF418F35C2D2B00D17BE02B3B5A423B
:1011300053410126E41800236A463B809382D38200
:10114000089308AB0393019316236B440093514615
:101150002000029708AB05AA03F048F9002800DC3C
:1011600081E06B46DA8A13019B1A3A889B009B1830
:101170006A46918A0A01511A0A01521A12019B18F1
:1011800073432B65089BA846E61800232C001D001E
:10119000083433789A462C2B02D1737801369A465C
:1011A00053464D2B64D04423994653464A2B01D1D4
:1011B000D14601360A22300009A9FEF715FF6B4619
:1011C000D883099BB34233D04A460004000C2270F6
:1011D000E0601E0002236A4693820023D3823B8094
:1011E000089333782F2B6CD0E1235B0123612834E3
:1011F000012D1BD14546686805F0C6FAAA6A4F4B17
:101200001A602B6D9B1A5A1E93414D4A13600BB006
:10121000F0BCBB46B246A946A046F0BD2E3B9B465D
:1012200001363EE701260134764284E70125B0E726
:10123000002D6FD0404630224D218154253A426323
:101240000A3A82630022C263C3E73C4B3D4A1860FE
:101250003B4B364C1860384B20681A605A60CDF70B
:1012600001FC2760D3E7384AAB6A9446634488E7B9
:1012700008AB03931E231A226B44029308AB01931D
:1012800007AB00933000314908AB6A4403F0AEF875
:101290000328BCD16B465B8B5A1E0B2AB7D86A4613
:1012A000928B511E0429B2D86946C98B0629AED843
:1012B000504663602070A260E160089B9C466644D3
:1012C00088E708AB0393019316236B443000204951
:1012D000009305AA08AB029703F088F86B46DA8AF8
:1012E00013019B1A3A889B009B186A46918A0A014F
:1012F000511A0A01521A12019B18089A9446664420
:1013000074E71A685A60AA6A0C4B1A604A460C4B7A
:101310001A607CE741464D220A724A3ACA60013A95
:101320000A614D6155E7C0465CF404100C320020A0
:1013300060F4041070F40410EC2B0020283200201C
:101340002C32002028D60410F0F1FFFF84F40410A2
:1013500098F4041010B50400FFF742FE2000FFF7D8
:1013600057FEFFF73FFE10BD00207047F0B50C00A0
:101370002300C646096B403300B5994215D0666B11
:1013800077003A00FCF75CF8051E28D083199846D0
:10139000010032001800CDF783FB43460020236094
:1013A0002563676380BCB846F0BD8025ED00290049
:1013B000FBF7C4FC002812D0422320636563E25C83
:1013C000084BC2544123E25C074BC2544023E25C09
:1013D000064B9C46C254604420600020E2E7012096
:1013E0004042DFE7FF030000FE030000FD030000B2
:1013F000F8B506000D0014004B1C36D0002802D0B2
:10140000836B002B34D00C22A35E80229201134206
:1014100004D1616E1343304A0A406266202293432E
:10142000A3819AB2590707D4D1061ED508271742BF
:1014300041D104221343A381FF21236BEFB20D405E
:10144000002B1ED06368626B934208DA2368013B6D
:1014500023601F706368013363602800F8BD2100BA
:101460003000FFF783FF0028F0D001256D42F4E73C
:10147000FAF786FD0C22A35E802292011342CDD1A1
:10148000C7E722692368002A05D09A4203D25A1E70
:101490001178A9421BD0A3632300403323630323A5
:1014A000626863633F33E263E7542300423323609F
:1014B00001236360D1E721003000FAF725FC002802
:1014C000D3D1A389A060BB431BB2A061B1E763681D
:1014D000226001336360C0E7FFDFFFFF030010B548
:1014E0000A00034908681900FFF782FF10BDC046D3
:1014F00040220020F0B5C64600B516000C23D25E8F
:1015000080239B010700884682B01A4204D11A4307
:10151000B281726E1343736643464446013317D05B
:10152000330042465C33380001A900F0A3F86B4653
:101530000400DD1C431C08D111E0295D3200380095
:10154000FFF756FF013C431C07D0002CF5D1444661
:10155000200002B080BCB846F0BD0400F8E740228D
:10156000B3891343B381F3E7094B70B51E680400D8
:101570000D00002E02D0B36B002B05D02A003000E6
:101580002100FFF7B7FF70BD3000FAF7F9FCF5E76F
:1015900040220020F8B505000E001400002802D0FB
:1015A000836B002B4BD0A369A289A3600C23E05E60
:1015B00013071FD52369002B1CD0FF21F7B20E4063
:1015C000802189010A4226D022686169D31A994292
:1015D0002CDD0133A1680139A160511C2160177015
:1015E00062699A422ED0A389DB0701D50A2E29D041
:1015F0003000F8BD2100280001F0C8F8002827D1EC
:10160000FF21F7B20E408021A28989010C23E05E00
:1016100023690A42D8D101430F4AA181616E0A4071
:10162000626661692268D31A9942D2DC21002800DF
:10163000FAF76AFB00280BD101232268CAE7FAF700
:101640009FFCB0E721002800FAF75EFB0028CFD00E
:1016500001267642CCE7C046FFDFFFFF030010B54E
:101660000A00034908681900FFF794FF10BDC0463F
:101670004022002070B504001D0084B0002909D06C
:10168000E0230B48C6582B002000B047431C0AD06B
:1016900004B070BDE023064A01A9D6582B000022F1
:1016A000B047431CF4D100232B608A332360EFE75B
:1016B000702600200E4B70B514001D68E0230D4A03
:1016C00084B0D6582300002807D00A000100280063
:1016D000B047431C07D004B070BD0022280001A908
:1016E000B047431CF7D1002323608A332B60F2E715
:1016F000402200207026002010B505F013F910BD1F
:10170000FA214269C900D3170B40643B70B505004C
:10171000D41893071BD164212000CBF7E7FF0122E7
:10172000002914D0EB691901AB695B00C91889184D
:10173000212908DD0F4B9C466144352905D80E4B05
:1017400089005B589F46002909DA002070BDC82136
:1017500020004900CBF7CAFF4A424A41E2E721296B
:10176000F3D8064B89005B589F460120EEE7012025
:101770004042EBE75EE9FFFFACF4041084F504108F
:10178000F0B5DE4657464E464546E0B5C14C8A4662
:10179000A54414689B460390002C0FD15346002BA0
:1017A00003D000220399A3005A502000BA4B9D4455
:1017B000F0BCBB46B246A946A046F0BD00212300BE
:1017C0001A9100240BE051460139A14247D90398F0
:1017D000A10004320B5001341368002BDED0252BFE
:1017E000F1D15668302E3FD02B2E3DD0370000234C
:1017F00002933B00313B0026151D082B3DD9452F98
:101800002FD04F2F2DD03B00253B552B27D8A34A57
:101810009B00D3589F465B469B69A14A18339B00A7
:1018200099580023FFAAF03213603CA8FF2201F070
:10183000F1FF431E03333ED85346591EA1420ED931
:10184000039EA200B4463CAB624400191E680134FA
:10185000166084422FD0043304328C42F6D3002425
:10186000A3E76F680435CEE70023976802933B0037
:101870001500313B0835082BC1D81CAB28000A22C3
:10188000190000F069FE1C9D02902F68B7E7039BCA
:10189000A0009C4653466044191B642F01D100F000
:1018A000CCFC804A5B46DB6804F030FF0028D6DBC6
:1018B0002418A245D3D92B68002B00D16EE72A1D2E
:1018C0008AE7039BA0009C4653466044191B6B2F7C
:1018D00001D100F0B5FC744A5B469B6804F016FF2A
:1018E0000028E5DA002460E75B469B68002B01D105
:1018F00000F03CFC0C2B04D018000C21CBF7F6FEBA
:101900000B00039AA000944652466044111B492FD5
:1019100000D114E1634A04F0F9FE0028C8DA00247B
:1019200043E75A46926801230B2A00DC00235C4AF5
:1019300028339B00D31859680023FFAAF0321360A4
:101940003CA8FF2201F066FF431E0333B3D80123F6
:101950005B4253449946A34281D9039B80469C46EF
:10196000A70067443CAEA04408E001343860444519
:10197000A1D0043704364C4500D370E72B6830689B
:10198000502BF2D1FFF710FBEFE75B461B69444A8F
:101990009B0099580023FFAAF03213603CA8FF2255
:1019A00001F038FF431E033385D85346591EA14228
:1019B00000D854E7039EA200B4463CAB6244001931
:1019C0001E6801341660844200D174E70433043287
:1019D0008C42F5D30024E8E65346013BA34200D8ED
:1019E0003DE725220399A3005A50013463E75B4683
:1019F0009B692B4A1E339B00D31859680023FFAA0A
:101A0000F03213603CA8FF2201F004FF431E0333B1
:101A100000D950E75346591EA14200D81FE7039E44
:101A2000A200B4463CAB624400191E680134166043
:101A3000844200D13FE7043304328C42F5D30024C2
:101A4000B3E65B461B69164A0C339B00995800238A
:101A5000FFAAF03213603CA8FF2201F0DBFE431E18
:101A6000033300D927E75346591EA14200D8F6E6B2
:101A7000039EA200B4463CAB624400191E680134C8
:101A80001660844200D116E7043304328C42F5D349
:101A900000248AE60CFBFFFFF40400000CF604109F
:101AA00060F30410A0F70410D8F704105346191B74
:101AB000039BA0009C465B465B68DE4A00935B4646
:101AC00060449B6804F022FE002800DBF0E600245E
:101AD0006BE65346191B039BA0009C465B46D64A07
:101AE0001B68604404F012FE002800DBE0E60024DE
:101AF0005BE65346191B039BA0009C465B461B6894
:101B0000CE4A01935B465B68604400935B469B68EA
:101B100004F0FCFD002800DBCAE6002445E65B4635
:101B2000DB69D81D5B469B69C01A0721CBF7DEFD38
:101B300003005246111B039AA00094466044BE4A1B
:101B4000E9E6E423BE490022FFA8F0303CAE026083
:101B5000C9583000FF3201F05DFE3C9B002B00D1E4
:101B6000A9E65346191B039BA0009C4632005B4626
:101B70006044FFF705FE002800DC70E624189AE6B2
:101B80005B461B6A002B00DBFAE20022002318925E
:101B900019935B46039A5B6991469846A300994462
:101BA00043460693DB17079345225242D317069804
:101BB000079912184B410321D817084000210890BB
:101BC00009910898099912184B4199079B100593A0
:101BD00043469008084304906421581ECBF786FDC5
:101BE000049E059F0A90C3174046C8212C300B93D2
:101BF0004900FF300A9A0B9BB61A9F41CBF776FD3E
:101C00004146C3170C900D930C9A0D9BB6185F417B
:101C10004639CB005B18DB005B189A009B180E93CB
:101C2000DB170F930E9A0F9BB6185F415B46DB697B
:101C3000182210935B46DB69DB17119310981199FA
:101C4000002380197941CCF765FC5B469B681293B1
:101C50005B469B68DB171393129A139B80185941BC
:101C60003C220023CCF756FC5B465B6814935B4632
:101C70005B68DB171593149A159B801859413C2219
:101C80000023CCF747FC5B461B6816935B461B683A
:101C9000DB171793169A179B80185941189A199BAE
:101CA000801A9941534600900191664A4846191B93
:101CB00004F02CFD002800DBFAE5002475E553460E
:101CC000013BA34200D8CAE509220399A3005A5058
:101CD0000134F0E55346013BA34200D8BFE55B4623
:101CE0009B690399A200303353500134E3E59C23F0
:101CF000534928E75B465869002800DAF0E264217E
:101D0000CBF7F4FC0B0014E75B461B6A002B00DAF0
:101D1000D5E5FFF765F91A9B002B00D1A3E201F08E
:101D2000F5FC5B461A6AD3179B1ADB0F01339A0046
:101D3000D318DB001F58FFF755F9039AA30090460C
:101D4000984453467F423C2138001E1BCBF7CEFC03
:101D500001F03EFDE121814609013800CBF7C6FCC8
:101D60003C2107004846CBF7C1FC3B0000914046B0
:101D70003100354A04F0CAFC002800DA6FE5241867
:101D8000A24500D86BE501231A9394E55346013B25
:101D9000A34200D863E55B469B69002B00D0E8E1D5
:101DA00037220399A3005A50013484E55846FFF7BF
:101DB000A7FC5B469B690622002B00D05A1E01231C
:101DC000002800DDB5E65B46DE6900D13BE2961BEC
:101DD000FA225B69D200DF171740653FDF19BB07A6
:101DE00006D164213800CBF781FC0122002906D1FD
:101DF000C82138004900CBF779FC4A424A41042106
:101E00000020B21AD30F91424341343391E6534636
:101E1000191B039BA0009C465B46074A5B68604415
:101E200004F074FC002800DB42E50024BDE4A0239C
:101E3000034988E668F80410D8F7041054F8041031
:101E400060F3041040F8041090F804105B461B6A1D
:101E5000002B00DA33E5FFF7C3F81A9B002B00D103
:101E60006FE25B461A6AD3179B1ADB0FD14A9B00BD
:101E70009E583000FCF742FF002800D170E2534624
:101E8000591E8C4200D348E2039AA30094460719D6
:101E90006344361B03E004338C4200D33DE2325DE1
:101EA00001341A60BC42F6D1FFF79CF83C006AE7A7
:101EB0005846FFF725FC5B4606005869002800DA03
:101EC000FBE16421CBF712FC080064213018CBF74A
:101ED0000DFC643108006421CBF708FC0B0028E6F8
:101EE00052465B46111B039ADB699446A000B24A36
:101EF000013360440FE55B461B69013319E6534625
:101F0000013BA34200D8AAE40A220399A3005A5035
:101F10000134D0E45B465B69A84A984601239045AA
:101F200000DB0023DBB299464346002B00DADDE1FB
:101F300064214046CBF7DAFB1330002E00D161E17B
:101F4000632800DC92E12B2E00D1EBE19C4A9D4BF3
:101F50001B92029F022F00D202270399974A8C46B8
:101F60005146A6006644091B904500DB56E1964B9E
:101F700054E1039BA6009C4653461B1B98465B46B8
:101F80001B6966445F1C5B46DB6899465B46586983
:101F9000002800DA8BE16421CBF7A8FB4B460191C6
:101FA000009341463B003000884A04F0AFFB002814
:101FB00000DB7DE40024FFF7F8FB98238449C2E5A9
:101FC0005B467E4A5B69934200DBBBE02D21D31A5E
:101FD0009846029B1C91002B00D08FE01CAA9146D2
:101FE0001DAB2522181D1A60002E74D1794904F00A
:101FF000A7FC5346191B039BA0009C4643464A4638
:1020000000936044029B04F081FB002800DB4FE456
:102010000024FFF7CAFB5B469A690623002A00D01A
:10202000531E5A46D269D01D7EE525231C93002EEF
:1020300068D12B231D93273B1EAE1E213000664A1C
:1020400004F064FB002866DD8000301864E05B4625
:102050005A4A5F690123974200DB002358461B93CD
:10206000FFF74EFB8046002F00DA0DE164213800B7
:10207000CBF73CFB1330814638006421CBF736FBAD
:102080004346002B00DAAFE000D142E14B4B9F42C8
:1020900026DB00231B9341444B1C00D1ADE0642997
:1020A00003D14B460133994600214B4664205843E7
:1020B00080461B9B8844002B1AD11CAB99462B2EC3
:1020C0008FD1464A904504D9029B1C96002B15D10E
:1020D0001DAB25221A601800302208305A6085E7AF
:1020E000013900D225E164204B465843804688449C
:1020F0002D231C93029B002B00D16FE7029B013B19
:1021000002936BE7029B1D96062B03D3029A931F43
:10211000062A91D11EAE3000314904F011FC1CABEF
:1021200099465346191B039BA0009C464A465B46B2
:102130006044FFF725FB002801DCFFF790FB241823
:10214000FFF7B9FB274A904698441CAB99462B2EC3
:1021500000D046E7214A904500D8E7E0029B1C9654
:10216000002BCBD125231D931DABB4E70C23FFF728
:10217000C8FB0399A200303353500134FFF79BFB97
:10218000FEF72EFF1A9B002B6AD001F0BFFA5B46C8
:102190001A6AD3179B1ADB0F01339A00D318DB009E
:1021A0001E58FEF71FFF7642F31719930123189666
:1021B0001A93EEE4EC2B00202CF8041094F8FFFFA7
:1021C00064F704104495041098ED0410B0F704105F
:1021D00060F304101CF80410ECF704100F27000043
:1021E000FCF704106C0700005A465E4B52699A4295
:1021F00030DB41444B1C00D057E74B46013B99462E
:10220000632152E7029F022F28D3039BA6009C461E
:102210005346191B544B66441B93544B019048463C
:102220003F1A1B9A3000009704F070FA002801DB77
:10223000FFF73EFB0024FFF7B8FA4D4AFFF732FBE9
:102240004C4AFFF749FB0A360721B01ACBF74EFA82
:1022500003006EE4012398461B931CE70227D4E792
:10226000FEF7C2FE91E7FEF7BFFE58E5029F022F80
:1022700000D20227039BA6009C465346191B3E4BE7
:1022800066441B93394BC9E73C4BF81800F030FB10
:102290006421CBF72BFA5B4681465869002800DBA6
:1022A000EBE6364B9C46604400F022FBE5E6334B00
:1022B0009C46604400F01CFB6DE6304B9C4660443D
:1022C00000F016FB6421CBF711FA0800002E3BDA70
:1022D0005A46244B52699A4200DBF6E50126F4E5A2
:1022E000264B9C46604400F003FB08E5234840442D
:1022F00000F0FEFA64210700CBF7F8F9002E04D0B5
:102300001F4B9F4200DC21E61DE6174A174B1B922C
:102310001FE64B1C00D0C8E66FE7FEF763FE002403
:10232000FFF743FA144A174B1B9212E625221C9220
:10233000D1E66322484664239046013843439844DB
:10234000D6E6FEF751FE8CE5002E00D1BDE55A46DB
:102350000D4B52699A4200DBB7E501267642B4E59F
:102360002700A1E595F8FFFF84F7041044950410B9
:10237000D8F70410A0F7041064F704106C070000ED
:102380000F27000094ED041094F8FFFFFF2370B5B1
:10239000150000229B00C250FF32040001F03AFAFF
:1023A000431C5A1E93415B4218402860200070BDB8
:1023B00010B5FFF7E5F910BD10B5FFF7E1F910BD55
:1023C00002000068002806D0100043680430002B8B
:1023D000FBD1801A80107047F0B55746DE4645465F
:1023E0004E46E0B583B098460C9B93469A460F0044
:1023F00001900091B9464B461C6851462000FAF7FF
:102400006DFB04373E00051EF4D12D2C60D0002357
:102410009A462B2C32D04346002B27D0102B5CD071
:10242000012041464042CBF789F90700012041468F
:102430004042C146CBF782F900202300303B092BF4
:1024400007D9113B192B03D92300613B192B19D84C
:102450000A33984516DD002D2BDBB84229D826D04B
:102460004A465043012510CE1818E6E7302C40D0DC
:102470000A23052199469846274FDDE74E463C68DA
:102480000836C8E7002D18DB5346002B00D0404229
:102490005B46002B04D0002D17D15B46009A1A60D2
:1024A00003B0F0BCBB46B246A946A046F0BD8B4285
:1024B000D6DD012510CE6D42BFE72223019A01200F
:1024C00013605B464042002BEAD0331F0093E4E7E1
:1024D00001233C689A4604369DE7302C04D1202322
:1024E00032689A43582A09D010230F2199460B4F7E
:1024F000A2E7202332689A43582A07D11023746830
:102500000F2199469846054F083695E7082307217D
:1025100099469846024F8FE799999919FFFFFF0F47
:10252000FFFFFF1F10B5034C82B00094FFF754FF6C
:1025300002B010BD7026002010B50400054882B01E
:102540000068009313000A002100FFF745FF02B066
:1025500010BDC0464022002010B504001300054AFB
:1025600082B01068044A00920A002100FFF734FF8D
:1025700002B010BD402200207026002010B504F0EB
:10258000F3F910BD30B5040085B0431C13D0082208
:10259000002102A8CCF77EFA084B094A1868E0230C
:1025A00001A9D558220002ABA847012803D16B46E8
:1025B000187905B030BD01204042FAE740220020E2
:1025C0007026002070B5E024014D2C59A04770BD45
:1025D00070260020002909D0FF2A02D801200A70A5
:1025E00070478A23036001204042F9E70020F7E7A3
:1025F00070B50B780500613BDBB20C00172B09D8D6
:10260000334A9B00D3589F4620003249FBF7BAFB60
:10261000002859D0162300202B6070BD20002E49C1
:10262000FBF7B0FB0028F5D10C20F6E720002B4982
:10263000FBF7A8FB03000120002BEED02000284967
:10264000FBF7A0FB0028E5D10220E6E720002549A2
:10265000FBF798FB0028DDD10420DEE720002249AB
:10266000FBF790FB0028D5D10520D6E720001F49B5
:10267000FBF788FB0028CDD10620CEE720001C49BF
:10268000FBF780FB0028C5D10720C6E720001949C9
:10269000FBF778FB002819D020001749FBF772FBE5
:1026A0000028B7D10920B8E720001449FBF76AFBDE
:1026B0000028AFD10A20B0E720001149FBF762FBE8
:1026C0000028A7D10B20A8E70320A6E70820A4E74D
:1026D000C8F80410C0F8041094AC04109CAC0410AA
:1026E0007CAC041064AC041084AC0410A4AC0410E2
:1026F00074AC04105CAC04108CAC041054AC04102A
:102700006CAC041010B5034B01001868FFF770FFA4
:1027100010BDC0464022002010B5002A09D0002379
:1027200003E0013304309A4203D004688C42F8D1AC
:1027300010BD0020FCE7C04610B59200CCF7B0F900
:1027400010BDC04610B5920006F0D2FE10BDC046C6
:1027500010B5002A05D004000023013302C49A42B8
:10276000FBD110BD70B50400080011001A00002351
:10277000054D2B60CCF774FB431C00D070BD2B685B
:10278000002BFBD02360F9E708320020354B70B5F1
:10279000050018680C00002802D0836B002B21D0A4
:1027A0000C23E25EA389190723D5216900292BD0C8
:1027B000D80708D50020A06060694042A0610020D1
:1027C000002908D070BD00209D0700D46069A0607A
:1027D00000200029F6D11B06F4D540231A43A2811C
:1027E0000138EFE7F9F7CCFB0C23E25EA389190768
:1027F000DBD4D9062DD55B0716D4216908231A43EB
:10280000A28193B20029D3D1A02080268000B600F7
:102810001840B042CCD021002800FAF7D9F90C2397
:10282000E25E2169A389C3E7216B00290AD0230056
:102830004033994204D02800F9F7E0FC0C23E25E13
:102840000023236324239A430023216963602160CA
:10285000D4E709232B60402301201A43A281404280
:10286000B0E7C04640220020F0B5C64600B51F4C78
:1028700082B024680194A424019D64002D59002D88
:102880002BD06C681F2C2EDC002809D10020631C83
:102890000234A4006B60615102B080BCB846F0BD48
:1028A0008827A600AE19F2510137FF37BC46012236
:1028B000AC446746A2403F689046174362461760A3
:1028C00084277F00F3510228E0D12B0040468D334E
:1028D000FF331A6810431860D8E7019D019E4D35FB
:1028E000FF353551CDE701204042D5E74CE10410DA
:1028F000C317C01858407047002370B5064D040038
:1029000008002B60CCF702FB431C00D070BD2B6885
:10291000002BFBD02360F9E70832002070B54B682C
:1029200005000C0084B0002B21DDFAF727F90128FF
:1029300024D026005C36636828002268009603A92C
:10294000FAF7B6FC431C27D0831C1FD0236800284D
:1029500007D01B1823606368181A6060039804B0DE
:1029600070BD013323606368013B6360F7E7FAF7EA
:102970001FFF0028D9D001204042F0E723685A1CED
:10298000226018786368013B6360E8E72100280053
:10299000FAF70EFF0028CED04022A3891343A3816B
:1029A000F9F798F88A23036001204042D7E7C04630
:1029B0000C23CA5E80239B0110B51A4204D11A432E
:1029C0008A814A6E13434B66FFF7A8FF10BDC046CD
:1029D0000E4B70B51D680400002D02D0AB6B002BB0
:1029E0000FD00C23E25E80239B011A4204D11A43CC
:1029F000A281626E1343636628002100FFF78EFFF9
:102A000070BD2800F9F7BCFAEBE7C0464022002071
:102A1000F0B5CE46474680B583B08046894614005F
:102A2000FAF7ACF8012803D14B46013BFE2B30D915
:102A3000230001AF4A46390040465C33FEF71AFED8
:102A40000600431C2BD0002821D03978002507E050
:102A500023685A1C226019700135B54217D2795D7E
:102A6000A368013BA360002BF2DAA269934201DB69
:102A70000A29EDD122004046FEF78CFD431CEBD124
:102A80000600300003B0C0BCB946B046F0BD4E46AB
:102A9000F7E74B4601AFD9B201263970D6E740229D
:102AA000A3891343A381ECE710B50C23D45E8023E4
:102AB0009B011C4204D11C439481546E23435366F2
:102AC000FFF7A6FF10BDC0460F4B70B51E6805008E
:102AD0000C00002E02D0B36B002B10D00C23E25E52
:102AE00080239B011A4204D11A43A281626E1343D0
:102AF0006366290030002200FFF78AFF70BD3000B6
:102B0000F9F73EFAEAE7C04640220020F0B5DE467B
:102B1000454657464E46E0B5936883460C009046BE
:102B200083B0002B23D08B891A0728D50A69002A85
:102B300025D0424616689A072DD50027AC4B0025B4
:102B40009946BA46002D58D02B004D4500D9A84BC8
:102B500052465846E169676AB847002858DD43463F
:102B60009B6882442D1A181A43469860EAD10020C7
:102B700003B0F0BCBB46B246A946A046F0BD21005A
:102B80005846FFF703FE002800D02DE14246A389F6
:102B900016689A07D1D4DA0742D40022002791465A
:102BA000002F25D080229200A568134200D180E03A
:102BB000AA46BD4200D9AFE09022D200134200D015
:102BC000BBE020685246494606F092FCA3685D1BB4
:102BD000A5603D00002723685344236043469B685B
:102BE000A9445D1B43469D60C1D0A389002FD9D164
:102BF0003268776891460836D2E7336875689A4636
:102C000008369FE721000198F9F77EF800282FD0B9
:102C10000C22A35E402201201343A3814042A7E778
:102C200000230022B14600271E005B46002092468A
:102C30000193002F27D000282FD03300BB469F429E
:102C400000D99B46206822696369904204D9A26832
:102C50009D18AB4500DD9EE05B4561DC656A524630
:102C6000E1690198A847051ED2DD0120761BC9D075
:102C700043469B68AA447F1B5D1B43469D6000D171
:102C800075E7002FD7D14B461B689A464B465F68C5
:102C900008239C46E144002FF5D03A000A21504613
:102CA00006F07EFB002800D195E053460130C61A9D
:102CB000C3E720682369984216D863699A46BB42E5
:102CC00012D84C4B38009F4200D94B485146CAF7A6
:102CD0000DFD5346656A43434A465846E169A84795
:102CE000051E95DD7F1B79E7BD4200D93D002A0016
:102CF000494606F0FDFBA36822685B1B5219A360DE
:102D00002260002BEED121005846F8F7FDFF002885
:102D100000D07DE77F1B61E73D00BA46206851E7A0
:102D20005A46514606F0E4FB5A46A3685D469B1A94
:102D3000A36023685B44236097E760692268216988
:102D4000551A42001218D00F8218681C5210C01970
:102D500092460195904201D9824602005B0529D531
:102D600011005846F9F7EAFF051E37D0019A21698C
:102D7000CBF796FEA389214A134080221343A381F7
:102D80005246019B2561E818D31A3D00BA462060DF
:102D90006261A36016E751462A0006F0A9FB23688A
:102DA00021005B1901982360F8F7AEFF002800D1DD
:102DB0005BE72DE75846FAF743FB051EE0D1216992
:102DC0005846F9F71BFA80225946A3899343743A6F
:102DD0001BB20A601EE77B1C1E002FE70C235A461D
:102DE00013600C22A35E15E701204042C0E6C046F6
:102DF00000FCFF7FFEFFFF7FFFFFFF7F7FFBFFFFEA
:102E0000F0B5D6464F4646460369C0B59A464F11BF
:102E1000BB422DDD1F220500140014359E000C401E
:102E2000BB00A446AE19EB180A422AD0202202CBDE
:102E3000121B9046E1409E4216D9A94644461A68A4
:102E4000A2400A43494604C16246894602CBD140AA
:102E50009E42F3D85346DC1BA400043C2C1921608D
:102E6000002919D0043417E02C0041610029F9D160
:102E70000023036100234361E0BCBA46B146A84683
:102E8000F0BD2A009E42F3D902CB02C29E42FBD87B
:102E90005346DC1BA4002C19631B9B100361AC423E
:102EA000EAD1E7E7F0B5DE464E4645465746E0B57F
:102EB0008BB00993B94B07901B68894618001C001A
:102EC00093460593FBF71AFFA446020062441300E1
:102ED000013B1B78049001934B461D68AA78302A69
:102EE00000D016E202214942EB1C491B1D00CF18FD
:102EF00001335A1E1278302AF8D0A94B98469B5CB1
:102F0000002B00D1F3E042462B780024D35C002252
:102F100092462E00002B05D0424673780136D35CD2
:102F2000002BF9D13000049A059901F037FB03908A
:102F3000002857D0002C58D1002233780392202249
:102F400034009343502B59D04B461E605346002B00
:102F500077D1631B013B0021072B03DD01315B109F
:102F6000072BFBDC079800F065FC8246002800D1A7
:102F700070E2142353440893A54200D3D5E1029391
:102F80000023049A994601339B1A06932B000027CD
:102F90004D4699460DE0202F1DD03A00043741469A
:102FA00033783400CB5C0F210B4093401D434C45DC
:102FB00055D9661E3378019A9342ECD1069BF418DA
:102FC0004C45E8D32000049A059901F0E7FA00285F
:102FD000EDD0202FE1D1029B002220C30427002541
:102FE0000293DCE7002C00D180E12022A41BA30087
:102FF0000393337834009343502BA5D163782B2B64
:1030000000D163E12D2B00D1A3E00022611C4046DA
:10301000C35C2600581E182896D840464E1C497896
:10302000103B415C081E5FD1002A00D05B42039A2E
:1030300094469C44634603934B461E605346002BC4
:1030400087D07B1E9F4105237F429F430637380070
:103050000BB0F0BCBB46B246A946A046F0BDA9469F
:103060004A46029B484604C3089A9B1A52469B1044
:1030700013615E0100F0BCFC5B461C68361AA64278
:103080006BDC0025A64200DA22E15B46039A9B68CE
:10309000934200DA40E15B46039A5B68934243DD6A
:1030A0009E1AB44200DD7DE05A46D268022A00D161
:1030B00075E1032A00D16DE1012A00D150E15146AA
:1030C000079800F0DFFB0023149A50271360BEE737
:1030D0009900C9184900091840460B00717801365B
:1030E000405C103B00289FD01928F1DD9CE7049C30
:1030F00028002200059901F051FA00286FD1230021
:10310000EA5C43469B5C2C19002B6AD02500302AD0
:1031100005D16B780135302BFBD04246D35C594248
:10312000594101278A46F4E60127002D0AD05B4663
:10313000DB68022B5DD0032B5FD0012B00D1BBE0FD
:1031400010231F435246149B1A60099B039A1A606E
:103150007DE70122A378A11C59E7361B31005046B8
:1031600001F0BEF8051E0FD01F210123701E014083
:103170008B404211089992008A5801251A4203D0C7
:10318000012800DDDEE0022531005046FFF738FE61
:10319000039B9C46B4446346039376E778FA041095
:1031A00078F90410771E002D00D0C3E0002F00D066
:1031B000C2E01F237A111F401E3BBB4008999200BA
:1031C0008A581A4201D002231D4331005046FFF7AE
:1031D00017FE5B465B680227A41B0393A5E72C0040
:1031E0002A7820239A43502A00D1B4E04B461C6031
:1031F00027E70123159A9B1A1593159B002B9FD047
:1032000053461E69089DB3009946E81800212B001B
:10321000B44603E002C3984200D8C5E01A68561CC1
:10322000F8D001321A60022F00D1D1E01F231E0016
:1032300021272640234285D04B46EB18043B1868D3
:1032400000F0D6FB20239E1BB04200DB7AE75346FA
:103250001A69002A00DCEAE0534650465B69920096
:10326000AA1818305B08824200D8E7E02C00190049
:103270000368DB070B4308C402C849088242F7D839
:103280000B005146521A193A920801329200AA18BC
:103290001360002B00D0D5E05146531B9B100B61EF
:1032A000AA4200D1C6E05B46039A9B6801320392B2
:1032B000934231DB212745E7AA0700D440E7089A6B
:1032C0001268154301922B429AD139E7002241E757
:1032D000A61B51463200079800F042FD039B824630
:1032E0009B1B0393142353440893CEE64246049B4E
:1032F000F118F35C0E00D25C002A00D11FE64246B2
:1033000073780136D25C002AF9D1891B8A000392B6
:1033100015E600270235F0E55146079800F0B2FAAD
:103320000023149AA327136091E6089B02930023BD
:10333000994695E601253CE73900504600F0D0FF5C
:10334000050036E75046B11E00F0CAFF02350028DE
:1033500000D019E717E70023039301339A464DE69F
:10336000B44200D0ABE6012C08D05046611E00F0FC
:10337000B7FF002800D1A2E65B465B68099A622786
:103380001360012352461361089A13605246149B3E
:103390001A605CE6159A002A00D190E6EEE7159ACD
:1033A000002A00D08BE6E9E75246664692686346FB
:1033B000964220DA51465A1C0A61012104339B00CF
:1033C00053445960022F03D0964200DA41E72DE7BB
:1033D0005B461B682227013BA34200D0B2E61F23B5
:1033E00062111C401E3BA340920057591F407B4274
:1033F0005F412137A6E653465B680798591C00F0E9
:1034000019FA804600281FD0534651461B690C31DB
:103410009A1C92000C30CBF743FB5146079800F002
:1034200031FA45464346C2461B691435C2E70023BC
:103430005246136100235246536134E72A002B6041
:10344000002B0DD0043227E700228421064B0748C9
:10345000C8F7B2FD0022DE21034B0448C8F7ACFDDB
:1034600052461361E6E7C04628F904103CF90410FF
:1034700030B5026808E013781D00413D192D00D8D1
:1034800020330131A34206D10C780132002CF2D155
:103490000260012030BD0020FCE7C046F0B5454683
:1034A000DE4657464E4690460A681F21E0B585B075
:1034B0000090080053119B001040434401901142BA
:1034C00000D092E01A001F1F131F9A460023524695
:1034D0001360009B18684178002900D19AE000230E
:1034E000BC469B46604B3D0000245F460022994647
:1034F000E34616E0202900D989E097420DDA6545B8
:1035000001D2072C56DD0824A84506D22B1F002126
:103510009C4617001D0000241960817801300029A5
:1035200011D04B465B5C002BE4D001340132082CF7
:1035300039DC296809010F2633400B432B60817861
:1035400001300029EDD15F46002A63D0AC4501D996
:10355000072C6EDDA8454BD242462B0002CB02C29F
:103560009F42FBD2791C6A1C042391425CD24344E3
:103570001D00002308C5AF42FCD253461B68002B38
:1035800009D14346B84502D146E0BB4244D0043F8E
:103590003A68002AF9D0052005B0F0BCBB46B24617
:1035A000A946A046F0BDA845B7D20021043D01249C
:1035B0002960C0E708231C1BA4001833191B0290C4
:1035C0002E00080003942B6864469446039A7168A1
:1035D00081400B43336073680436D3403360A642A6
:1035E000F5D362460298A4468DE71F001A1D6BE7CB
:1035F000019B002BC1D02022019BD21A01235B42E8
:10360000D34052461268134052461360B7E75F46F4
:10361000292905D00420BFE7012305203B60BBE733
:10362000009B023018608FE77D1BAD080135AB00B1
:103630009DE7082320261C1BA4002B68361B1A00BC
:103640003300280026006446AC461D0041680B008C
:10365000AB4013430A00F2400360426004308442EE
:10366000F4D8654676E7C04678F90410F0B54F46C1
:103670004646D646C0B5904607000E0003F09EF9B8
:103680001D4B1D689946002D0AD033783400002B5D
:1036900004D12FE063780134002B0AD03D2BF9D1FF
:1036A000380003F08DF90020E0BCBA46B146A846C8
:1036B000F0BDA41B28680028F2D02200310000F0E1
:1036C0006DFF002805D12B681A191B5D92463D2B12
:1036D00004D0686804350028EFD1E1E74B461B6849
:1036E0003800ED1A4346AD101D6003F069F95046ED
:1036F0000130D9E70024DDE7542C002000B583B069
:1037000001AAFFF7B3FF03B000BDC04600487047F1
:10371000F82B0020002370B5064D040008002B6034
:10372000CBF700FC431C00D070BD2B68002BFBD0F6
:103730002360F9E70832002010B5002100F002F8FC
:1037400010BDC04603000020FF2B03D8024A0730FB
:10375000D35C18407047C04649E0041010B5002102
:1037600000F002F810BDC04603000020FF2B03D874
:10377000024A0330D35C18407047C04649E0041049
:1037800010B5002100F002F810BDC0460300002073
:10379000FF2B07D8044A0130D25C7F2A02D8093BAC
:1037A000584258417047C04649E0041010B5002106
:1037B00000F002F810BDC04603000020FF2B03D824
:1037C000024A2030D35C18407047C04649E00410DC
:1037D000C317C01858407047F03070470048704712
:1037E00060270020004870476027002070B5040063
:1037F000080011001A000023054D2B60CBF78AFB4F
:10380000431C00D070BD2B68002BFBD02360F9E770
:103810000832002030B50400101E0AD01500002028
:1038200002E00130A84204D00B5C8200A350002BC0
:10383000F7D130BDC36C70B504000D00002B0AD069
:10384000A8001B18186800280ED002681A60002310
:103850000361C36070BD21220421F8F705F9031E3E
:10386000E064EDD10020F5E70126AE40721D012194
:1038700020009200F8F7F8F80028F3D04560866041
:10388000E5E7C046002906D04B689A00C36C9B1838
:103890001A680A6019607047F0B5C6461F00804676
:1038A000002300B50E000D6914310C6801332004AB
:1038B000000C5043240C5443C019070CE4190004B5
:1038C000270C000C2404241810C19D42EDDC002FAD
:1038D00008D0B368AB4209DD2B1D9B00F3180135FE
:1038E0005F603561300080BCB846F0BD736840460B
:1038F000591CFFF79FFF041E17D0310033690C31AC
:103900009A1C92000C30CBF7CBF873689A004346B0
:10391000DB6C9B181A6832601E6026002B1D9B0012
:10392000F31801355F603561DCE70022B521024BF9
:103930000248C8F741FBC04628F9041084FA041075
:10394000F8B54746CE460600180080B50C00083092
:1039500009211F009046C9F7C9FE092F3BDD01254B
:1039600000216D000131A842FBDC3000FFF762FF4F
:10397000011E32D0089B4361012303614346092B9A
:1039800016DC092398460A3447450CDD4346E719FF
:10399000FF1A23780A223000303BFFF77DFF013405
:1039A0000100BC42F5D10800C0BCB946B046F8BD24
:1039B00009239946A1444D4644442B780A223000FD
:1039C000303BFFF769FF01350100A542F5D14446C0
:1039D000083C4C44D8E70021C7E70022024B0348CB
:1039E000CE31C8F7E9FAC04628F9041084FA041069
:1039F0000300020C0020002A01D11B0410301A0E13
:103A000001D108301B021A0F01D104301B019A0F9B
:103A100001D102309B00002B02DB01305B0000D59E
:103A200070472020FCE7C04603680200590707D012
:103A3000D9071ED4990720D55B0803600120704781
:103A40000020190401D11B0C1030FF21194201D1B3
:103A500008301B0A190701D104301B09990701D14D
:103A600002309B08D90702D401305B0803D01360F1
:103A7000E5E70020E3E72020E1E79B080360022060
:103A8000DDE7C046C36C70B504000D00002B0AD002
:103A90005868002815D002685A600023C3600133BB
:103AA0004561036170BD21220421F7F7DDFF031E8C
:103AB000E064EDD1A0210022084B09484900C8F775
:103AC0007BFA1C2201212000F7F7CEFF0028F1D05D
:103AD0000123436001338360DFE7C04628F9041007
:103AE00084FA0410F0B54E464546DE465746E0B52A
:103AF0000D6916698946140087B0B54204DB3300AE
:103B00000C002E0091461D00A36877196168BB4226
:103B100000DA0131FFF78EFE0590002800D1A7E002
:103B200014229446059B002263449B46BB005B44E1
:103B30009A465B465146D34503D204C39942FCD80A
:103B40008A4614239C46A444634604931423B60077
:103B50006644AD009C462B00E1444B4402939945DA
:103B60006ED204230393230015339E4200D27CE0DF
:103B7000331B153B9B0801339B00B846039301960A
:103B800008E0000C31D104239C46029BE144E3444D
:103B90004B4554D94B46186803041E0C002BF0D03B
:103BA000019B5D4600279C46049C04CC29681304B5
:103BB0001B0C73430804000C1B18D819130C734317
:103BC000090C020C5B189B1802041F0C120C1B043E
:103BD000134308C5A445E8D8634601935B46039A9E
:103BE0009F504B461868000CCDD05B4600271B68E1
:103BF0005C4619003E00049D019A2F88090C47433A
:103C00007F18BF191B0439041B0C0B43236008CD1C
:103C100061681B0C43430E04360C9B193F0CDB19E7
:103C20001E0C0434AA42E8D801925A460399535014
:103C300004239C46029BE144E3444B45AAD84746F3
:103C40005346002F03DC06E0013F002F03D0043B66
:103C50001A68002AF8D0059B18001F6107B0F0BC55
:103C6000BB46B246A946A046F0BDB846019691E7CC
:103C70005E210022024B0348FF31C8F79DF9C04680
:103C800028F9041084FA0410F8B5032347461400F9
:103C9000CE461A0080B50E0007002240234238D1DC
:103CA000A41025D0BD6C002D3CD0012398460023E4
:103CB00099464346234208D1641019D02868002849
:103CC0001BD0050043462342F6D02A0031003800BD
:103CD000FFF708FF002E1AD0FA6C736894469B0019
:103CE00063441A68641032601E600600002CE5D13F
:103CF0003000C0BCB946B046F8BD2A0029003800E3
:103D0000FFF7F0FE4B46286005000360DAE7060087
:103D1000D2E70F4B013A9200D2580023FFF7BCFDC7
:103D20000600BDE701213800FFF784FD051E07D01E
:103D3000084B4361012303610023B8640360B4E7C7
:103D4000A0210022044B05484900C8F735F9C046B8
:103D5000B8FA04107102000028F9041084FA041063
:103D6000F0B50C0023694546DE4657464E46984658
:103D7000E0B55711B84443465D1CA368834616005E
:103D8000496883B09D4203DD01315B009D42FBDC4D
:103D90005846FFF74FFD8446002853D014300300E7
:103DA0000190002F0CDDBF003A0000211432624464
:103DB00002C39342FCD1019B9946B9444B460193FF
:103DC0002269230091001F221000143330408146E5
:103DD0005918324230D00132121A92460026019F01
:103DE00048461A688240324304C7524640CBD64008
:103DF0009942F5D8220015320423914204D30B1BBB
:103E0000153B9B0801339B00019AD650002E00D031
:103E1000A846634642461A61636860469A005B465C
:103E2000DB6C9B181A6822601C6003B0F0BCBB46B8
:103E3000B246A946A046F0BD019804CB04C0994201
:103E4000FBD8E6E7DA210022024B0348FF31C8F72E
:103E5000B3F8C04628F9041084FA041003690A690B
:103E600030B50500981A934211D1920014351431DF
:103E7000AB18891801E09D4209D2043B04391A6845
:103E80000C68A242F7D0A24292410120104330BDFB
:103E9000F0B54E464546DE465746E0B50B698846C6
:103EA0001169914683B05C1A8B4200D095E046467A
:103EB0008900143614327318521802E09E4200D35F
:103EC0008FE0043B043A1D6811688D42F6D000D2A1
:103ED0007EE043465968FFF7ADFC002800D18AE038
:103EE00043461A69142343449C46C4601C004B4655
:103EF0001B6991009B0061449C4614234F469A46DF
:103F0000143782445346BC448B46A246142664466A
:103F100000219446424680460193935901CF1D04E7
:103F20002D0C691805042D0C4D1B010C40461B0C73
:103F30005B1A29145B182D0419142D0C1B042B4338
:103F400083510436BC42E8D86246A4464D461C0064
:103F500063464E465D1B153D15360023AD08B4453E
:103F600000D3AB00019FB84604274344B44501D3B6
:103F70000135AF00019DBA44AC46BC44D34518D9C5
:103F8000654657465E4610CF23041B0C5B18191478
:103F9000240C64181B0421141B0C24041C4310C59E
:103FA000BE42F0D8310053460139CB1A9B089B0022
:103FB0006344002C04D1043B1968013A0029FAD06B
:103FC000026103B0F0BCBB46B246A946A046F0BDB4
:103FD00043460124C84699467BE7002CF8DB0024C1
:103FE00077E70021FFF726FC00280BD001230361AF
:103FF00000234361E5E790210022054B0548890035
:10400000C7F7DAFF0022024B03490248C7F7D4FF83
:1040100028F9041084FA0410320200000F4B1940F2
:104020000F4B9C466144002904DD00220B00100068
:10403000190070474942002200230915132904DCA6
:104040008020000308410300F1E7143901201E29F4
:1040500002DC80200006C8400200E8E70000F07F94
:104060000000C0FCF8B506004746CE460469143689
:10407000A4003419231F1D6880B528000F0098463E
:10408000FFF7B6FC20210A1A3A600A282EDD4645C1
:1040900023D208235B429846A04443461F680B2363
:1040A0005B429C4684440B281CD063469D40C91A41
:1040B0003B00CB401C481D432843030046452FD2FC
:1040C0000C3C2068C84061468F4007433A0010000E
:1040D0001900C0BCB946B046F8BD030000270B3B31
:1040E0000B2817D1104929430B00EFE72F00153992
:1040F0000B1ADF400C49994639430B00002746450F
:1041000003D24946083C2768CF40153085403D43DF
:104110002A00DCE79D400449002729430B00D5E72E
:1041200061468F40D2E7C0460000F03F70B50121E4
:1041300082B015001C00FFF77DFB061E4FD0230345
:1041400064001B0B640D02D08022520313430193C1
:10415000002D17D101A8FFF767FC019B01257361B2
:10416000012320303361002C24D0204B9C46069B39
:10417000644424181C603523181A079B186030000B
:1041800002B070BD68460095FFF74EFC002822D0B3
:10419000019D20232A001B1A9A401300C540009A53
:1041A000019513437361B5616B1E9D410135356106
:1041B000002CDAD10E4B9C46069B604418600D4BD8
:1041C000EB189B00F3185869FFF712FC6D01079B71
:1041D0002D1A1D60D3E7009B019D7361E3E7002268
:1041E000054B06490648C7F7E7FEC046CDFBFFFF73
:1041F000CEFBFFFFFFFFFF3F28F904100A0300007A
:1042000084FA0410F0B5CE46474680B585B088469E
:1042100002A98146FFF726FF04000D00404603A9CE
:10422000FFF720FF02000B0040464946006909697C
:1042300000920193091A49018C4602980399401A89
:104240000100614400290BDD09054F193D002000E4
:104250002900C9F7C0FC05B0C0BCB946B046F0BDE6
:1042600009055B1A0193009A019BF0E710B5040061
:10427000172809DD002007490022074B013CC9F738
:10428000C8FC002CF8D110BDC400044804192068F3
:104290006168F8E70000F03F0000244018FB0410BC
:1042A0001300013970B54C111169013414338900C0
:1042B000A400591804198B420AD2050040CB40C50E
:1042C0009942FBD88B1A153B9B0801339B00C01801
:1042D000844203D9002308C08442FCD870BDC04684
:1042E0000200036910B51432481183420ADA9B00B8
:1042F000D31803E0043B1968002917D19342F9D879
:10430000002010BD83420EDD1F231C000C400B4219
:1043100009D08300D31819680120E140A1401C682E
:104320008C42EED1EAE78300D318E7E70120E8E703
:1043300070B50400080011001A000023054D2B6021
:10434000CAF744FD431C00D070BD2B68002BFBD086
:104350002360F9E708320020002001497047C04679
:104360000000F87F70B50D7804005E2D1DD04E1C46
:10437000002000212300621CFF3219700133934298
:10438000FBD1002D0FD00122424062553378701CC2
:104390002D2B0FD05D2B05D0002B02D01D00060069
:1043A000F3E7300070BD701EFCE74D788E1C0120D5
:1043B0000121DFE771785D2911D08D420FDC2B00E0
:1043C00002360133E2549942FBDC0023681C8D4223
:1043D00001DBC518DAE7491B4B1EC518D6E72D25AA
:1043E0000600D2E7004870470000C07F0EB430B529
:1043F00081239CB06A461FAC9B0020CC9382029024
:104400000690FAF77BFC0B4B6A460A9300230E9347
:104410001393013BD382084B039007902A0018683E
:1044200002A92300019401F073FA1CB030BC08BC4F
:1044300003B0184709DD0310402200200CB470B50A
:1044400081239CB06A4620AC05009B00080040CC4C
:10445000938202910691FAF751FC0B4B6A460A933C
:1044600000230E931393013B03900790D3822800FF
:104470002300320002A9019401F04AFA1CB070BC7A
:1044800008BC02B01847C04609DD031008B410B5D7
:1044900004009DB0002A31DB822368469B008382A2
:1044A00002910691002A14D00123013A5B42C38293
:1044B000049220AB079220001F9A02A9019300F0FA
:1044C000EFFB431C01DA8B2323600023029A137055
:1044D0000FE001235B42C382049220AB07922000CD
:1044E0001F9A02A9019300F0DBFB431C01DA8B2326
:1044F00023601DB010BC08BC01B018478B230360BB
:1045000001204042F5E7C0460CB410B51E4B9CB0EC
:104510001C68002932DB82236A469B00938202904A
:104520000690002914D0012301395B42D382049103
:104530001FAB079120001E9A02A9019300F0B0FB67
:10454000431C01DA8B2323600023029A137010E0CE
:1045500001236A465B42D38204911FAB079120007E
:104560001E9A02A9019300F09BFB431C01DA8B23E6
:1045700023601CB010BC08BC02B018478B2301207C
:1045800023604042F5E7C0464022002003000A783D
:1045900001311A700133002AF9D1704730B5002A71
:1045A00026D003000B439B0724D1032A22D9164DA2
:1045B0000BE0043A002A1BD0144C1C199C432C42DB
:1045C00016D104300431032A14D903680C68A342BD
:1045D000EFD004780D78AC4213D1012306E0C45C1F
:1045E000CD5CAC420DD10133934201D0002CF6D109
:1045F000002030BD04780D78A54202D1012AECD10B
:10460000F6E7601BF5E7C04680808080FFFEFEFE77
:10461000F0B557464E464546DE468246E0B59146E1
:1046200088461E000A000820484F83B013001C78FB
:10463000551C395D2A000842F8D12D2C66D02B2C50
:1046400029D0434B9B4600230193002E2BD0102EE4
:1046500064D0370039005846C9F770F82B008C46F3
:104660000022002107E0884212D33FD00122794383
:1046700069181C7801332500303D092D04D9113DFE
:10468000192D15D8373C2500AE4219DD002AEADA8B
:1046900001225242EDE72C789D1C2D4B9B460023B6
:1046A0000193002ED3D1302C46D00A270A26D1E719
:1046B0002500613D192D03D8573C2500AE42E5DCAD
:1046C000002A18DB0198002800D0494248460028FB
:1046D00004D0002A38D14B4642461A60080003B085
:1046E000F0BCBB46B246A946A046F0BDAC45BDDA1B
:1046F00001225242BDE7222251460A604A465946EB
:10470000002AEBD0013B98465946E4E72C789D1CE3
:1047100080231B069B460123019396E7302C04D18E
:1047200020222B789343582B01D0102792E76C78E6
:104730001027102602358DE720222B789343582B23
:10474000F5D00827082685E78B46DBE749E004100B
:10475000FFFFFF7F10B5012B04D0242B02D8FFF7F9
:1047600057FF04E0F7F7B6F916230360002010BDE9
:10477000130010B5012A09D0242A07D8064A146864
:104780000A0001002000FFF743FF04E0F7F7A2F959
:1047900016230360002010BD40220020130010B536
:1047A000012A09D0242A07D8064A14680A00010001
:1047B0002000FFF72DFF04E0F7F78CF916230360C4
:1047C000002010BD40220020F0B5DE4657464E4680
:1047D0004546E0B589B0934607901E000A000820C0
:1047E0005D4F059113001C78551C395D2A00084265
:1047F000F8D12D2C00D180E02B2C62D001235B421C
:104800000293564B039300230693002E06D0102EDE
:1048100000D17CE0F317B246994607E0302C00D176
:1048200081E00A239A4600230A26994652464B46BF
:1048300002980399C8F7C0FF0F0080460492002039
:104840000022002119E01C00A64221DD531C12D0D9
:10485000B9423ED801D140453BD8804534D052467C
:104860004B46C9F757FEE31700940193009B019C48
:104870000122C01861412C7801352300303B092BFF
:10488000E1D92300413B192B26D8373CA642DDDC79
:10489000531C27D0069B002B04D003000C000021E2
:1048A0005842A1415B46002B04D0002A4BD15B4605
:1048B000059A1A6009B0F0BCBB46B246A946A046AC
:1048C000F0BD2C789D1C99E78F42C8D1049BA34270
:1048D000C5DA01225242CEE72300613B192BD7D81B
:1048E000573CB1E72223079A13605B46002B27D081
:1048F0006B1E029803990593D9E72C789D1C002321
:10490000029380231B060393012306937DE7302C3B
:1049100004D120222B789343582B09D010239A4698
:104920000023994682E720222B789343582B0DD100
:1049300010239A4600236C7899461026023575E7B5
:1049400002980399B6E702900391D1E708239A46AB
:1049500000230826994669E749E00410FFFFFF7F1E
:1049600010B5FFF731FF10BD10B504001300034A66
:1049700010680A002100FFF727FF10BD4022002029
:1049800010B504001300034A10680A002100FFF765
:104990001BFF10BD40220020F0B557464E46DE46B4
:1049A0004546E0B587B01E00059092460B000820F2
:1049B000634F03911A0014780133395D1D000842DA
:1049C000F8D12D2C00D188E0002304932B2C67D044
:1049D000002E16D0102E00D184E0F31732000120F3
:1049E0004042C1179946C8F7E7FE320080460F00E3
:1049F0004B4601204042C117C8F7DEFEB346029283
:104A00000CE0302C00D17EE0052302934D4B0A26AA
:104A100098460A239B46002399464B4F00220020CC
:104A2000002119E01C00A64221DD002A40DBB9422A
:104A30003ED801D140453BD8404534D05A464B463C
:104A4000C9F768FDE31700940193009B019C0122C4
:104A5000C01861412C7801352300303B092BE1D986
:104A60002300413B192B26D8373CA642DDDC002A27
:104A700027DB049B002B04D003000C0000215842CC
:104A8000A1415346002B04D0002A23D15346039A58
:104A90001A6007B0F0BCBB46B246A946A046F0BDBE
:104AA0002C78951C94E7B942C8D1029B9C42C5DD85
:104AB00001225242CEE72300613B192BD7D8573C45
:104AC000B1E72223059A01204042C11713605346E3
:104AD000002BDED06B1E0393D8E71C780123951CB6
:104AE000049375E7302C04D120222B789343582B64
:104AF0000ED00F230293103B984611339B460023A0
:104B0000124F99468AE720222B789343582B0CD1D9
:104B10000F230293103B984611339B4600236C7879
:104B200099461026094F023578E707230293083B80
:104B3000984609339B46002308269946044F6DE7A3
:104B400049E004109999999999999919FFFFFF0FD4
:104B5000FFFFFF1F10B5FFF71FFF10BD10B50400CA
:104B60001300034A10680A002100FFF715FF10BD6B
:104B70004022002010B504001300034A10680A0008
:104B80002100FFF709FF10BD40220020F0B54E467E
:104B90004546DE465746E0B5936883B00D00914622
:104BA0000190002B6AD0176808688C6843E0902257
:104BB000AB89D20013422ED02969421A9346686904
:104BC00042001218D00F8218701C521058449046A0
:104BD000904201D9804602008020C000034236D0B6
:104BE00011000198F8F7AAF8041E52D05A46296914
:104BF000C9F756FFAB89294A134080221343AB8182
:104C0000434620005A462C61B046340058446B613C
:104C10009B1A2860AB604246514604F069FCAB68C1
:104C200028681C1B4B469B6840449E1B4B46AC604F
:104C300028609E6022D03B687E689A460837002E26
:104C4000F9D0A046B442B2D93400B046E3E70198A7
:104C5000F8F7F6FB041ED3D1019C29692000F7F771
:104C6000CDFA0C2323604022AB8901201343AB8192
:104C70004A46002340429360536003E000234A46C3
:104C80000020536003B0F0BCBB46B246A946A04624
:104C9000F0BD0C23019A1360E5E7C0467FFBFFFFE0
:104CA000F0B5DE4657464E464546E0B5ADB00793F3
:104CB0008B898346894692461B0604D50B69002BD7
:104CC00001D100F0C9FC1CAB0F930023D846554618
:104CD000CB46119310931CAE0B9306932B78002BAD
:104CE00000D130E12C0004E063780134002B00D1C6
:104CF0008AE0252BF8D1671BAC4200D088E02378EE
:104D0000002B00D11FE100230CAAD37101225242D3
:104D1000924600229146039280326378651C0020FF
:104D200000242027944601351A00203A582A00D939
:104D30008AE0CF4992008A5897464A4610231A4380
:104D400091464B469B0600D43DE10723079A073264
:104D50009A4318CA079204930594012210E04A4628
:104D600010231A4391464B469B0600D41AE10723B1
:104D7000079A07329A4318CA0792002204930594AF
:104D800000230CA9CB7108935346013300D124E2D0
:104D900080234946994301910498059903000B43E8
:104DA00000D067E35346002B01D000F07DFC002AC1
:104DB00001D000F022FC01234A461A4002924A46E2
:104DC0001CAC134207D03021263312AAD1540CABAD
:104DD0003F249C46644453460093029B9A4500DA64
:104DE0000093089B5A1E9341009A94469C44634644
:104DF00000933BE0039B07925B42039304234A46E4
:104E00001A4391462B788EE7671BAC4200D19AE09B
:104E1000119B3560DB191193109B77600093013370
:104E20001093072B06DC0836069B9C46BC44634661
:104E3000069364E7594640460FAAFFF7A7FE0028ED
:104E400000D015E31CAEEFE7002801D000F060FCB5
:104E5000002B78D012AC237000230CAAD37101333D
:104E6000009302934B46019300239A46019A022332
:104E7000110019400891134202D0009B02330093A5
:104E8000019A8423110019400991134205D1039B13
:104E9000009A9F1A002F00DD0DE31198109B0CAAB9
:104EA000D279002A0CD00CAA0732326001220130DC
:104EB0000133726011901093072B00DD37E3083641
:104EC000089A002A0BD00EAA326002220230013367
:104ED000726011901093072B00DD33E30836099AB6
:104EE000802A00D128E252460299571A002F00DD8D
:104EF00069E2029A01339446604434607260119012
:104F00001093072B00DDA1E232000832019B5B0702
:104F100005D5039B00995C1A002C00DD1DE3039B63
:104F2000009A934200DA1300069A94469C44634622
:104F30000693002800D093E2002310932B781CAE38
:104F4000002B00D0CEE6119BD9460093002B01D058
:104F500000F0F4FB4B469B895B0601D500F0F5FBA6
:104F600006982DB0F0BCBB46B246A946A046F0BD9F
:104F70001A0029004B460025009381462B00303A49
:104F80009800C3185B00D3180A00157801312A0075
:104F9000303A092AF4D9009A4846039391462B00E7
:104FA0000D00C1E64B46DB0600D537E34B46079ABA
:104FB0005B0600D433E308CA9BB204930023079234
:104FC00005930022DCE64B46DB0600D51AE34B4690
:104FD000079A5B0600D416E308CA9BB20493002329
:104FE000079205930122CBE6002800D09AE34B46B6
:104FF0009B0600D4D5E00723079A07329A43013372
:105000009C46944463460793536812680593049240
:10501000002B00DAD1E05346013300D140E30CAB62
:10502000DB794A46089380239A439146049A059B6C
:105030001100194300D100E3049B059C002C00D013
:1050400054E1092B00D951E12722049B12A93033E6
:105050008B544B460193012302930CAB3F249C4697
:105060006444B8E64B464022134399462B785AE6EF
:10507000FCFB0410002800D051E34B469B0600D5F2
:10508000C3E24B46DB0600D5F4E24B465B0600D498
:10509000F0E2079A069908CA198007921EE62B7853
:1050A0006C2B00D106E34A4610210A4391463AE6AA
:1050B000079A12AC08CA0CA923700023CB710133E4
:1050C000079200930293CDE6002800D01DE3C44A66
:1050D0000B924A46920600D4C1E00721079A073294
:1050E0008A43100006C8049105920790494602229F
:1050F000C90700D444E60498059904000C4300D184
:105100003EE60EA94B704B4630201343994608707B
:1051100036E601202B242B7805E6079A08CA03936C
:10512000002B00DA66E62B780792FCE501234A465D
:105130001A4391462B78F6E52B78002C00D0F2E547
:1051400001202034EFE54B466246134399462B7805
:10515000E9E52B78691C00912A2B00D100E31A00A5
:105160000025303AAA460D00092A00D9DCE555464B
:10517000AB005D190B001B786D00AD181A00303ABA
:105180000131092AF4D9AA460D00CDE5002800D046
:10519000CBE210234A461A4391464B469B0600D564
:1051A00029E74B46DB0600D43BE2079A08CA049382
:1051B000DB170593079200D42DE70499059A002484
:1051C0004B429441049305942D230CAAD371089368
:1051D00053460122013300D0DAE5012A00D12BE742
:1051E0001CAC022A00D148E107239C464B46B1463D
:1051F00000935346AA460193049A059B5D07D7087E
:105200006146D8083D430300280011402600303194
:10521000013C2A0021701843F0D104920593009AB2
:1052200037004E469146019A554692464A46D20765
:105230007CD530297AD03023013C023F23701CAB4F
:10524000DB1B02934B463C000193C4E5002800D0D1
:1052500062E2644A0B924A46920600D53DE74A460E
:10526000D20600D5B6E14A46520600D4B2E1079A0A
:1052700002CA89B2049100210792059136E7002302
:10528000079F0CAA10CFD3715346002C00D125E202
:10529000013300D1DBE152460021200004F080F808
:1052A000002800D125E2031B02930CABDB790797A2
:1052B00008934B46019300239A468CE54B463B43AB
:1052C00099462B782FE5079A494608CA049300238C
:1052D000059302331943894630210EAB19704831CA
:1052E0005970404B07920B93022249E51CAC029681
:1052F000049E059F300039000A220023C8F75CFA9B
:10530000013C303200233000390022700A2201961D
:105310000097C8F751FA009B06000F00002BE9D157
:10532000019B092BE6D804960597029E1CAB1B1B1C
:1053300002934B4601934EE5039A0099571A002FAA
:1053400000DCD0E5284A0A92102F2ADD102229001D
:10535000914642465D46A0468B46140003E0103F4E
:105360000836102F17DD214A103032604A460133CB
:10537000726011901093072BF1DD290020000FAA15
:10538000FFF704FC002800D022E1103F1198109B89
:105390001CAE102FE7DC21005A464446AB46884637
:1053A00015000A9AC01910320133326077601190EB
:1053B0001093072B00DD84E1524602990836571AF4
:1053C000002F00DC95E5084A0A92102F31DD1022EB
:1053D00091464246AA46A0465D4614000CE0C046EF
:1053E000ECD50410E0FB041060FD041070FD041007
:1053F000103F0836102F17DDD64A103032604A466B
:105400000133726011901093072BF1DD2900200009
:105410000FAAFFF7BBFB002800D0D9E0103F11987E
:10542000109B1CAE102FE7DC2200AB4644465546CD
:1054300090460A9AC0191032013332607760119099
:105440001093072B00DDCCE0083652E55946404664
:105450000FAAFFF79BFB00280AD111981CAA55E55B
:10546000594640460FAAFFF791FB002800D163E59B
:10547000D9466FE5019B9946AFE60F20049A059B3C
:10548000AC4600960B9E01001140715C1D07170988
:10549000013C3D43217019090B0029002A001943E2
:1054A000F1D1049205931CAB1B1B02934B4665463E
:1054B000009E01938FE41198109B102F00DC37E1C0
:1054C0001022A54991460A9132005E46AB464546F8
:1054D000A0460C0003E0103F0832102F16DD4946AD
:1054E000103001331460516011901093072BF2DDDE
:1054F000310028000FAAFFF749FB002800D0CDE0BB
:10550000103F1198109B1CAA102FE8DC4446A846B7
:105510005D46B34616000A9A381801333260776048
:1055200011901093072B00DDABE00836B7E4594625
:1055300040460FAAFFF72AFB002899D11198109B2B
:105540001CAEBDE4594640460FAAFFF71FFB0028DA
:105550008ED11198109B1CAEC1E4109B102C00DC66
:10556000E9E029007C4F4546102688460A9703E06B
:10557000103C0832102C15DD1030013317605660D6
:1055800011901093072BF3DD594628000FAAFFF75F
:10559000FDFA002800D06BE7103C1198109B1CAA64
:1055A000102CE9DC4146A8460D000A990019013388
:1055B00012C211901093072B00DCB0E4594640460C
:1055C0000FAAFFF7E3FA002800D051E71198A6E4EC
:1055D000A946BFE4079A02CA0491002107920591E7
:1055E00084E5594640460FAAFFF7D0FA002800D0BC
:1055F0003EE71198109B1CAE7BE400231CAC029389
:10560000FFF7E9FB079A08CAE8E4079A069908CA6F
:105610001960C91759600792FFF760FB079A08CA1B
:10562000CBE44B46079A5B0600D4BFE508CA1BB221
:105630000493DB1705930792EAE45346002B00D04E
:1056400002E502934B461CAC0193FFF7C4FB20001C
:10565000F9F754FB029028E64021F7F76FFB4B4621
:1056600018601861002800D187E040234A46536142
:10567000FFF729FB079A069908CA19600792FFF7F6
:105680002DFB594640460FAAFFF780FA002800D0AC
:10569000EEE61198109B1CAEFFF701FCB14659E4F1
:1056A0000CABDB790893C7E4019B9946012A00D033
:1056B00096E5C9E44B463B43994601352B78FFF705
:1056C00032FB594640460FAAFFF760FA002800D087
:1056D000CEE61198109B1CAEFFF705FC0293062B3B
:1056E00001D906230293029B1C4C00930797FFF7F6
:1056F000B9FB0CABDB7907970893534602934B46F3
:10570000019300239A46FFF766FB0CAAD471DEE4EE
:105710000CAAD471FFF79CFB0CAAD47199E50CABD1
:10572000DC71AAE40CABDC7161E40CABDC7130E53C
:10573000094A0A92EFE608490A9136E74946404687
:105740000FAAFFF723FAFFF705FC01235B4206933C
:10575000FFF706FC70FD041060FD0410F4FB04105C
:10576000079A08CA9A46002B02DA01235B429A463E
:105770006B780792009DFFF7D6FA0C235A46136008
:105780000D3B0693FFF7ECFB70B514004B1C1BD0D0
:1057900093892022FF259343A381236BCEB20D4032
:1057A000002B14D06368626B934208DA2368013BD4
:1057B00023601E70636801336360280070BD2100A0
:1057C000FBF7D4FD0028F1D001256D42F5E72269F1
:1057D0002368002A05D09A4203D25A1E1178A942A2
:1057E0000FD0A36323004033236303236268636302
:1057F0003F33E263E65423004233236001236360B6
:10580000DBE76368226001336360D6E710B50C0004
:10581000096B00290FD023004033994201D0F6F7DD
:10582000EDFC00232363E36B6360002B03D00020B7
:10583000A36B236010BD2369202223600023012075
:105840006360A38940421343A381F3E7F0B5574651
:10585000DE464E464546E0B585B002925A43834641
:105860000F0092460E9C0193002A37D065681600FF
:105870002168AA4225D900239846403399465346C9
:10588000A144039338002A00C9F70AF92368216B61
:105890005B1923604346B24663607F19761B00297B
:1058A00024D0494502D05846F6F7A8FC4346236366
:1058B000E36B6360002B19D0A16B1D002160B34224
:1058C000E0D332003800C9F7EBF863689B1B6360D4
:1058D00023689C46019B66449A462660504605B064
:1058E000F0BCBB46B246A946A046F0BD039B51465C
:1058F0009A4623692022236000236360A3895544CC
:105900001343681AA3810299C7F718FF8246E5E797
:10591000F0B55746DE464E464546E0B5DFB0079344
:1059200003900F000C23C95E80239B01194205D10F
:105930000B43BB81796ECA4B0B407B6613780132F7
:1059400091460F93002B01D100F0F1FD0022934608
:105950000892049205920692C24A92465246D25C3E
:10596000120729D4252B15D14B461A780023002580
:1059700098468F3349469C460F200226A9461300BD
:10598000253BDBB24D1C532B0ED8B74C9B00E35884
:105990009F46A9467B68002B4DDD3A684B46013B8C
:1059A00011781B78994235D006985FB0F0BCBB46A1
:1059B000B246A946A046F0BD3E004036B04600259E
:1059C00008245E467A680BE051463B681A788A5C88
:1059D00014421DD07A680133013A01367A603B6087
:1059E000002AF1DC396B002900D19DE3414502D04A
:1059F0000398F6F703FCFB6B3D637B60002B00D143
:105A000092E35146BB6B3B601A788A5C1442E1D149
:105A1000B34607E07B680132013B7B6001239C4673
:105A20003A60E34401224B4694461B78E1440F93CD
:105A3000002B93D1B8E7396B002900D182E23B00FB
:105A40004033994202D00398F6F7D8FB00233B631A
:105A5000FB6B7B60002B00D174E2BA6B3A609DE770
:105A600063464C4623429FD143469B0043445B0020
:105A70009A1830235B42984690444A7829007EE782
:105A8000290080234D469B001D43784B894608938F
:105A90001023032405937B68002B2BDD6B063FD579
:105AA000022C77D0032C00D19BE1012C00D156E1D0
:105AB0004446002C00D10134EB0700D5B9E3EB06D6
:105AC00000D53BE3079D230002CD012203980097F8
:105AD000FFF7BCFE002800D13CE2069B8344013363
:105AE000069307959EE729007B684D460224894668
:105AF000002BD3DC396B002900D123E23B0040337B
:105B0000994202D00398F6F779FB00233B63FB6BC5
:105B10007B60002B00D115E2BB6B3B606B06BFD4F2
:105B200051463A681378CB5C1B07B9D540239C4695
:105B3000BC4463460993230008265C469B4606E066
:105B4000514601323A601378CB5C1E421DD07B680F
:105B50000134013B7B60002BF2DC396B002900D162
:105B6000F0E1099B994202D00398F6F747FB002326
:105B70003B63FB6B7B60002B00D1E3E15146BA6BCA
:105B80003A601378CB5C1E42E1D15B46A3461C0011
:105B9000022C87D14346002B01D1013B9846EB07ED
:105BA00000D5F1E1EB0600D4F6E251463A681378ED
:105BB000CB5C1B0700D535E701323A6042467B6873
:105BC0000124013B7B60012A01D100F046FD3E002B
:105BD0004036320008254646904610E03A68514665
:105BE0001378CB5C1D4200D0B7E07B680132013BEB
:105BF00001347B603A60A64201D100F080FC002BAA
:105C0000ECDC396B002901D100F0DEFC414502D00B
:105C10000398F6F7F3FA00233B63FB6B7B60002BE2
:105C200001D100F0D1FCBA6B3A60D8E729004D46AB
:105C30008946EB0600D5F5E66B0701D500F026FC9A
:105C4000EB0701D500F077FCAB0701D400F073FC43
:105C50005946079B04CB1160C91751600793E1E6D1
:105C6000FFDFFFFF49E0041080FD0410C9FF0310AF
:105C7000290088234D4606E74B46184200D093E69C
:105C80004A786C2A01D100F023FC01210B4399468C
:105C9000290074E629001EA84D46FEF763FB402349
:105CA000814601241D43F6E6290040234D46002489
:105CB00089461D43EFE6290001234D461D43AB4BAA
:105CC00089460893082303240593E4E62900012369
:105CD0004D461D43A64B894608930A23032405938A
:105CE000D9E64B46184200D05EE633434A789946DF
:105CF000290044E69D4B290008930A234D460324BE
:105D000089460593C7E64B46184200D04CE604226C
:105D1000134399464A78290031E6954B29000893A8
:105D200000234D46032489460593B4E643464A467C
:105D30001343984600D037E610234A789946290045
:105D40001DE6079B04CB10600793069B0133069367
:105D500014ABE41A099B9C466444A34462E64346A0
:105D6000002B01D1013B9846EB0700D5DEE2EB06A4
:105D700000D484E13A681EAD1378EB5C002B00D1AF
:105D800012E601323A6042467B68013B7B60012AA1
:105D9000E3D03E0040363200464690460CE03A687A
:105DA0001378EB5C002BD8D07B680132013B0134C7
:105DB0007B603A60A642D0D0002BF0DC396B002922
:105DC00000D1C9E3414502D00398F6F717FA002342
:105DD0003B63FB6B7B60002B00D1BDE3BA6B3A6089
:105DE000DEE743460022013B1600262B03D9263B63
:105DF0001E0027239846D8231B011D43002314AC03
:105E000009932300444698463A6811780B002B3BCF
:105E1000DBB24D2B17D857489B00C3589F46059BB4
:105E20000A2B10DD544B1D404346197001239C463C
:105E3000E0447B68013B7B60002B6EDD01323A6001
:105E4000013C002CE0D14446EB0507D514AB9C4245
:105E500000D928E314AB9C4200D1A5E510231A0019
:105E60002A402B4200D073E7059B22700398002242
:105E7000089E14A9B04720232B4200D061E76B078E
:105E800000D5FEE2EB0700D55BE7AB0700D458E78F
:105E9000364B089A9A4200D1D8E30022059B03981A
:105EA00014A9FEF75DFD079B04CB03C207934CE7E3
:105EB000059B32485B001B5E05932F4B1D40B3E7EB
:105EC000C0238020DB002B4080008342BBD12C4BC1
:105ED0001D40A023DB001D4310230593A4E780236E
:105EE0002B42B0D09D439FE7059B24485B001B5E7F
:105EF0000593082B96DCA6E72B0595D5059B002B73
:105F000005D180239B001D43F93BFF3B05936B05A7
:105F100000D4A2E21B4B1D4086E7396B002900D15B
:105F200010E33B004033994202D00398F6F766F93C
:105F300000233B63FB6B7B60002B00D102E3BB6B58
:105F40003B607DE73B6920223B6000237B60BB898F
:105F50001343BB81069B002B03D0BB895B0600D497
:105F600022E501235B4206931EE5C046C9FF0310EC
:105F700055470410D0FE04107FF4FFFF0800051001
:105F8000FFFDFFFF7FFAFFFF10231A002A4009924E
:105F90000FAE2B4202D1079B40CB079352463B6882
:105FA0001B78D35C1B0761D440239C46BC446346EA
:105FB00000240A93F6F7E2FDA042CBD020203B68F4
:105FC0000CA91A7809180A5501337A683B60049BBA
:105FD000013A651C7A6012AC032B02D1129B042B90
:105FE00004D0082200212000C8F754FD2B00310006
:105FF0000398009414AA0B95F7F75AF90490421CE1
:10600000A8D0002800D07EE230600020F6F760FDC6
:10601000002818D1AB4401235B429C46E044099B15
:106020000025002B00D104367B68002B00DCABE29E
:106030003B6852461B78D35C1B0717D44346002BA2
:1060400014D02C00B6E7002D10D00CAB1F249C46BA
:106050006444B0460B9D2600039C715D3A0020000D
:10606000013DFFF791FB002DF7D14646099B002B20
:1060700000D0D7E43360069B01330693D2E4079B3C
:106080001EAD02CB0A933B6809911A78AA5C002ADC
:1060900000D189E47A684C1C013A7A605A1C3A6053
:1060A0001B780B704346012B30D040239C46BC44E8
:1060B00063468C4626000793E0440EE03B681A785E
:1060C000AA5C002A22D07A680136013A7A605A1C0A
:1060D0003A601B782370B04517D07B683400002BE2
:1060E000ECDC396B002900D141E2079B994202D0D8
:1060F0000398F6F783F800233B63FB6B7B60002B70
:1061000000D134E2BB6B3B60D9E74446099AA31A3D
:10611000944200D148E400222270069A9B440A9BD4
:106120000132069207937DE43B6920223B60002305
:106130007B60BB89B3461343BB8173E47B683868DB
:10614000A34200DB7AE24022904600250026396B0C
:10615000B84409950A94ED18E41AC3183B60002965
:1061600000D1A7E1414502D00398F6F747F8FB6B51
:106170003E637B60002B00D19CE1B86B002138604E
:106180009C42E6DC0A9A099D944665441B1B001953
:106190007B603860AB4445E45146079B40CB099394
:1061A0003B681A788A5C120700D549E27A68751C48
:1061B000013A7A605A1C3A601B782C0033704346CF
:1061C000012B00D13EE240239C46BC44634607932A
:1061D00033004646984614E03B6851461A788A5C7C
:1061E0000821114200D079E17A680134013A7A60DD
:1061F0005A1C3A601B782B7043469B19A34200D16E
:1062000078E17B682500002BE6DC396B002900D1A2
:10621000E5E1079B994202D00398F5F7EFFF0023D1
:106220003B63FB6B7B60002B00D1D8E1BB6B3B6019
:10623000D3E710231A002A400992002290462B42ED
:1062400000D119E140239C46BC4463460A9343466F
:106250000026A0461C00F6F791FCB04200D179E67A
:1062600020203B680CA91A7809188A5501337A68EE
:106270003B60049B013A751C7A6012AE032B02D17D
:10628000129B042B04D0082200213000C8F702FC26
:106290002B0021000398009614AAF7F709F8049040
:1062A000421C00D156E600281DD1099B002B00D1CD
:1062B0002360AB4401235B429C46E044099B002BD6
:1062C00000D104347B680026002B13DD4346002BED
:1062D000C1D1099B5A425341069A94469C44634655
:1062E0000693FFF79FFB049B023317D17B682E00B8
:1062F000002BB0DC396B002900D193E10A9B994255
:1063000002D00398F5F77AFF00233B63FB6B7B60B9
:10631000002B00D186E1BB6B3B60D7E7049BAB440D
:10632000032BC7D13368042BC4D1C7E710231A004D
:106330002A400D920FAE2B4200D199E04B4600252A
:10634000C14698460996F6F719FCA84200D101E625
:1063500020203B680CA91A7809184A5501337A683D
:106360003B60049B013A6C1C7A6010AD032B02D198
:10637000109B042B04D0082200212800C8F78AFBB8
:10638000099E230031000398009514AA0A94F6F799
:106390008FFF0490421C00D1DCE5002839D1306029
:1063A0000B9012AB0822002118001E00C8F772FBE8
:1063B000E023B74A0398D2580EA90C9233000B9AE7
:1063C0000C9EB0470023012801D10CAB1B7A1EAAFA
:1063D000D35C002B00D10EE1049BA344032B38D0E7
:1063E00001235B429C46E1440D9B002B02D1099B9B
:1063F000043309937B680025002B13DD4B46002BEB
:10640000A1D1C146099E0D9B002B01D0FFF70AFBCD
:1064100030E6049B023300D030E17B68002B02DDC4
:10642000250090E70024396B002900D1BEE03B0035
:106430004033994202D00398F5F7E0FE00233B6316
:10644000FB6B7B60002B00D1B0E0BB6B25003B6099
:10645000D4E72B68042BC3D1C6E78E4B1D40331EF7
:1064600002D0013B1E000134099B01330993E0E493
:10647000079B40CB079361E7079B04CB90460793AC
:10648000E0E6079B04CB108007935EE45946079B28
:1064900004CB11800793FFF7C5FA29004D460EE49F
:1064A00029004D4616E4013C3A0021780398FFF795
:1064B0006BF9CFE43B6920223B6000237B60BB8902
:1064C0001343BB81002D00D144E5AB44FFF7AAFA8A
:1064D00033438A7899460231FFF751FA4646A41BA6
:1064E000A34400232B70069B01330693099B07935B
:1064F000FFF798FA4646A61B2500B344F1E7B046DD
:10650000C344FFF78FFA049B023300D18CE5306857
:10651000F6F7DEFA002800D095E5049BAB44032B88
:1065200000D078E52368042B00D074E577E50023DC
:106530000693FFF739FA5946079B04CB116007937E
:10654000FFF770FA3B6920223B6000237B60BB8928
:1065500044461343BB8177E43B6920223B60002320
:106560007B60BB89A3441343BB81FFF75BFA3B69A4
:1065700020223B6000237B60BB891343BB81099BC6
:10658000B34200D0C2E5E5E4396B00296AD00A9B2A
:10659000994202D00398F5F731FE00233B63FB6B71
:1065A0007B60002B5ED0BB6B3B6042E53B692022E9
:1065B0003B6000237B60BB89C1461343099EBB81BE
:1065C000002C00D11FE7C5E43B6920223B6000237B
:1065D0007B60BB89A3441343BB81FFF723FA3B696C
:1065E00046463B60002320227B60BB89A41B1343EB
:1065F000BB81A34475E7C146099E002C00D102E788
:106600000CAB1F249C466444B0460A9D2600039CA4
:10661000715D3A002000013DFFF7B6F8002DF7D17B
:106620004646F0E63B6920223B6000237B60BB8945
:106630001343BB81002E00D14BE68BE42500A5E57A
:1066400035004EE701239C46E3444AE70022059BC0
:10665000039814A9FEF77EFA25E401239C46E3443F
:10666000FFF7E0F93B6920223B6000237B60BB8998
:106670001343BB81002D00D06CE4F7E4099B1B6839
:106680000B93013300D08CE601235B429FE6C046AA
:10669000702600207FFCFFFF08B4802330B59B05E7
:1066A000050014009CB09A422AD282236A469B00BD
:1066B000938202910691002C16D0631E9B000493D6
:1066C000079301235B42D38202A920AB1F9A019357
:1066D00000F018FA0022029B1A60A04210D21CB0EF
:1066E00030BC08BC01B0184701236A465B42D38224
:1066F00002A920AB1F9A04940794019300F002FAB8
:106700008B2301202B604042E9E7C0460CB41D4BAF
:1067100030B51D6880230C009DB09B0599422CD29A
:1067200082236A469B00938202900690002917D02C
:106730004B1E9B000493079301235B42D3822800E6
:1067400021AB209A02A9019300F0DCF90022029B00
:106750001A60A04211D21DB030BC08BC02B018476C
:1067600001236A465B42D3820491079121AB280042
:10677000209A02A9019300F0C5F98B2301202B6018
:106780004042E8E740220020F0B54546DE46574645
:106790004E46E0B583B00500FCF7B8FF5B4B804682
:1067A0009D4200DCA1E06421594B4560EB18DE00FE
:1067B000F618F600F618B300F618564B4942E818DA
:1067C000554B80103618E818C6F790FFC821534B78
:1067D00036184900E818C6F789FF642136182800E2
:1067E000C6F784FF0091C82128004900C6F77EFF44
:1067F000582343449B460B0003205A425A412840E9
:106800004446894682465D4653009B181B01083466
:10681000019323784A2B2AD0442B3BD1E368F1180B
:1068200022694B00944659180B01591A0B01226A30
:106830005B1ADB01634494466344A361DB17E361A5
:106840002834A542E5D14346DA6C5B6A01219A42BD
:1068500009DD43460120196003B0F0BCBB46B246D7
:10686000A946A046F0BD9A4247D00021F1E7524622
:10687000E3689919002A07D1009A002A04D03B2B1B
:1068800000DD01310139CBE74A46002AFAD13B2B22
:10689000F8DDF6E7524601990B00002A27D0204A7E
:1068A000934662689B44012A2EDD5B4637009200C6
:1068B000043A9A1802CB7F189A42FBD193460721DB
:1068C000381DC6F713FFE3685B1A00D50733A268CB
:1068D000511ECA00511AC9185B461B68994202DB57
:1068E00007399942FCDA79189AE70020B4E7009A50
:1068F0003023002AD3D10B00D1E743469A6C1B6AA0
:106900009A42A6D80021A4E73700D8E7B1070000D3
:106910004EF8FFFF4FF8FFFF93F8FFFFBFF9FFFFAF
:106920002C000510002310B502E00433002A05D026
:10693000C258CC58A242F8D0101B10BD0020FCE772
:1069400000230A6830B50360002A0BD003001C0046
:10695000043122600A6804331D00002AF7D10023A5
:106960002B6030BD0500FAE7F0B50600002A15D00F
:10697000541E012A1BD000230F1D043003E0013CEC
:106980000433002C17D0C518AC46CD58FA18F55072
:10699000002DF4D1501A80100138F0BD0A00130008
:1069A00004331C1F24681A00002CF9D1F2E70A00F6
:1069B00000233360F3E76646FAE7C0467047C046F7
:1069C0007047C046F0B557469A464E46DE464546A5
:1069D00093465246E0B589B0199B129E9946179F7F
:1069E0000023189D002A04DA8021090651448A46B2
:1069F0002D23149A1360169B662B1DD0462B1BD09B
:106A00002023169A9A43452A50D007AB049306AB2D
:106A10000393159B5A460293022301960093534613
:106A200001F084FC169B0400672B4ED1139BA61922
:106A3000DB0717D4079B1FE007AB049306AB039358
:106A4000159B5A460293032301960093534601F087
:106A50006DFC0400831998462378302B45D0159B94
:106A60001E6846440022002358465146C7F714F9D1
:106A700000282FD0330007961B1B3B60002B0DDD39
:106A80004B46002B0ADD002301E0994506D0E15C6E
:106A90009A00A9503A6801339A42F6DC280009B0FE
:106AA000F0BCBB46B246A946A046F0BD07AB049376
:106AB00006AB0393159B0136029302235A460093BB
:106AC0000196534601F032FC0400169B472BADD0D3
:106AD000A619C7E7079B9E42CED930215A1C0792C0
:106AE0001970079BB342F9D3C6E70022002358462A
:106AF0005146C7F7D1F80028B1D101239E1B159B41
:106B00001E60AEE7F0B5DE4657464E464546E0B558
:106B1000EBB0129300230C001E93824691460C9119
:106B2000FCF75CFE03681B781B93A3891B0605D545
:106B300023690893002B01D100F044FF32AB21936D
:106B400000234F46D146239322931793169332ADD9
:106B5000189319930B933B68002B50D03C0003E033
:106B600063680434002B46D0252BF9D1BC4213D0E6
:106B7000E31B9E10239A6B60944663442393229BED
:106B80002F60089301332293072B4CDC08350B9BB5
:106B90009C46B44463460B932368002B2FD00023FC
:106BA0001A93636800229B4601235B420A930023E9
:106BB0009A460D9310330021202098465E46271DEB
:106BC00004373300203B582B36D8DA4C9B00E3586F
:106BD0009F46002901D000F0AFFE310001223E683F
:106BE000EEE70D9C129364420D94544604231C431B
:106BF000A2463E68E4E7E31B9E10A742BAD1239B5E
:106C00000893002B01D001F05FF90C9B9B895B0678
:106C100001D501F087FA0B986BB0F0BCBB46B246C9
:106C2000A946A046F0BD48460C9921AAFDF7AEFF43
:106C30000028EAD132ADAAE7B346002A01D001F01C
:106C400040F95B46002BDAD0429300231A930133BC
:106C500008930E9342AB98465346099300230F9333
:106C60000A931593099A02231100194013911342B4
:106C700002D0089B02330893099A8423110019401B
:106C80008A46134204D10D9B089A9E1A002E75DC89
:106C9000239C1A9B002B0ED01AAB2B6004236B6035
:106CA000229B04341493013323942293072B01DD98
:106CB00000F03CFC0835139B002B0ED01FAB2B6063
:106CC00008236B60229B083413930133239422938F
:106CD000072B01DD00F035FC08355346802B00D131
:106CE0009CE30A9B0E9A9E1A002E00DDDAE3099BB4
:106CF000DB0500D5C7E243462B600E9B9800229B24
:106D000024180A930133686023942293072B00DD33
:106D1000B7E00835099B5B0706D50D9B089A9E1ABC
:106D2000002E01DD00F018FC0D9B089A934200DA5A
:106D300013000B9A94469C4463460B93002C00D09E
:106D4000E9E3002322930F9B002B03D048460F99C1
:106D5000F5F754FA32ADFEE6002394461A0093008C
:106D60009B185B00303B9A193B001E6804373300C8
:106D7000303B092BF3D90D92624622E7239A229BDE
:106D8000102E01DC01F077F9BC466B4829004F4614
:106D900040240500E146149003E0103E0831102E17
:106DA00016DD403201330D604C6023922293072B95
:106DB000F3DD38000C9921AAFDF7E8FE002801D088
:106DC00000F0FEFC103E239A229B32A9102EE8DC34
:106DD0000D004946B9460F00B40014996C600133A8
:106DE000A418296023942293072B01DD00F076FE7E
:106DF00008354EE71E9B012B01DC00F087FC434663
:106E00002B6004236B60229B04345E1C23940A9342
:106E10002296072E01DD00F0ECFC08351BAB2B6041
:106E20000423043401366B6023942296072E01DD7F
:106E300000F0ECFC08350022002317981699C6F7DD
:106E40002BFF002801D000F081FC40461E9B04303F
:106E50002860013B9B00E41801366B602394229666
:106E6000072E01DD00F065FC083524AB2B60199B73
:106E700001369B001C196B6023942296072E00DCC0
:106E800047E748460C9921AAFDF780FE002800D06C
:106E90004AE3239C32AD3DE7B346002A01D001F01E
:106EA0000DF80723129C012207349C4301339C46B2
:106EB000A444634612932368524217936368179E53
:106EC0001693169B30005C006408089321001B4B4E
:106ED000C6F705FF002801D000F0EDFC01223000CC
:106EE0002100164B5242C6F7E5FE002801D000F003
:106EF000E2FC0022002330000899C6F7D5FE0028E6
:106F000001D000F0A7FE1A9B13935B46472B01D8D4
:106F100000F05FFE0A4B9846802352469A437D3B21
:106F2000089300230F9303330E93002309920A93CF
:106F3000159350E078010510DC020510FFFFEF7F8C
:106F40009C000510B346002A01D000F0B4FF534660
:106F50009B0601D500F092FC5346DB0601D400F0FD
:106F60002BFE129C04CC1092D21711921294002A7C
:106F700001DA00F094FC0A9B013301D100F038FEE5
:106F80001A9B5246139380239A430992109A119B9D
:106F90001100194301D100F021FC099B9A46109B76
:106FA000119C002C01D000F04FFD092B01D900F0FD
:106FB0004BFD109B303369935346099301230E9385
:106FC00069AB98460E9B0A9A0893934200DA08929E
:106FD00000230F931593139B002B00D142E6089BCF
:106FE000013308933EE65346402423439A463E68C5
:106FF000E6E53B0040CB9B462A2E01D101F097F8F5
:107000003700303F9C460023092F01D901F00AF8D0
:1070100067468B4694461A0093009B185B00303BF2
:107020009A193B001E68391D3300303B0F00092BB5
:10703000F2D9131E594662460A9300DBC1E50123CB
:107040005B420A93BDE5129B10CB0D94002C00DA35
:10705000C7E53E681293B3E5544601231C43A2469C
:107060003E68ADE5544680231C43A2463E68A7E532
:10707000B346002A01D000F003FF5346129CDB0602
:1070800001D400F0C5FF08CC42931294002343932F
:10709000DCE5B346002A01D000F0F5FEDB4B189387
:1070A00053469B0600D492E00723129C07349C436E
:1070B000220018CA10931194129252460223D2074A
:1070C00006D51099119A0800104301D000F02BFC4E
:1070D00000221A9213920A98421C00D139E18022B0
:1070E0005146914309911099119A0C00144300D014
:1070F0002DE1002801D000F070FD002B00D071E3DD
:10710000524601331A400E926AAA904652461342E2
:1071100000D157E72F33699369AB984652E7129C29
:10712000524608CC10930023119302331A4392461F
:1071300078222E331F9348332093B54B93461893F0
:1071400012940223C4E75346B3469B0600D58AE354
:107150005346DB0601D400F021FD129C08CC1093AD
:10716000002312941193B3E7002A01D000F08EFEA1
:1071700053469B0600D56DE35346DB0601D500F070
:107180005CFC53465B0601D400F057FC129C0B9A42
:1071900008CC1A801294DEE43E6853466C2E01D16E
:1071A00000F0C6FC444623439A4609E554460823AA
:1071B0001C43A2463E6803E5B346002A01D000F016
:1071C00077FE934B189353469B0600D56CE75346C6
:1071D000DB0600D427E3129C08CC10930023129402
:1071E00011936AE75346B3469B0600D527E35346FF
:1071F000DB0601D400F0C8FC129C08CC10930023DD
:1072000012941193013363E7129CB34608CC98465D
:1072100000231A934346002B01D100F08FFC10236A
:1072200052461A4015925246134200D190E30A9AF0
:10723000531C01D100F013FD00214046FBF76CFA0E
:107240000F90002801D100F01AFF42460F9B981AB8
:107250000A9A83100E93934201DD00F046FE1A9BBA
:107260000E9A1393D343DB171A4053460993002316
:10727000089212940F930A931593ACE65346034376
:107280009A463E689CE45B46652B00D8B2E5002236
:10729000002317981699C6F7FFFC002800D1ABE130
:1072A0005C4B04342B6004236B60229B23940A9371
:1072B00001332293072B01DD00F02EFC08351E9EC2
:1072C0001D9BB34203DB099BDB0700D422E51BAB0C
:1072D0002B6004236B60229B04340A9301332394B4
:1072E0002293072B01DD00F042FC0835013E002E01
:1072F00000DC0FE5484A229B1492102E01DC00F0BE
:10730000FCFB944640214022614490468A4622007C
:107310004C46B9460C9F04E00835103E102E00DCA8
:10732000E8E35146296041464032013369602392C7
:107330002293072BF0DD3900200021AAFDF726FC5F
:10734000002800D04CE1239A229B32ADE5E7099A50
:107350009246012B00D122E6022B33D06AAB98462D
:10736000072653464146BA46A8460893109A119BF1
:107370005F07D5083000DC082F4323003C00104095
:107380008C46303004393A0008601C43F0D110922A
:107390001193089A45465746884664469246D20756
:1073A0002CD530282AD0080030230438083C03604C
:1073B0006AAB181B83100E935346A046099301E64F
:1073C000099B9A46109811996AAB0F221C00AC4693
:1073D000B846189E130003409B009B590F070509F0
:1073E000043C2F4323600B0919003B0038000B437A
:1073F000F0D16546109011914746A04642466AABCF
:10740000981A83100E9353460993DBE5100105107B
:10741000CC00051070010510DC0205100D9B089AC8
:107420009E1A002E00DC5CE4D64A229B1492102E99
:1074300025DD4022210092464C462A000C9D03E0A7
:10744000103E0832102E17DDCF48403110605046F4
:107450000133506023912293072BF1DD2900200096
:1074600021AAFDF793FB002800D0B9E0103E239934
:10747000229B32AA102EE7DCA14615000C00149ABC
:10748000B6004032A41901332A606E60239422931F
:10749000072B00DD5FE30A9B0E9A08359E1A002E2B
:1074A00000DC24E4B74A229B1492102E24DD4022F3
:1074B000210092464C462A000C9D03E0103E083203
:1074C000102E16DDB0484031106050460133506038
:1074D00023912293072BF1DD2900200021AAFDF73B
:1074E00055FB00287CD1103E2399229B32AA102EF6
:1074F000E8DCA14615000C00149AB6004032A4192D
:1075000001332A606E6023942293072B00DD59E13A
:107510000835FFF7ECFB48460C9921AAFDF736FB2E
:10752000002801D1FFF70DFCCA465AE048460C99E5
:1075300021AAFDF72BFB0028F6D1239C32ADFFF7E3
:10754000BAFB48460C9921AAFDF720FB0028EBD195
:10755000239C32ADFFF7C1FB229B102E01DC00F013
:10756000A5FD402287490C989046BA4622004F4616
:107570000C008146149103E0103E0835102E16DDF4
:107580004146403201332C60696023922293072BDD
:10759000F2DD4946380021AAFDF7F8FA002800D0AC
:1075A0000EE1103E239A229B32AD102EE8DCB94644
:1075B00014005746B600149AA41901332A606E606D
:1075C00023942293072B01DCFFF7AEFB48460C996E
:1075D00021AAFDF7DBFA0028A6D1239CFFF7A4FB24
:1075E000A2460F9B002B01D1FFF70FFB190050465D
:1075F000F4F704FEFFF709FB1D98002800DC44E2C5
:107600001E9B9E00159BB6109E4200DD97E1002E4A
:107610000EDD43462B60B300E4186B60229B23947D
:107620000A9301332293072B01DD00F0E4FC0835B7
:10763000F343DB171E40159B9E1B002E00DDD0E19F
:10764000159B1D9E1E9A9B009A46964200DB7AE18E
:107650001BAB2B6004236B60229B04340A93013321
:1076600023942293072B01DD00F013FC08355146CB
:1076700093005B1A921B16009B109A4200DD1E00BD
:10768000002E0FDD4046B300E4186B60229B50448F
:107690000A930133286023942293072B01DD00F025
:1076A000D5FC0835F343DB171E40961B002E01DC8A
:1076B000FFF730FB334A229B1492102E00DC1CE2B1
:1076C000944640214022614490468A4622004C461E
:1076D000B9460C9F04E00835103E102E00DC09E28C
:1076E000514629604146403201336960239222931A
:1076F000072BF0DD3900200021AAFDF747FA00280A
:1077000000D06DE7239A229B32ADE5E7099BDB07AA
:1077100001D5FFF774FB43462B6004236B60229B6B
:1077200004345E1C23940A932296072E01DCFFF793
:107730009BFB48460C9921AAFDF728FA002800D0A7
:10774000F2E6239C229E32ADFFF78FFB1E9B013B8E
:107750009846002B01DCFFF788FB102B01DC00F0C2
:107760000AFD084B40229C461493402362449346F2
:107770000C9A9A462300444690463A004F4691465A
:1077800009E0C046DC0205101C0305100835103C5A
:10779000102C00DC53E25A462A6052464033013630
:1077A0006A6023932296072EF0DD4146380021AA15
:1077B000FDF7ECF9002803D1239B229E32ADE6E7CA
:1077C000BA460EE748460C9921AAFDF7DFF90028D2
:1077D00000D0A9E6239C32ADFFF789FA0A9B002B63
:1077E00000D0EDE300230A930E936AAB9846FFF7AF
:1077F000E9FB48460C9921AAFDF7C8F9002800D0FA
:1078000092E6239C229E32ADFFF708FB48460C9976
:1078100021AAFDF7BBF9002800D085E6239C229E13
:1078200032ADFFF708FB5346129C5B0600D4D3E44D
:1078300008CC9BB210930023129411933DE40723CC
:10784000129C07349C43220018CA10931194129280
:1078500001233DE4129C0B9A08CC1A60D2175A609F
:107860001294FFF778F90723129C07349C432200F7
:1078700018CA109311941292002329E40723129C32
:1078800007349C4301339C46A444634662681293C8
:10789000236811921093002A01DBFFF76CFB10990B
:1078A000119A00244B429441109311942D231A9362
:1078B00013932C3B0FE4179E169C320023003000DC
:1078C0002100C6F70CFA002801D000F01FFC0A9B2B
:1078D000013300D17CE220235A469A43472A00D143
:1078E000D7E1802352465B001A43D83B079342AB53
:1078F00006935B4604931CAB0E9302930A9B1EAC4B
:107900001DAE0992019200934846169B179A059462
:107910000396FFF757F842AB8046984200D14BE3FD
:1079200000230F937EE230221F925A462092524645
:107930001A439246FFF7CCFB3E68FFF741F91E1E43
:1079400000DD66E674E6099BDB0700D48FE67FE680
:107950000A9E731C00D189E332000021404601F0E9
:107960001FFD002801D04346C61A272E00D993E3F5
:107970000023002E00D1F7E30F9342A8A446002372
:1079800004004046C15C9A000133A1509E42F9D8E0
:10799000200001226446002E00D0A2E201230E92B4
:1079A000002E00D09FE280469B00C3180892002260
:1079B0001A601A9B1294139300230A935346099357
:1079C000FFF709FB40215046F5F7B8F90C9B18600A
:1079D0001861002800D1EAE340230C9A5361FFF7B5
:1079E000ADF8E54A229B1492102E00DC43E1944648
:1079F0004021402261448B46924621002A004C4699
:107A00000C9D04E00832103E102E00DC30E1584698
:107A10001060504640310133506023912293072B70
:107A2000F0DD2900200021AAFDF7B0F8002800D0E1
:107A3000D6E52399229B32AAE5E7129C0B9A08CC43
:107A40001A601294FFF787F86AAB1C00B846109EC4
:107A5000119F300039000A220023C5F7ADFE043C17
:107A6000303200233000390022600A22099608973C
:107A7000C5F7A2FE089B06000F00002BE9D1099B69
:107A8000092BE6D810961197B6E4BC4B04342B6052
:107A900004236B60229B23940A9301332293072BC8
:107AA00000DDE0E10835002800D0A5E00123099AB7
:107AB0001E981340034301D1FFF72CF91BAB2B6039
:107AC00004236B60229B211D0A930133239122938F
:107AD000072B00DD32E22A000832A0E048460C996C
:107AE00021AAFDF753F8002800D01DE5239C32ADF4
:107AF000FFF7CFF84F46A1461400149AB600403263
:107B0000A41901332A606E6023942293072B01DCB1
:107B1000FFF7FFF8FFF7B5F948460C9921AAFDF7E2
:107B200035F8002800D0FFE4239C32ADFFF7C7FBF7
:107B300003437E689A460437FFF742F80A9B0E9388
:107B4000062B01D906230E930E9B129408938C4B9F
:107B50009846FFF781F848460C9921AAFDF716F8D8
:107B6000002800D0E0E4239C32ADFFF7BAF8484685
:107B70000C9921AAFDF70AF8002800D0D4E41E9E33
:107B8000239C32ADFFF7B2FB5346129C5B0601D437
:107B9000FFF733FB08CC9BB2FFF730FB5346129C38
:107BA0005B0601D4FFF7DAFA08CC9BB210930023EE
:107BB00012941193FFF78CFA5346129C04CC5B0687
:107BC00000D488E112B21092D21711921294FFF7EA
:107BD000CEF96C4B9846FFF79FF9012B00D1EFE1EE
:107BE000022B01D1FFF7ECFB099B9A46FFF7B6FB8E
:107BF0001A9B1393FFF7D3F91BAB2B6004236B6025
:107C0000229B211D0A93013323912293072B00DD30
:107C100094E12A000832002800DA69E11E984446FF
:107C20001460840054600133641823942293072B5A
:107C300001DDFFF726F908321500FFF76BF8A046C3
:107C40001C004B46B9461F00149B40332B60434633
:107C5000FFF700F92D231A931393FFF756F94046C7
:107C6000FAF7AEFB1A9B02000E901393FFF7FAFA95
:107C7000A14615000C00149AB6004032A419013335
:107C80002A606E6023942293072B00DD87E108357C
:107C9000D6E40A9B002B01D101330A93802352467C
:107CA00059465B001A430992D83B01920A9A0793FE
:107CB000049142AB1CA91EAC1DAE08930693009222
:107CC000169B4846179A0594039602910E91FEF76B
:107CD00079FE089B8046984200D13FE100230F9334
:107CE0001D9B1593DA1C03DB0A9A934200DC71E1B9
:107CF00002235B429C46E3445B46159A2493541E40
:107D00002B231D94002C02DA01240233A41A25939C
:107D1000092C00DCCEE15346AA4632AE08930A97FE
:107D200020000A21C5F7E2FC37003031043E200074
:107D300031600A21C5F7DAFC25000400632DEFDC71
:107D40003A00089B55469A4613003034083B32A946
:107D500008971C600A9F994200D825E212AB9C4606
:107D600087266644B61A0422B608731C9C46002176
:107D7000524224AB0CE0C046DC0205107001051035
:107D8000540105108C00051008998C58010004322C
:107D90009818C460481C8E42F6D1624626A98C46CB
:107DA00092006244D31A9B101993199A1E9B944611
:107DB0009C4462460E92012B00DC82E10E9A013255
:107DC000D343DB170E921A4000230892159340E02C
:107DD000802352465B001A43D83B5946079342AB77
:107DE00008930693062304911EAC1CA91DAE0992AC
:107DF000019200934846169B179A059403960291A8
:107E00000E91FEF7DFFD089B8046984200D1A3E06B
:107E100006230A9300230F9320235A469A43472AA6
:107E200000D15DE75B46662B00D0C7E11D9A0123B8
:107E30001592002A00DC87E151460B400A9908920E
:107E40000B430E9205D001310B00944663440E9310
:107E500008931C9B002B00D1B6E02D231A9300231E
:107E60000A93FFF7BCF848460C9921AAFCF78EFE4E
:107E7000002801D0FFF758FB1D98239C32AD12E675
:107E80001A91FFF7FAF81A91FFF708F91A91FFF71C
:107E90006FF948460C9921AAFCF778FE002801D01A
:107EA000FFF742FB1E9A1D9E239C32ADFFF7DFFBBE
:107EB0001A91FFF786F91A91FFF749F81A91FEF720
:107EC000F0FF1A91FEF7BDFE48460C9921AAFCF777
:107ED0005DFEFEF79AFE1092D21711921294FFF7F0
:107EE00046F832005AE533005DE50E92FFF7B7F928
:107EF0004642103000DB64E1B748BA461490403087
:107F00003700050040244E4604E00832103F102F91
:107F100000DCEBE040310133156054602391229383
:107F2000072BF2DD30000C9921AAFCF72FFE002868
:107F300000D016E12399229B32AAE7E748460C9924
:107F400021AAFCF723FE002801D0FFF7EDFA1D98C7
:107F50002399229B32AA5EE606230A931E992829BA
:107F600000DCBBE048468900F4F7E8FE0F900028EB
:107F700000D129E11E9B484607930F9B179A069351
:107F80005B4604930E9B05940293099B0396019311
:107F90000A9B0093169BFEF715FD80463CE748467A
:107FA0000C9921AAFCF7F2FD002801D0FFF7BCFADA
:107FB000239C32ADFFF744FB1E992829D2DCAFE4A5
:107FC000099B9A46FEF7F5FF1A9B139300230A9329
:107FD000FFF701F81E9B159A9A4227DB5346DB07F1
:107FE00000D580E0D3431100DB17194067230891C7
:107FF0009B460E922DE748460C9921AAFCF7C6FD38
:10800000002801D0FFF790FA239C32ADFFF710FB58
:1080100001CCF3F705FD431C00D1D5E0429012944A
:10802000FFF734F85F460A93FEF7CBFD159A01205F
:10803000002A08DD1A18D343DB170E921A40672373
:1080400008929B4605E70130801AF3E748460C99F1
:1080500021AAFCF79BFD002801D0FFF765FA1E9BC3
:108060001D9A239C9A1A32ADFFF71CFB4046F6F787
:1080700045FE060079E458491491FEF7ADFE1A9BBF
:10808000129413930A9B08930E935346099300236B
:108090000A931593FEF79FFF711C48468900F4F779
:1080A0004DFE002800D18FE00F9067E44A4A1492F9
:1080B000FFF780FA3023303426932C3B2794199312
:1080C00073E6012351461940159151460B4200D0E9
:1080D00074E6D343DB171A400892BAE600230F93E5
:1080E000089B984698E6159B5A1CA4E7B1463E00AB
:1080F00057461498B6004030891901331060566015
:1081000023912293072B39DC083287E5169B002B3D
:1081100046DB1A9B13935B46472B3DD92F4B984662
:10812000FEF7FAFE01235B420B93FEF774FD129BF0
:1081300010CB0A94002C02DA012464420A947E686F
:1081400012935F46FEF73CFD524613400A9A1343D2
:1081500003D1012308930E937BE602320E9208921C
:1081600077E6B246FFF73DFA002208930E9342AB42
:1081700098460F921BE4184B149365E548460C99FA
:1081800021AAFCF703FD002801D0FFF7CDF91E98C6
:108190002399229B32AA42E5114B9846FEF7BCFE7A
:1081A0002D231A931393B6E702231993FDE50C23AD
:1081B000524613600D3B0B93FEF72DFD1D9B15934F
:1081C0009AE50548149094E740230C998A89134353
:1081D0008B81FEF71AFDC046DC020510BC000510BD
:1081E000AC000510F0B54546DE4657464E46E0B5B4
:1081F00003690D6985B080460A000191AB4200DA3F
:1082000091E0142141448C46013D1432AB00D61854
:10821000634403931B6800919A46336850465F1C81
:1082200039000292C5F78AFA0400BA453CD300230C
:10823000002118008C46A946009F029A08CA19041A
:10824000090C61431B0C634309180D0C5D193B6855
:1082500009041B041B0C6344090C591A3B68280CC5
:108260002D042D0C1B0C5B1B0D145B1909041D1434
:10827000090C1B040B43AC4608C79642DED2039B95
:108280004D461A680392002A0ED1009A043B93428D
:1082900008D9009A03E0043B013D934202D91968D2
:1082A0000029F8D043461D6140460199FBF7D6FDF1
:1082B000002830DB002301341F00A44600990298F7
:1082C0000B6810C81A04120CD7192204120CBA1A1F
:1082D0001B0C270CDB1B1714DB1912041F14120CC8
:1082E0001B04134308C18642EAD2009A64469446AE
:1082F000AB006344196800290DD1043B934208D9AF
:10830000009A03E0043B013D934202D91968002919
:10831000F8D043461D61200005B0F0BCBB46B24614
:10832000A946A046F0BD0020F6E7C046F0B5574686
:108330004E464546DE461400E0B51D00016C9BB07C
:10834000824604940595279E002909D00123426C9A
:1083500093404A608B60FBF795FA00235246136402
:108360002F1E00DA6BE100233A003360CE4B1A4037
:108370009A4200D16EE1049A059B10001900002278
:1083800000230A900B91C5F787FC002812D0012327
:10839000269A1360289B002B00D1B5E2C3481860D1
:1083A000431E039303981BB0F0BCBB46B246A946DC
:1083B000A046F0BD18AB019319AB009350460A9A42
:1083C0000B9BFBF7B3FE3E0D834600D054E1189B98
:1083D000199E9846B64B4644F318202B00DC96E3D2
:1083E00040223800D31A9840B24BF218D4402043B0
:1083F000C5F784FC0123B04C013E09190F930022FC
:10840000AE4BC5F7D6FBAE4AAE4BC5F702FCAE4A43
:10841000AE4BC5F7D7FB040030000D00C5F772FC6A
:10842000AB4AAC4BC5F7F5FB02000B00200029005E
:10843000C5F7C8FB04000D00C5F77CFC002207004F
:108440000690002320002900C5F72EFC00280AD042
:108450003800C5F757FC2B002200C5F71DFC43422E
:1084600058413B1A0693069C162C00D928E20A981C
:108470000B99994BE2009B181A685B68C5F714FCCE
:10848000002800D1F7E100230E9343469E1B0023F2
:108490000C933300013C0694013B089300D51AE28B
:1084A000069B002B00DBF0E1069B0C9A0993D21A85
:1084B0000C925A4200230693249B91460124092BD7
:1084C00000D9EFE1052B02DD0024043B2493249B1B
:1084D000042B01D100F05BFC052B01D100F0F2FB75
:1084E000022B00D0FDE100230D93259B002B01DC26
:1084F00000F0F5FB1D0014930793002352465364CC
:10850000172D01DC00F0D4FE012204335B001800BB
:10851000143011000132A842F8D95346596450462C
:10852000FBF788F90390002801D100F0AFFE534615
:10853000039A1A64079B0E2B00D9E5E0002C00D1AA
:10854000E2E00998002801DC00F00BFD0F21020099
:10855000614B0A40D2009B1806111C685D68C30578
:1085600001D500F006FC0A9A0B9B1092119302238E
:108570009846002E11D0594F0123334209D09C4612
:108580003A687B6820002900E044C5F742FB0400FC
:108590000D0076100837002EEED1109811992200A8
:1085A0002B00C5F718FB06000F000E9B002B09D00F
:1085B0000022300039004A4BC5F776FB002801D075
:1085C00000F0FDFB4046C5F79DFB32003B00C5F7C0
:1085D00020FB0022434BC5F7F5FA434A0B009446B3
:1085E0006344129013911393099B1593079B109367
:1085F000002B01D000F00AFC0022300039003B4B78
:10860000C5F7D7FA129E139F32003B0004000D00FD
:10861000C5F760FB002801D000F0E0FD80200006D7
:108620008446390061440B00320020002900C5F760
:108630003BFB002868D00023002799468DE00123EA
:108640006F007F083A003360174B05971A409A4233
:1086500000D090E6269A264B13603A03120B14437F
:108660001AD1289B002B01D100F01EFE214B039351
:108670000833289A136095E60A9B0B9C184A180049
:1086800023031B0B1A431C4B11009C46189B66448A
:10869000984600230F93B2E6289B002B00D00DE3F1
:1086A000164B03937EE6C0460000F07F0D9A04103F
:1086B0003204000012040000000010FE0000F83F29
:1086C00061436F63A787D23FB3C8608B288AC63FD8
:1086D000FB799F501344D33F18FB0410F0FA0410A9
:1086E0000000F03F00001C400000C0FC00001440EF
:1086F0000F2700006003051001FCFFFF5C0305105D
:10870000179B9946169B9B46199B002B00DA8BE022
:10871000099A0E2A00DD87E0DC4BD2009B181E6808
:108720005F68259B002B1CDA079B002B19DC079B3D
:10873000002B00D07FE700223900D54B3000C5F771
:1087400068FA0B0002000A980B99C5F7B3FA0023E8
:1087500000279946002800D1DCE2259B039DDC43DD
:10876000E0E232000A9C0B9D3B0020002900C5F787
:1087700032FAC5F7DFFA8146C5F7C4FA32003B008A
:10878000C5F747FA02000B0020002900C5F711FACF
:10879000039A531C98464B4630331370079B012BAA
:1087A00001D100F04CFC013A012304925246C2462A
:1087B0000692984624E001239C4632003B002000AC
:1087C0002900E044C5F707FAC5F7B4FA8146C5F7B2
:1087D00099FA32003B00C5F71CFA02000B0020009A
:1087E0002900C5F7E6F901239C464B464446049A06
:1087F00030331355079BE244984501D100F01CFC2F
:108800000022A44BC5F705FA0022002304000D0046
:10881000C5F742FA0028CED0069BD0469A46099B5F
:1088200044460133099356E10D9A002A6FD0249AE9
:10883000012A00DCAFE2079B5D1E4B46A94500DB29
:1088400095E2069AEB1A94469C446346A946002595
:1088500006930C99079BCC1A002B06DB9C460898C4
:108860000C006044614408900C9101215046FBF7D4
:1088700009F907004EE043469E1B3300013B089375
:1088800000D56BE300230E930C93069A089B944645
:108890006344089300239946249B01240992092BE1
:1088A00000D80FE6012200230D92023A249307928A
:1088B0002593002352465364079B002114932EE610
:1088C00001230E9343469E1B00230C933300013B70
:1088D000089300D4E4E501239B1B0C930023089329
:1088E000DEE500230D93249B032B01D000F0B8FCA0
:1088F000099A259B94466344149301331D1E0793E4
:1089000000DDFAE50125F8E5634B03934AE54D46A2
:1089100000270C9C002C0DDD089A002A0ADD23009C
:10892000944200DD0AE20C9AE41AD21A0C92089AD8
:10893000D31A08934B46002B1BD00D9B002B00D164
:10894000B5E1002D10DD39002A005046FBF79CF9F7
:108950005A46010007005046FBF7C4F80600594686
:108960005046FAF78FFFB3464B465A1BA94500D035
:108970009EE101215046FBF785F8069A8146002AC0
:1089800000DDC9E0249B0025012B00DC9DE1069B56
:108990000120002B00D0C9E01F2308991A008C4643
:1089A00060440240034200D1A4E001339B1A042B2F
:1089B00001DC00F072FC1C239B1A0C9AE41894460C
:1089C0009C4462468C469C4463460C9208930C9BE4
:1089D000002B05DD59461A005046FBF7C1F98346C6
:1089E000089B002B05DD49461A005046FBF7B8F9F5
:1089F00081460E9B002B00D040E1079B002B00DC42
:108A000026E10D9B002B00D0A8E0099B01330993C0
:108A1000039B079A5D1E4B46A846B946554601245E
:108A20005E4692461F0007E0310000230A2228001C
:108A3000FAF732FF0600013439003000FFF7D2FBAD
:108A40004346303018555445EEDB3B004F469946BF
:108A5000079BB346AA4601240690002B00DD1C00AC
:108A6000039B00269C466444594601225046FBF76E
:108A700077F949468346FBF7F1F9002800DC60E20C
:108A8000651E2A782B0003990FE0C04618FB0410DE
:108A900000001440000024400C9A0410013B8D4259
:108AA00000D147E21A782C00013D392AF6D0013274
:108AB0002A7049465046FAF7E5FE002F0BD0002EEB
:108AC00005D0BE4203D031005046FAF7DBFE390034
:108AD0005046FAF7D7FE59465046FAF7D3FE002320
:108AE000099A2370269B1A60289B002B00D159E419
:108AF0001C6057E41C230C9AE41894469C4462467C
:108B00000C92089A94469C44634608935FE720229F
:108B10002000D31A98406BE401005046FBF7B4F8EC
:108B2000249B8146012B00DC0AE100254B461B6992
:108B300003339B004B445868FAF75AFF2023181A56
:108B40002AE7002339000A225046FAF7A5FE149BB3
:108B50000700002B00DC77E309960793002C05DD66
:108B6000390022005046FBF7FBF80700B846002DFD
:108B700000D082E2079A039B94461D00013B9C446F
:108B80006346089301232E005D46CB46049A1A40A3
:108B9000079259462800FFF725FB030039003033C0
:108BA0000C9028000693FBF759F9594604004246F9
:108BB0005046FBF76DF9C36881460100002B3BD19D
:108BC0002800FBF74BF9494604905046FAF75AFE45
:108BD000249A049B1343079A134300D102E3002C09
:108BE00000DAF2E1249B1C43079B1C4300D1ECE11B
:108BF000049B002B00DDC9E2069A741C3270089AAF
:108C0000964200D1CCE2290000230A225046FAF70E
:108C100043FE002305000A2239005046474511D083
:108C2000FAF73AFE4146070000230A225046FAF7B7
:108C300033FE26008046ACE75046FAF723FE0123B8
:108C40000493CCE7FAF728FE260007008046A0E749
:108C5000249B022B4DDC0D9B002B00D07EE7494668
:108C60005846FFF7BFFA0300039A30330693137098
:108C7000099B00260133541C0993F5E649465846E2
:108C8000FBF7ECF8002800DBB7E6099B59460A22FF
:108C900050465E1E0023FAF7FFFD0D9B8346002B16
:108CA00000D04EE7149B002B1DDD0793B0E64A462B
:108CB00059465046FAF7E8FF83465AE6D44B0393E9
:108CC0000333D6E401230D9312E60499059A002993
:108CD00000D05CE61300120300D058E63AE001230E
:108CE00007932593E5E5149B09960793249B022B94
:108CF000B5DD079B002B00D02FE5494605225046E5
:108D0000FAF7CAFD814601005846FBF7A7F800288C
:108D100000DC22E5039A31231500099C1370531CD3
:108D20000134039349465046FAF7ACFD631C09939E
:108D3000039C0395002F00D0C9E6CCE61300F2E5B2
:108D4000049B002B00D0F0E60499059A130012034F
:108D500000D0EAE6AF4A0025134200D117E60C9B8B
:108D6000013501330C93089B013308930FE65D1B1B
:108D70006FE5A94B0E401A6A5B6A0A980B99C4F713
:108D80002AFF0323109011919846FFF7F2FB01236D
:108D90000D93FFF7AAFB0F9A002A00D1F2E19F4A38
:108DA00094466344089A4D4694469C446246089211
:108DB0000C9A94469C44634614000C9355E5079B1B
:108DC000002B00D118E2149C002C00DC9CE4099BD1
:108DD0000022013B300039001593914BC4F719FF75
:108DE000060040460F000130C4F78CFF32003B0004
:108DF000C4F70FFF00228B4BC4F7E4FE8A4A0B0036
:108E00009446634412901391109413930D9B002B7E
:108E100000D148E1109B00205A1E844BD2009B18C1
:108E20001A685B688249C4F7D6FE129A139BC4F78E
:108E3000C0FE1290139130003900C4F77BFF1690EA
:108E4000C4F760FF02000B0030003900C4F7B1FE28
:108E5000039B169E5A1C303604000D0090461E706F
:108E600002000B0012981399C4F734FF002800D0B9
:108E7000DDE14B46002717935B46BB46129E139FCE
:108E8000169333E001239C46109BE3449B4500DB93
:108E900036E4002230003900614BC4F7BAFE0022EC
:108EA0005F4B06000F0020002900C4F7B2FE0D0042
:108EB0000400C4F73FFF8146C4F724FF02000B0003
:108EC00020002900C4F775FE0123040048465A46D5
:108ED0009C46039B3030985432003B0020000D002C
:108EE000E044C4F7E1FE002800D09EE122002B0000
:108EF00000205049C4F75DFE32003B00C4F7D4FEA9
:108F00000028BFD0169B42469B46159B03990993A8
:108F100002E08A4200D151E11400013A1378392B62
:108F2000F7D090460133DBB242461370099B013300
:108F30000993D0E53123039A1370099B01330993F8
:108F4000B7E5002803D1069BDB0700D598E5230091
:108F50001C00013B1A78302AFAD0AAE500230E93B0
:108F6000B9E4099B002B00D122E10A980B995C42DD
:108F70000F232E4A2340DB00D3181A685B68C4F71E
:108F800048FE241106000F00002C00D164E10222EB
:108F900010961197002317001F4D0122224205D081
:108FA0002A686B68C4F735FE012301376410083561
:108FB000002CF2D1B846109E119F002B01D1FFF773
:108FC000F4FA06000F00FFF7F0FA049BD946AB460F
:108FD0003500002B12DD594601225046FAF7C0FE3B
:108FE00049468346FAF73AFF002800DC24E1069B55
:108FF000392B00D1E8E00C9B31330693069B6C1CA7
:109000002B70099B3E0001334746099351E5C0464A
:109010005C0305100000F07FF0FA04103304000038
:109020000000244000001C400000C0FC18FB04109D
:109030000000E03F0000F03F069BD0469A46020049
:109040000B00C4F7BFFD32003B0004000D00C4F765
:1090500041FE00280ED132003B0020002900C4F759
:109060001BFE002801D1FFF7DAFB4B46DB0701D4DA
:10907000FFF7D5FB424603994EE750467968FAF769
:10908000D9FB041E00D116E139003B690C319A1C52
:1090900092000C30C5F704FD012221005046FAF77A
:1090A0005FFE804666E5109B8649013BDB00C918E0
:1090B00008684968129A139BC4F7ABFD129013918C
:1090C00030003900C4F736FE1690C4F71BFE0200CC
:1090D0000B0030003900C4F76CFD039A0D00511CE1
:1090E00088461100169E109B303616708C461A006A
:1090F0006244040046461092012B1DD0109B9846F6
:109100000022714B20002900C4F783FD0D000400EC
:10911000C4F710FE0700C4F7F5FD02000B002000A5
:109120002900C4F746FD30373770013604000D00C2
:10913000B045E5D1109B9846129E139F0022634BC9
:1091400030003900C4F73EFD22002B00C4F7ACFD0F
:10915000002865D132003B0000205C49C4F729FD9E
:1091600022002B00C4F7B6FD002801D1FFF7CCFA8E
:1091700043461C00013B1A78302AFAD0159B013374
:109180000993A8E43623189A9B1A0BE6069BD94646
:10919000AB463500392B17D0069B741C01332FE7E3
:1091A000099BD94601333E00AB46474609935BE431
:1091B00002230A9E0B9F9846FFF7F7F9099B9046FA
:1091C000013309933123AFE639232B70099B3E000D
:1091D0000133474639226C1C099353E400230027CE
:1091E000994697E5069BD946AB463500392BEBD01F
:1091F000002C00DDFFE601E74046C4F783FD3200A6
:109200003B00C4F706FD0022314BC4F7DBFC314ABA
:109210000B0094466344129013911393FFF7ECF9FB
:10922000159B42460399099376E6169B9B46159B30
:109230004446013309934EE4002800D0DEE6069B45
:10924000DB0700D5D3E6D9E6149B09960793249B48
:10925000022B00DD4DE581E402239846FFF7A5F9D6
:1092600053460D9A002150465A64FAF7E3FA0390E8
:1092700000280BD05346039A1A6400230122259339
:10928000013B14930D920793FFF73EFAD52100227C
:10929000114B12484900C2F78FFE042B01D1FFF792
:1092A00096FB3C239B1A26E40D4B0393FFF77AF8B9
:1092B0000021FFF734F90022074B0A490748C2F79B
:1092C0007BFEC04618FB0410000024400000E03F75
:1092D00000001C400000C0FC28F904106C030510BD
:1092E00060030510EA020000F8B5C0460000000067
:1092F00001B40248844601BC604700BF831E0020C1
:1093000001B40248844601BC604700BFC50100208B
:1093100001B40248844601BC604700BFD10B002065
:1093200001B40248844601BC604700BFA904002084
:1093300001B40248844601BC604700BF0D01002013
:1093400001B40248844601BC604700BF0904002004
:1093500001B40248844601BC604700BF790F002079
:1093600001B40248844601BC604700BFFD1E0020D6
:1093700001B40248844601BC604700BF7913002055
:1093800001B40248844601BC604700BF6D0500205F
:1093900001B40248844601BC604700BF351E00206E
:1093A00001B40248844601BC604700BF891E00200A
:1093B00001B40248844601BC604700BF110200208E
:1093C00001B40248844601BC604700BF1D13002061
:1093D00001B40248844601BC604700BF7D1E0020E6
:1093E00001B40248844601BC604700BF790F0020E9
:1093F00001B40248844601BC604700BF81010020DF
:1094000001B40248844601BC604700BF311A002005
:1094100001B40248844601BC604700BF99020020A5
:1094200001B40248844601BC604700BF1913002004
:1094300001B40248844601BC604700BF79030020A4
:1094400001B40248844601BC604700BFC10000204F
:1094500001B40248844601BC604700BF5D1E002085
:1094600001B40248844601BC604700BFDD02002011
:1094700001B40248844601BC604700BF4D0D002086
:1094800001B40248844601BC604700BF2D13002090
:1094900001B40248844601BC604700BF611A002045
:1094A00001B40248844601BC604700BFA90B0020FC
:1094B00001B40248844601BC604700BFE90C0020AB
:1094C00001B40248844601BC604700BF011A002075
:1094D00001B40248844601BC604700BFF50C00207F
:1094E00001B40248844601BC604700BF510200201D
:1094F00001B40248844601BC604700BF451F0020FC
:1095000001B40248844601BC604700BF691E0020C8
:109510002373746172742073657475700D0000009C
:1095200023696E6974207069636F0D0023696E6929
:1095300074206779726F0D0023696E6974207261FF
:1095400064696F0D0000000023696E697420636117
:10955000726961766C650D0023696E69742070779D
:109560006D0D000023506C6561736520776169742F
:109570002025645B735D0D00446576696365206E2C
:109580006F7420666F756E642021000064656661EB
:10959000756C74009873001080730010DE730010F7
:1095A000627300104A73001032730010DE730010F3
:1095B00014730010FC720010E8720010DE730010CB
:1095C000D8720010C0720010A27200108A720010CF
:1095D000DE73001072720010DE73001054720010FF
:1095E0003C720010287200101C7200102350000002
:1095F000232000002531322E346520002351000045
:109600002352000023526F6C6C20726174652050ED
:109610004944206761696E00235069746368207251
:1096200061746520504944206761696E0000000044
:109630002359617720726174652050494420676125
:10964000696E000023526F6C6C20616E676C652040
:10965000504944206761696E00000000235069741E
:10966000636820616E676C652050494420676169BA
:109670006E0000002531302E326620002531322E5A
:10968000356600008C96041004FF0000216223114F
:10969000001442A4234B703A25382E3466205469B6
:1096A0003A25382E34662054643A25382E34662004
:1096B0004574613A25382E346620683A25382E34B0
:1096C000660D0A004E6F207370696E6C6F636B736A
:1096D0002061726520617661696C61626C65000071
:1096E0004E6F207573657220495251732061726507
:1096F00020617661696C61626C65000000000000A9
:10970000FFFFFFFFFFFFFF7F4861726477617265B3
:1097100020616C61726D20256420616C72656164EA
:109720007920636C61696D65640000004E6F207084
:10973000726F6772616D2073706163650000000075
:109740002C2066756E6374696F6E3A20000000000D
:10975000617373657274696F6E20222573222066AF
:1097600061696C65643A2066696C65202225732204
:109770002C206C696E65202564257325730A000012
:109780000A2A2A2A2050414E4943202A2A2A0A001E
:109790000A0000004861726420617373657274008E
:1097A000666E6900666E692B000000006E616E00D7
:1097B000666E692D0000000068CB00101ECB001003
:1097C0001ECB001060CB00101ECB00101ECB001073
:1097D0001ECB00101ECB00101ECB00101ECB0010A5
:1097E0001ECB001058CB00101ECB001050CB001029
:1097F0001ECB00101ECB001048CB00101ACD00105D
:109800007ACB00100ECD00107ACB00102ACD0010BC
:109810007ACB00107ACB00107ACB00107ACB0010F4
:109820007ACB00107ACB00107ACB001070CB0010EE
:109830007ACB00107ACB00107ACB00107ACB0010D4
:109840007ACB001070CB001070CD0010DACA001077
:10985000DACA0010DACA0010DACA0010DACA001038
:10986000DACA0010DACA0010DACA0010DACA001028
:10987000DACA0010DACA0010DACA0010DACA001018
:10988000DACA0010DACA0010DACA0010DACA001008
:10989000DACA0010DACA0010DACA0010DACA0010F8
:1098A000DACA0010DACA0010DACA0010DACA0010E8
:1098B000DACA0010DACA0010DACA0010DACA0010D8
:1098C000DACA0010DACA00109ECF00103CCD00109A
:1098D0009ECF0010DACA0010DACA0010DACA0010EF
:1098E000DACA0010DACA0010DACA0010DACA0010A8
:1098F000DACA0010DACA0010DACA0010DACA001098
:10990000DACA0010DACA0010DACA0010DACA001087
:10991000DACA001022CC0010DACA0010DACA00102D
:10992000DACA0010DACA0010DACA0010DACA001067
:10993000DACA0010DACA0010DACA001022CC00100D
:1099400084CD001022CC00109ECF00103CCD001022
:109950009ECF0010DACA001022CC0010DACA001024
:10996000DACA0010DACA0010DACA0010DACA001027
:1099700022CC0010AECE0010DACA0010DACA0010F5
:10998000F0CD0010DACA001022CC0010DACA0010A4
:10999000DACA001022CC0010000000000000F03FE6
:1099A00000000000000024400000000000005940BA
:1099B0000000000000408F40000000000088C3400D
:1099C00000000000006AF8400000000080842E4182
:1099D00000000000D01263410000000084D79741CE
:1099E0000000000065CDCD414F7574206F66206D7D
:1099F000656D6F727900000052656C65617365007A
:109A0000626F6F74325F773235713038300000002A
:109A1000312E352E310000007069636F00000000A8
:109A20007069636F5F636F70746572004175672062
:109A3000323620323032350006005250BBFF3CB681
:109A4000189A041006005250E182887F009A041090
:109A500006005250D3F07542F89904100D0A000028
:109A600059F000105DF0001069F0001095F0001042
:109A700091F0001000000000555342207374646997
:109A80006E202F207374646F7574000006005250AE
:109A900053B4F4A1789A04105261737062657272C3
:109AA00079205069000000005069636F00000000D9
:109AB000426F617264204344430000005265736545
:109AC0007400000009025400030100807D080B00AF
:109AD0000202020000090400000102020004052441
:109AE00000200105240100010424020205240600CF
:109AF000010705810308001009040100020A0000A3
:109B0000000705020240000007058202400000092C
:109B100004020000FF00010512010002EF020140F3
:109B20008A2E0A000001010203010000000000006B
:109B3000989A0410A89A041080580320B09A041030
:109B4000BC9A0410556E68616E646C65642049525D
:109B50005120307825780A0065702025642025730F
:109B60002077617320616C72656164792061766130
:109B7000696C61626C65000043616E277420636FDD
:109B80006E74696E75652078666572206F6E2069E7
:109B90006E61637469766520657020256420257385
:109BA000000000006F757400B8FB001062FD00102B
:109BB00000FD0010B8FB0010E2FC0010CAFC001011
:109BC00058FC001006FC0010FAFB00108600011083
:109BD00072000110B8FC00109A000110B8FC0010CF
:109BE0005A00011046000110B8FC001032000110AC
:109BF00008000110B8FC001014010110F800011059
:109C0000EC000110B8FC0010B8FC0010CE000110F0
:109C1000F8000110B8FC0010B8FC0010B8FC0010EF
:109C2000B8FC0010B8FC0010B8FC0010B8FC001024
:109C3000AA0001103D090110B9090110E509011040
:109C4000CD0A0110B10B011000000000CC9C0410E3
:109C5000589C0410E0D304104E395F5F676E755F47
:109C600063787832307265637572736976655F699F
:109C70006E69745F6572726F7245000000000000CB
:109C80004C9C04103D140110551401105D980310F4
:109C9000CC9C04109C9C041044D304104E31305FC3
:109CA0005F637878616269763132305F5F73695FD4
:109CB000636C6173735F747970655F696E666F451D
:109CC0000000000000000000909C041081140110AE
:109CD00099140110B5150110B5150110FD9103106F
:109CE000219103108D150110F1140110B914011008
:109CF0007CD30410F89C0410537439747970655F38
:109D0000696E666F00000000430000007CD3041001
:109D1000149D04104E5374366C6F63616C65356628
:109D20006163657445000000643303200833032039
:109D300040330320F83203206C3303201033032018
:109D40007C33032018330320843303202033032083
:109D500008320320E83203200C320320EC320320C7
:109D60005C33032000330320683303200C330320CB
:109D700044330320FC3203207033032014330320C8
:109D8000803303201C330320883303202433032033
:109D900010320320F032032014320320F432032067
:109DA00060330320043303200000000000000000A3
:109DB00000000000B8C50410292C0110712C0110FE
:109DC00000000000ACC504108D2C0110D52C011032
:109DD000000000004CCF0410F12C0110392D0110AF
:109DE0000000000040CF0410552D01109D2D0110E2
:109DF000747275650000000066616C736500000098
:109E00007400000072000000750000006500000092
:109E10000000000066000000610000006C0000000F
:109E2000730000006500000000000000000000005A
:109E300094C50410ED330110293401100000000016
:109E400028CF041045340110853401105374313289
:109E5000636F64656376745F626173650000000020
:109E60007CD304104C9E041000000000789F041066
:109E70000000000000000000D5A00310D5A00310D2
:109E8000D5A00310D5A00310D5A00310D5A00310B2
:109E9000D5A0031000000000389F0410000000004F
:109EA00000000000D5A00310D5A00310D5A003101A
:109EB000D5A00310D5A00310D5A00310D5A0031082
:109EC00000000000589F0410000000000000000087
:109ED000D5A00310D5A00310D5A00310D5A0031062
:109EE000D5A00310D5A00310D5A0031000000000DA
:109EF000189F04100000000000000000D5A003100F
:109F0000D5A00310D5A00310D5A00310D5A0031031
:109F1000D5A00310D5A00310D4D40410C89F0410FA
:109F200000000000020000000C9D04100200000070
:109F3000609E041002000000D4D40410F89F0410A6
:109F400000000000020000000C9D04100200000050
:109F5000609E041002000000D4D4041028A0041055
:109F600000000000020000000C9D04100200000030
:109F7000609E041002000000D4D4041058A0041005
:109F800000000000020000000C9D04100200000010
:109F9000609E041002000000CC9C041088A00410F5
:109FA000189F0410CC9C0410A8A00410389F041023
:109FB000CC9C0410C4A00410589F0410CC9C041026
:109FC000E4A00410789F0410537432335F5F636F12
:109FD00064656376745F61627374726163745F62F7
:109FE000617365494469447531305F6D62737461B2
:109FF00074655F7445000000537432335F5F636FB4
:10A0000064656376745F61627374726163745F62C6
:10A010006173654944696331305F6D627374617463
:10A02000655F744500000000537432335F5F636FF7
:10A0300064656376745F61627374726163745F6296
:10A04000617365494473447531305F6D6273746147
:10A0500074655F7445000000537432335F5F636F53
:10A0600064656376745F61627374726163745F6266
:10A070006173654944736331305F6D6273746174F9
:10A08000655F744500000000537437636F64656357
:10A090007674494469447531305F6D6273746174DC
:10A0A000655F744500000000537437636F64656337
:10A0B00076744944696331305F6D627374617465AD
:10A0C0005F744500537437636F6465637674494405
:10A0D00073447531305F6D6273746174655F74458C
:10A0E00000000000537437636F64656376744944FD
:10A0F000736331305F6D6273746174655F744500C2
:10A1000000000000989F04101D39011085390110CE
:10A11000693D0110D9360110F53B0110BD36011023
:10A12000C1360110BD3B0110C53601100000000012
:10A13000A49F0410F53801104D390110753E01102F
:10A14000C9360110FD3E0110BD360110C1360110A7
:10A15000C53E0110C536011000000000B09F04107C
:10A160000939011069390110B13C0110D1360110D3
:10A17000D13D0110BD360110C1360110493C01101E
:10A18000C536011000000000BC9F0410E13801102A
:10A19000313901108D3B0110B5360110FD40011021
:10A1A000BD360110C1360110DD3F0110C53601106A
:10A1B000756E696E697469616C697A6564205F5F48
:10A1C000616E795F737472696E6700001E620110C0
:10A1D0005062011050620110506201105062011073
:10A1E0005062011050620110506201105062011063
:10A1F000EC610110506201105062011050620110B8
:10A20000506201105062011050620110BA610110D9
:10A2100050620110506201107E6101105062011005
:10A2200050620110466301107863011078630110D9
:10A23000786301107863011078630110786301106E
:10A2400078630110786301101463011078630110C2
:10A25000786301107863011078630110786301104E
:10A2600078630110E26201107863011078630110D5
:10A27000A6620110786301107863011063616E6E4D
:10A280006F7420637265617465207368696D206600
:10A290006F7220756E6B6E6F776E206C6F63616C82
:10A2A000653A3A6661636574000000004E53743687
:10A2B0006C6F63616C65356661636574365F5F738F
:10A2C00068696D45000000007CD30410ACA2041046
:10A2D000D4D40410D0A40410000000000200000038
:10A2E000E4C5041002000000C8A20410020C000023
:10A2F000D4D4041004A504100000000002000000E3
:10A3000098CF041002000000C8A20410020C000044
:10A31000D4D4041038A5041000000000020000008E
:10A3200008C6041002000000C8A2041002100000B9
:10A33000D4D4041070A50410000000000200000036
:10A34000BCCF041002000000C8A2041002100000DC
:10A35000D4D40410A8A504100000000002000000DE
:10A3600028C6041002000000C8A20410020C00005D
:10A37000D4D40410E0A50410000000000200000086
:10A38000DCCF041002000000C8A20410020C000080
:10A39000D4D4041018A6041000000000020000002D
:10A3A00034C6041002000000C8A204100208000015
:10A3B000D4D4041050A604100000000002000000D5
:10A3C000E8CF041002000000C8A204100208000038
:10A3D000D4D4041088A6041000000000020000007D
:10A3E00060C6041002000000C8A2041002080000A9
:10A3F000D4D40410C0A60410000000000200000025
:10A4000014D0041002000000C8A2041002080000CA
:10A41000D4D40410F8A604100000000002000000CC
:10A420006CC6041002000000C8A20410020800005C
:10A43000D4D4041030A70410000000000200000073
:10A4400020D0041002000000C8A20410020800007E
:10A45000D4D4041068A7041000000000020000001B
:10A4600048C5041002000000C8A20410020C00003D
:10A47000D4D40410A4A704100000000002000000BF
:10A4800068C5041002000000C8A20410020C0000FD
:10A49000D4D40410E0A70410000000000200000063
:10A4A000DCCE041002000000C8A20410020C000060
:10A4B000D4D404101CA80410000000000200000006
:10A4C000FCCE041002000000C8A20410020C000020
:10A4D0002A4E537431335F5F66616365745F7368DE
:10A4E000696D7331325F474C4F42414C5F5F4E5F45
:10A4F000313132636F6C6C6174655F7368696D498B
:10A50000634545002A4E537431335F5F666163656E
:10A51000745F7368696D7331325F474C4F42414CD1
:10A520005F5F4E5F313132636F6C6C6174655F7376
:10A5300068696D49774545002A4E537431335F5F32
:10A5400066616365745F7368696D7331325F474C30
:10A550004F42414C5F5F4E5F3131336D65737361C4
:10A560006765735F7368696D496345450000000066
:10A570002A4E537431335F5F66616365745F73683D
:10A58000696D7331325F474C4F42414C5F5F4E5FA4
:10A590003131336D657373616765735F7368696DBE
:10A5A00049774545000000002A4E537431335F5F00
:10A5B00066616365745F7368696D7331325F474CC0
:10A5C0004F42414C5F5F4E5F3131336E756D707538
:10A5D0006E63745F7368696D4963454500000000F0
:10A5E0002A4E537431335F5F66616365745F7368CD
:10A5F000696D7331325F474C4F42414C5F5F4E5F34
:10A600003131336E756D70756E63745F7368696D2B
:10A6100049774545000000002A4E537431335F5F8F
:10A6200066616365745F7368696D7331325F474C4F
:10A630004F42414C5F5F4E5F31313374696D655FEE
:10A640006765745F7368696D496345450000000084
:10A650002A4E537431335F5F66616365745F73685C
:10A66000696D7331325F474C4F42414C5F5F4E5FC3
:10A6700031313374696D655F6765745F7368696DE7
:10A6800049774545000000002A4E537431335F5F1F
:10A6900066616365745F7368696D7331325F474CDF
:10A6A0004F42414C5F5F4E5F3131346D6F6E657963
:10A6B0005F6765745F7368696D49634545000000B5
:10A6C0002A4E537431335F5F66616365745F7368EC
:10A6D000696D7331325F474C4F42414C5F5F4E5F53
:10A6E0003131346D6F6E65795F6765745F7368696A
:10A6F0006D497745450000002A4E537431335F5F42
:10A7000066616365745F7368696D7331325F474C6E
:10A710004F42414C5F5F4E5F3131346D6F6E6579F2
:10A720005F7075745F7368696D496345450000002B
:10A730002A4E537431335F5F66616365745F73687B
:10A74000696D7331325F474C4F42414C5F5F4E5FE2
:10A750003131346D6F6E65795F7075745F736869E0
:10A760006D497745450000002A4E537431335F5FD1
:10A7700066616365745F7368696D7331325F474CFE
:10A780004F42414C5F5F4E5F3131356D6F6E657981
:10A7900070756E63745F7368696D49634C623045B0
:10A7A000454500002A4E537431335F5F666163652F
:10A7B000745F7368696D7331325F474C4F42414C2F
:10A7C0005F5F4E5F3131356D6F6E657970756E63A9
:10A7D000745F7368696D49634C623145454500009B
:10A7E0002A4E537431335F5F66616365745F7368CB
:10A7F000696D7331325F474C4F42414C5F5F4E5F32
:10A800003131356D6F6E657970756E63745F736825
:10A81000696D49774C623045454500002A4E5374B6
:10A8200031335F5F66616365745F7368696D73314F
:10A83000325F474C4F42414C5F5F4E5F3131356D67
:10A840006F6E657970756E63745F7368696D497753
:10A850004C6231454545000000000000D0A20410C4
:10A86000214F011009500110A9440110CD490110D8
:10A870008D45021000000000F0A20410CD4F011021
:10A8800049500110B9460110254A011069F0021023
:10A890000000000010A30410554B01107D4C011066
:10A8A0009D460110E94A01108D460110000000008C
:10A8B00030A30410814B0110E14C0110A948011094
:10A8C0007D4A0110994801100000000050A30410B7
:10A8D000C54E01105D4F01107145021079450210FF
:10A8E000794A0210014A02103D4A0210000000009D
:10A8F00070A30410B54D0110954F01104DF00210DA
:10A9000055F0021031F40210A9F5021029F50210D9
:10A910000000000090A30410E14B0110E54D011070
:10A92000C945011095450110614501102D450110E3
:10A93000F9440110C544011000000000B0A3041048
:10A94000154C0110554E0110D9470110A5470110B3
:10A95000714701103D47011009470110D54601100C
:10A9600000000000D0A30410494C0110454D011017
:10A97000D54501105D53011000000000F0A3041044
:10A98000AD4C01107D4D0110E547011085520110BD
:10A990000000000010A40410AD4B01101D4E01106A
:10A9A00051460110454901100000000030A4041078
:10A9B000114D01108D4E011061480110C548011064
:10A9C0000000000050A40410C15001106951011092
:10A9D000A1440210A9440210114902104D4902106D
:10A9E00089490210C5490210B1440210B94402104D
:10A9F000E14402100000000070A40410895001100E
:10AA0000A551011009450210114502105D480210C0
:10AA100099480210D5480210214802101945021029
:10AA200021450210494502100000000090A40410C6
:10AA3000F95001101D5201107DEF021085EF021038
:10AA4000B9F30210A9F40210E9F4021069F502103A
:10AA50008DEF021095EF0210BDEF02100000000014
:10AA6000B0A4041031510110E1510110E5EF0210C2
:10AA7000EDEF021041F30210E9F5021029F6021081
:10AA800069F60210F5EF0210FDEF021025F002103A
:10AA900025733A205F5F706F732028776869636859
:10AAA00020697320257A7529203E20746869732DEA
:10AAB0003E73697A65282920287768696368206968
:10AAC0007320257A7529000062617369635F73746E
:10AAD00072696E673A3A636F7079000062617369F8
:10AAE000635F737472696E673A3A5F535F6372654E
:10AAF0006174650062617369635F737472696E6724
:10AB00003A3A5F4D5F7265706C6163655F6175783D
:10AB10000000000062617369635F737472696E673D
:10AB20003A3A61737369676E00000000626173698D
:10AB3000635F737472696E673A3A617070656E64D0
:10AB40000000000062617369635F737472696E670D
:10AB50003A3A726573697A65000000006261736950
:10AB6000635F737472696E673A3A5F535F636F6EC7
:10AB7000737472756374206E756C6C206E6F7420C4
:10AB800076616C69640000005374313063747970CD
:10AB9000655F6261736500007CD3041088AB0410AC
:10ABA000D4D40410CCAB041000000000020000005C
:10ABB0000C9D04100200000098AB0410020000007D
:10ABC000CC9C0410D8AB041058CF041053743563D8
:10ABD00074797065496345005374356374797065A1
:10ABE0004977450000000000A0AB0410997B0110DC
:10ABF000457C0110117D01109D7D0110217D01100A
:10AC0000F17D0110917B0110057C0110957B0110F5
:10AC1000F17B011000000000C0AB0410C97B0110E3
:10AC2000197C0110457E0110A17F011021800110C7
:10AC3000A5800110397F0110457F01106D7F011043
:10AC4000797F011031810110398101105581011086
:10AC50007D81011073706163650000007072696E20
:10AC600074000000636E74726C0000007570706593
:10AC7000720000006C6F776572000000616C706894
:10AC800061000000646967697400000070756E639C
:10AC9000740000007864696769740000616C6E7507
:10ACA0006D0000006772617068000000A67E0110F0
:10ACB000C67E0110CE7E0110E67E0110EE7E0110F0
:10ACC000A67E0110A67E0110F67E0110FE7E011008
:10ACD000A67E0110A67E0110A67E0110A67E0110A0
:10ACE000A67E0110A67E0110A67E0110D67E011060
:10ACF000A67E0110A67E0110A67E0110A67E011080
:10AD0000A67E0110A67E0110DE7E0110A67E011037
:10AD1000A67E0110A67E0110A67E0110A67E01105F
:10AD2000A67E0110A67E0110A67E0110BE7E011037
:10AD3000A67E0110A67E0110A67E0110A67E01103F
:10AD4000A67E0110A67E0110A67E0110A67E01102F
:10AD5000A67E0110A67E0110A67E0110A67E01101F
:10AD6000A67E0110A67E0110A67E0110A67E01100F
:10AD7000A67E0110A67E0110A67E0110A67E0110FF
:10AD8000A67E0110A67E0110A67E0110A67E0110EF
:10AD9000A67E0110A67E0110A67E0110A67E0110DF
:10ADA000A67E0110A67E0110A67E0110A67E0110CF
:10ADB000A67E0110A67E0110A67E0110B67E0110AF
:10ADC00062617369635F737472696E673A3A5F4D6B
:10ADD0005F636F6E737472756374206E756C6C2034
:10ADE0006E6F742076616C69640000008A8D0110BA
:10ADF000A48D0110BA8E01101C8E0110CA8C011096
:10AE00000A9A0110249A01103A9B01109C9A011091
:10AE10004A99011062617369635F737472696E6746
:10AE20003A3A65726173650096A8011058A801103E
:10AE30003CA8011008A80110B0A801103AAD0110FB
:10AE4000FCAC0110E0AC0110ACAC011054AD011031
:10AE5000252E2A4C66000000256D2F25642F2579AC
:10AE60000000000025483A254D00000025483A25FD
:10AE70004D3A2553000000007AC3011028C5011087
:10AE800064C1011064C50110C8BF0110C8BF011022
:10AE9000C8BF01106CC20110C6C20110C8BF0110AA
:10AEA000C8BF0110C8BF0110F8C20110C8BF01100F
:10AEB000C8BF0110C8BF0110C8BF011052C30110A4
:10AEC000D6C5011030C60110C8BF0110C8BF01109F
:10AED000C8BF011058C6011064C1011060C601103E
:10AEE000C8BF0110C8BF0110C8BF0110C8BF011002
:10AEF000C8BF0110C8BF0110F0C30110CAC10110C2
:10AF000078C6011010C401106AC40110C8BF011036
:10AF1000C8BF0110CAC10110C8BF0110C8BF0110CD
:10AF2000C8BF0110C8BF0110CCC4011080C60110F9
:10AF3000C8BF0110C8BF0110C8BF0110C8BF0110B1
:10AF4000C8BF01101EC00110C8BF0110C8BF01104A
:10AF5000C8BF01108EC5011064C101105374313097
:10AF60006D6F6E65795F6261736500007CD304105C
:10AF70005CAF0410537431336D657373616765732F
:10AF80005F626173650000007CD3041074AF04102D
:10AF900053743974696D655F626173650000000008
:10AFA0007CD3041090AF04100000000008B104101E
:10AFB0003D84011009850110598401102D8501106F
:10AFC000658301100000000034B104107D320110CF
:10AFD000A9320110498301105183011079860110B3
:10AFE000458A0110B18A011000000000E8B0041089
:10AFF0004929011075290110E1820110E98201102F
:10B000002988011095880110018901106D890110AE
:10B01000F1820110F982011021830110000000006B
:10B02000C8B00410B1290110DD2901107982011086
:10B0300081820110D989011051870110BD8701104B
:10B04000E58601108982011091820110B9820110F8
:10B050000000000014B104100D84011029840110B7
:10B060005D83011099AE03106183011000000000A0
:10B0700060B104107D830110B9830110A9A40110EF
:10B080003DA50110000000006CB104109183011077
:10B09000D5830110ADAF01104DB1011000000000CB
:10B0A00040B10410A5830110F183011059830110F0
:10B0B0009DCA011075CB011041BC011075BD011076
:10B0C00069B301104DCC0110D4D4041078B1041030
:10B0D00000000000020000000C9D041002000000AF
:10B0E0006CAF041002000000D4D4041098B1041016
:10B0F00000000000020000000C9D0410020000008F
:10B100006CAF041002000000CC9C0410B8B1041015
:10B110000C9D0410D4D40410D0B104100000000021
:10B12000020000000C9D04100200000088AF041013
:10B1300002000000CC9C0410ECB104100C9D041023
:10B14000D4D4041008B20410000000000200000073
:10B150000C9D041002000000A0AF041002000000CB
:10B16000CC9C041050B204100C9D0410CC9C041014
:10B1700098B204100C9D04104E5374375F5F6378CF
:10B1800078313131306D6F6E657970756E637449E9
:10B19000634C6230454545004E5374375F5F6378BA
:10B1A00078313131306D6F6E657970756E637449C9
:10B1B000634C6231454545004E5374375F5F637899
:10B1C00078313137636F6C6C617465496345450054
:10B1D0004E5374375F5F6378783131386D657373C0
:10B1E0006167657349634545000000004E5374373D
:10B1F0005F5F6378783131386E756D70756E63742A
:10B2000049634545000000004E5374375F5F637823
:10B210007831313874696D655F676574496353745B
:10B2200031396973747265616D6275665F697465E1
:10B230007261746F72496353743131636861725F14
:10B2400074726169747349634545454500000000A7
:10B250004E5374375F5F6378783131396D6F6E6547
:10B26000795F6765744963537431396973747265C2
:10B27000616D6275665F6974657261746F7249634E
:10B2800053743131636861725F74726169747349B8
:10B2900063454545450000004E5374375F5F637852
:10B2A000783131396D6F6E65795F707574496353AC
:10B2B0007431396F73747265616D6275665F69743C
:10B2C000657261746F72496353743131636861727E
:10B2D0005F747261697473496345454545000000B8
:10B2E00076EC0110A8EC0110A8EC0110A8EC0110FC
:10B2F000A8EC0110A8EC0110A8EC0110A8EC0110BA
:10B30000A8EC011044EC0110A8EC0110A8EC01100D
:10B31000A8EC0110A8EC0110A8EC0110A8EC011099
:10B3200012EC0110A8EC0110A8EC0110D6EB0110F2
:10B33000A8EC0110A8EC01109EED0110D0ED011059
:10B34000D0ED0110D0ED0110D0ED0110D0ED0110C5
:10B35000D0ED0110D0ED0110D0ED01106CED011019
:10B36000D0ED0110D0ED0110D0ED0110D0ED0110A5
:10B37000D0ED0110D0ED01103AED0110D0ED01102B
:10B38000D0ED0110FEEC0110D0ED0110D0ED011058
:10B39000D4D4041090B50410000000000200000096
:10B3A00008B1041002000000C8A20410020C000042
:10B3B000D4D40410C4B50410000000000200000042
:10B3C000ECBD041002000000C8A20410020C000032
:10B3D000D4D40410F8B504100000000002000000EE
:10B3E00014B1041002000000C8A2041002100000F2
:10B3F000D4D4041030B60410000000000200000095
:10B40000F8BD041002000000C8A2041002100000E1
:10B41000D4D4041068B6041000000000020000003C
:10B4200034B1041002000000C8A20410020C000095
:10B43000D4D40410A0B604100000000002000000E4
:10B4400018BE041002000000C8A20410020C000084
:10B45000D4D40410D8B6041000000000020000008C
:10B4600040B1041002000000C8A20410020800004D
:10B47000D4D4041010B70410000000000200000033
:10B4800024BE041002000000C8A20410020800003C
:10B49000D4D4041048B704100000000002000000DB
:10B4A00060B1041002000000C8A2041002080000ED
:10B4B000D4D4041080B70410000000000200000083
:10B4C00044BE041002000000C8A2041002080000DC
:10B4D000D4D40410B8B7041000000000020000002B
:10B4E0006CB1041002000000C8A2041002080000A1
:10B4F000D4D40410F0B704100000000002000000D3
:10B5000050BE041002000000C8A20410020800008F
:10B51000D4D4041028B80410000000000200000079
:10B52000C8B0041002000000C8A20410020C000001
:10B53000D4D4041064B8041000000000020000001D
:10B54000E8B0041002000000C8A20410020C0000C1
:10B55000D4D40410A0B804100000000002000000C1
:10B56000ACBD041002000000C8A20410020C0000D0
:10B57000D4D40410DCB80410000000000200000065
:10B58000CCBD041002000000C8A20410020C000090
:10B590002A4E537431335F5F66616365745F73680D
:10B5A000696D7331325F474C4F42414C5F5F4E5F74
:10B5B000313132636F6C6C6174655F7368696D49BA
:10B5C000634545002A4E537431335F5F666163659E
:10B5D000745F7368696D7331325F474C4F42414C01
:10B5E0005F5F4E5F313132636F6C6C6174655F73A6
:10B5F00068696D49774545002A4E537431335F5F62
:10B6000066616365745F7368696D7331325F474C5F
:10B610004F42414C5F5F4E5F3131336D65737361F3
:10B620006765735F7368696D496345450000000095
:10B630002A4E537431335F5F66616365745F73686C
:10B64000696D7331325F474C4F42414C5F5F4E5FD3
:10B650003131336D657373616765735F7368696DED
:10B6600049774545000000002A4E537431335F5F2F
:10B6700066616365745F7368696D7331325F474CEF
:10B680004F42414C5F5F4E5F3131336E756D707567
:10B690006E63745F7368696D49634545000000001F
:10B6A0002A4E537431335F5F66616365745F7368FC
:10B6B000696D7331325F474C4F42414C5F5F4E5F63
:10B6C0003131336E756D70756E63745F7368696D5B
:10B6D00049774545000000002A4E537431335F5FBF
:10B6E00066616365745F7368696D7331325F474C7F
:10B6F0004F42414C5F5F4E5F31313374696D655F1E
:10B700006765745F7368696D4963454500000000B3
:10B710002A4E537431335F5F66616365745F73688B
:10B72000696D7331325F474C4F42414C5F5F4E5FF2
:10B7300031313374696D655F6765745F7368696D16
:10B7400049774545000000002A4E537431335F5F4E
:10B7500066616365745F7368696D7331325F474C0E
:10B760004F42414C5F5F4E5F3131346D6F6E657992
:10B770005F6765745F7368696D49634545000000E4
:10B780002A4E537431335F5F66616365745F73681B
:10B79000696D7331325F474C4F42414C5F5F4E5F82
:10B7A0003131346D6F6E65795F6765745F73686999
:10B7B0006D497745450000002A4E537431335F5F71
:10B7C00066616365745F7368696D7331325F474C9E
:10B7D0004F42414C5F5F4E5F3131346D6F6E657922
:10B7E0005F7075745F7368696D496345450000005B
:10B7F0002A4E537431335F5F66616365745F7368AB
:10B80000696D7331325F474C4F42414C5F5F4E5F11
:10B810003131346D6F6E65795F7075745F7368690F
:10B820006D497745450000002A4E537431335F5F00
:10B8300066616365745F7368696D7331325F474C2D
:10B840004F42414C5F5F4E5F3131356D6F6E6579B0
:10B8500070756E63745F7368696D49634C623045DF
:10B86000454500002A4E537431335F5F666163655E
:10B87000745F7368696D7331325F474C4F42414C5E
:10B880005F5F4E5F3131356D6F6E657970756E63D8
:10B89000745F7368696D49634C62314545450000CA
:10B8A0002A4E537431335F5F66616365745F7368FA
:10B8B000696D7331325F474C4F42414C5F5F4E5F61
:10B8C0003131356D6F6E657970756E63745F736855
:10B8D000696D49774C623045454500002A4E5374E6
:10B8E00031335F5F66616365745F7368696D73317F
:10B8F000325F474C4F42414C5F5F4E5F3131356D97
:10B900006F6E657970756E63745F7368696D497782
:10B910004C623145454500000000000090B3041022
:10B92000B1DC011099DD011051CE0110C1D501101B
:10B930006583011000000000B0B3041025DD011084
:10B94000D9DD01105DD0011091D6011081F80110F0
:10B9500000000000D0B304103DD9011039DA011005
:10B9600045D0011021D6011035D001100000000093
:10B97000F0B3041011D90110D1DA01104DD2011029
:10B98000F5D601103DD201100000000010B40410E3
:10B9900049DC011061DD0110498301105183011060
:10B9A00079860110458A0110B18A0110000000005B
:10B9B00030B4041001DB0110EDDC011065F801105A
:10B9C0006DF801104DFA011009FC011035FC011051
:10B9D0000000000050B404109DDA0110D9DB011002
:10B9E00071CF01103DCF011009CF0110D5CE01104C
:10B9F000A1CE01106DCE01104DCC01100000000051
:10BA000070B40410D1D9011079DC01107DD101107E
:10BA100049D1011015D10110E1D00110ADD00110B4
:10BA200079D00110B13A02100000000090B4041067
:10BA300005DA011031DB01107DCF0110C9D20110F0
:10BA400000000000B0B404109DD9011069DB0110A2
:10BA500089D101107DD4011000000000D0B4041081
:10BA600069DA011011DC0110F9CF011069D701105A
:10BA700000000000F0B4041069D90110A1DB01102E
:10BA800005D2011041D801100000000010B50410CB
:10BA9000C1DE0110ADDF0110798201108182011039
:10BAA000D989011051870110BD870110E586011069
:10BAB0008982011091820110B982011000000000FA
:10BAC00030B5041051DE011071DF0110E182011068
:10BAD000E98201102988011095880110018901105F
:10BAE0006D890110F1820110F9820110218301108A
:10BAF0000000000050B5041019DE011035DF011000
:10BB000095F701109DF701101DFB01108DFC011030
:10BB1000B9FC011061FC0110A5F70110ADF701108F
:10BB2000D5F701100000000070B5041089DE011087
:10BB3000F9DE0110FDF7011005F80110B5FA01104A
:10BB4000DDFB011085FB0110B1FB01100DF80110A8
:10BB500015F801103DF801102400021050010210E8
:10BB6000240302106202021066FF01102C0C021066
:10BB7000580D02102C0F02106A0E02106E0B0210EC
:10BB8000DC190210A61902108819021058190210A7
:10BB9000F8190210681E0210321E0210141E021044
:10BBA000E41D0210841E0210FA3402101A3502102D
:10BBB0002431021032340210AA300210AA300210CE
:10BBC000AA300210243202107A320210AA30021077
:10BBD000AA300210AA3002109C320210AA300210C1
:10BBE000AA300210AA300210AA300210F23202105B
:10BBF00056350210AC350210AA300210AA300210DD
:10BC0000AA300210BA35021024310210C2350210D7
:10BC1000AA300210AA300210AA300210AA30021074
:10BC2000AA300210AA300210C0330210863102106E
:10BC3000063702100E37021042340210AA300210EA
:10BC4000AA30021086310210AA300210AA30021067
:10BC5000AA300210AA300210A23402105833021087
:10BC6000AA300210AA300210AA300210AA30021024
:10BC7000AA3002108A330210AA300210AA30021031
:10BC8000AA300210403302102431021000000000DC
:10BC9000ECBD041059F9011029FA011075F90110D1
:10BCA000E5FC011081F801100000000018BE04102E
:10BCB00085330110B133011065F801106DF80110E2
:10BCC0004DFA011009FC011035FC011000000000C4
:10BCD000CCBD0410592B0110852B0110FDF701106C
:10BCE00005F80110B5FA0110DDFB011085FB01100C
:10BCF000B1FB01100DF8011015F801103DF801100D
:10BD000000000000ACBD0410C12B0110ED2B011090
:10BD100095F701109DF701101DFB01108DFC01101E
:10BD2000B9FC011061FC0110A5F70110ADF701107D
:10BD3000D5F7011000000000F8BD041029F901102A
:10BD400045F9011079F80110F9AE03107DF80110E2
:10BD50000000000044BE041099F80110D5F801104D
:10BD600061160210F51602100000000050BE04100B
:10BD7000ADF80110F1F80110E92002104122021083
:10BD80000000000024BE0410C1F801100DF90110DC
:10BD900075F8011019390210E5390210D12C021082
:10BDA000012E021045240210B13A0210D4D404101E
:10BDB0005CBE041000000000020000000C9D041096
:10BDC000020000006CAF041002000000D4D4041084
:10BDD0007CBE041000000000020000000C9D041056
:10BDE000020000006CAF041002000000CC9C0410A4
:10BDF0009CBE04100C9D0410D4D40410B4BE0410D6
:10BE000000000000020000000C9D04100200000071
:10BE100088AF041002000000CC9C0410D0BE0410B7
:10BE20000C9D0410D4D40410ECBE041000000000DB
:10BE3000020000000C9D041002000000A0AF0410DE
:10BE400002000000CC9C041034BF04100C9D0410B0
:10BE5000CC9C04107CBF04100C9D04104E5374370E
:10BE60005F5F637878313131306D6F6E65797075F1
:10BE70006E637449774C6230454545004E537437C4
:10BE80005F5F637878313131306D6F6E65797075D1
:10BE90006E637449774C6231454545004E537437A3
:10BEA0005F5F637878313137636F6C6C61746549BB
:10BEB000774545004E5374375F5F6378783131388A
:10BEC0006D657373616765734977454500000000D0
:10BED0004E5374375F5F6378783131386E756D70AB
:10BEE000756E637449774545000000004E53743702
:10BEF0005F5F63787831313874696D655F67657449
:10BF00004977537431396973747265616D6275660E
:10BF10005F6974657261746F72497753743131630C
:10BF20006861725F7472616974734977454545450C
:10BF3000000000004E5374375F5F63787831313909
:10BF40006D6F6E65795F67657449775374313969D0
:10BF500073747265616D6275665F69746572617430
:10BF60006F72497753743131636861725F747261C3
:10BF70006974734977454545450000004E53743751
:10BF80005F5F6378783131396D6F6E65795F707599
:10BF9000744977537431396F73747265616D62756A
:10BFA000665F6974657261746F7249775374313179
:10BFB000636861725F74726169747349774545455E
:10BFC000450000000000000044C00410693C02105D
:10BFD000813C0210EDE40210F1E402102D3D02104C
:10BFE000413F0210153D021029E50210753E021076
:10BFF000E13C0210D13C0210F53C0210653E0210FB
:10C00000993E02100000000050C004109D3C021038
:10C01000B53C021045E5021049E50210713D0210E1
:10C02000D93E0210213D021081E50210C53D0210EB
:10C03000093E0210B53D02101D3E02103D3E0210A9
:10C04000B93E0210CC9C04105CC00410E4CA041079
:10C05000CC9C041094C00410ECCA04104E395F5FED
:10C06000676E755F6378783138737464696F5F7376
:10C07000796E635F66696C65627566496353743196
:10C0800031636861725F74726169747349634545B5
:10C09000450000004E395F5F676E755F63787831E9
:10C0A00038737464696F5F73796E635F66696C651A
:10C0B000627566497753743131636861725F747277
:10C0C0006169747349774545450000000000000030
:10C0D000ECC00410E1400210094102100000000011
:10C0E000F8C00410F540021025410210CC9C041049
:10C0F00004C104104CC10410CC9C041028C10410CD
:10C100004CC1041053743962617369635F696F7362
:10C11000496353743131636861725F747261697429
:10C120007349634545000000537439626173696364
:10C130005F696F73497753743131636861725F74FB
:10C140007261697473497745450000007CD304101F
:10C1500054C10410537438696F735F626173650072
:10C16000000000004CC10410DD42021035430210F3
:10C1700084C1041098C104100800000000000000F1
:10C18000D0C104104943021099430210F8FFFFFF89
:10C19000F8FFFFFFD0C104106D430210C14302102D
:10C1A000B4C10410C8C10410080000000000000061
:10C1B000E8C10410F543021045440210F8FFFFFFE8
:10C1C000F8FFFFFFE8C10410194402106D4402108B
:10C1D000D4D4041000C204100000000001000000CC
:10C1E000ECC0041003F4FFFFD4D4041004C2041004
:10C1F0000000000001000000F8C0041003F4FFFF7D
:10C20000536900005374313362617369635F69730A
:10C21000747265616D497753743131636861725F1F
:10C220007472616974734977454500007263021046
:10C23000626302104A6302103863021078630210CE
:10C240003A6702102A670210126702100067021094
:10C2500040670210C68A02108A8A0210E287021022
:10C26000C2890210D2870210D2870210D287021030
:10C27000DA890210268A0210D2870210D2870210B1
:10C28000D28702103E8A0210D2870210D287021093
:10C29000D2870210D28702102E8B0210CA88021099
:10C2A000388B0210D2870210D2870210D287021078
:10C2B000428B0210E28702104E8B0210D2870210CE
:10C2C000D2870210D2870210D2870210D2870210C2
:10C2D000D2870210528C0210388802101089021086
:10C2E0007E8C0210CA8C0210D2870210D2870210F4
:10C2F00038880210D2870210D2870210D28702102B
:10C30000D28702105C890210A8890210D28702101D
:10C31000D2870210D2870210D2870210D287021071
:10C32000C6860210D2870210D2870210D28702106E
:10C33000728C0210E287021050CC0210B8CE0210AC
:10C3400070CE021058CE0210F2CC0210ECD40210C3
:10C3500054D702100CD70210F4D602108ED502105A
:10C3600000000000E4C504101D470210FD47021044
:10C37000B54A0210C94B02108D45021000000000A2
:10C3800028C6041045350110913501107145021081
:10C3900079450210794A0210014A02103D4A021002
:10C3A00000000000F0C50410CD45021069460210DF
:10C3B00015A30210EDA2021075AD021071B40210A7
:10C3C0006DBB0210F1C302107DCB0210A9980210C0
:10C3D000CD990210F19A021095BB021000000000E6
:10C3E000FCC50410E14502108546021005DF02106D
:10C3F00029700210C171021025740210D975021043
:10C4000005790210357C0210E17102100000000075
:10C41000A0C50410F5450210A1460210000000005E
:10C4200088C5041039470210794702100000000047
:10C4300068C50410F92E0110452F0110094502109E
:10C44000114502105D48021099480210D5480210AB
:10C4500021480210194502102145021049450210D9
:10C460000000000048C50410612F0110AD2F01101D
:10C47000A1440210A9440210114902104D490210B2
:10C4800089490210C5490210B1440210B944021092
:10C49000E14402100000000008C60410ED4602103E
:10C4A000094702108545021069AF03108945021043
:10C4B00000000000C4C504100000000000000000DF
:10C4C000D5A00310D5A00310D5A00310D5A003104C
:10C4D000D5A00310D5A00310D5A0031000000000C4
:10C4E00060C60410A545021031460210DDDC0210C2
:10C4F00091DD0210000000006CC60410B945021066
:10C500004D46021021690210F16A0210000000007D
:10C5100054C6041009460210B54602107D5E021092
:10C520000000000034C604101D460210D14602105F
:10C5300081450210958D02106D8E0210F982021055
:10C540002D84021039500210D4D4041078C604107F
:10C5500000000000020000000C9D0410020000001A
:10C560006CAF041002000000D4D4041090C6041074
:10C5700000000000020000000C9D041002000000FA
:10C580006CAF041002000000CC9C0410A8C604107C
:10C590000C9D0410CC9C0410BCC604100C9D04100F
:10C5A000CC9C0410D4C604100C9D0410CC9C041028
:10C5B000F0C604100C9D0410CC9C041010C704108D
:10C5C0000C9D0410D4D4041030C7041000000000E7
:10C5D000020000000C9D041002000000609E041088
:10C5E00002000000CC9C04105CC704100C9D0410D9
:10C5F000CC9C04106CC704100C9D0410CC9C04103F
:10C60000A8C704100C9D0410D4D40410E4C704106F
:10C6100000000000020000000C9D04100200000059
:10C6200088AF041002000000CC9C0410F4C7041072
:10C630000C9D0410D4D4041004C8041000000000A1
:10C64000020000000C9D041002000000A0AF0410C6
:10C6500002000000CC9C041040C804100C9D041083
:10C66000CC9C04107CC804100C9D0410CC9C0410BD
:10C67000B8C804100C9D0410537431306D6F6E6592
:10C680007970756E637449634C62304545000000F3
:10C69000537431306D6F6E657970756E6374496374
:10C6A0004C62314545000000537431315F5F74695D
:10C6B0006D6570756E63744963450000537431365F
:10C6C0005F5F6E756D70756E63745F6361636865DF
:10C6D00049634500537431375F5F74696D657075E8
:10C6E0006E63745F636163686549634500000000C1
:10C6F000537431385F5F6D6F6E657970756E6374FA
:10C700005F636163686549634C62304545000000C2
:10C71000537431385F5F6D6F6E657970756E6374D9
:10C720005F636163686549634C62314545000000A1
:10C73000537432335F5F636F64656376745F616205
:10C740007374726163745F626173654963633130EE
:10C750005F6D6273746174655F7445005374376311
:10C760006F6C6C6174654963450000005374376EEB
:10C77000756D5F6765744963537431396973747299
:10C7800065616D6275665F6974657261746F724927
:10C790006353743131636861725F74726169747379
:10C7A00049634545450000005374376E756D5F70F1
:10C7B00075744963537431396F73747265616D6256
:10C7C00075665F6974657261746F72496353743121
:10C7D00031636861725F747261697473496345455E
:10C7E000450000005374386D657373616765734964
:10C7F000634500005374386E756D70756E637449CF
:10C800006345000053743874696D655F67657449EA
:10C8100063537431396973747265616D6275665FF3
:10C820006974657261746F724963537431316368FE
:10C8300061725F74726169747349634545450000B4
:10C8400053743874696D655F7075744963537431DE
:10C85000396F73747265616D6275665F6974657254
:10C8600061746F72496353743131636861725F74CC
:10C870007261697473496345454500005374396DAD
:10C880006F6E65795F676574496353743139697395
:10C89000747265616D6275665F6974657261746FEB
:10C8A00072496353743131636861725F7472616994
:10C8B00074734963454545005374396D6F6E6579EE
:10C8C0005F7075744963537431396F737472656145
:10C8D0006D6275665F6974657261746F72496353E6
:10C8E000743131636861725F747261697473496332
:10C8F0004545450008C904101CC904100400000087
:10C900000000000054C9041061E10210A9E1021006
:10C91000FCFFFFFFFCFFFFFF54C9041081E1021080
:10C92000CDE1021038C904104CC904100400000005
:10C93000000000006CC90410F9E1021041E202108D
:10C94000FCFFFFFFFCFFFFFF6CC9041019E202109F
:10C9500065E20210D4D4041084C904100000000061
:10C9600001000000ECC0041003F4FFFFD4D4041055
:10C9700088C904100000000001000000F8C0041085
:10C9800003F4FFFF536F0000537431336261736926
:10C99000635F6F73747265616D497753743131638E
:10C9A0006861725F7472616974734977454500000C
:10C9B0006D7431393933370072616E646F6D5F6445
:10C9C00065766963653A3A5F4D5F696E69745F7059
:10C9D000726574723128636F6E7374207374643A75
:10C9E0003A737472696E6726290000006E6F7420B6
:10C9F000656E6F75676820737061636520666F721E
:10CA000020666F726D617420657870616E73696FF6
:10CA10006E2028506C65617365207375626D697452
:10CA20002066756C6C20627567207265706F727419
:10CA30002061742068747470733A2F2F6763632EBB
:10CA4000676E752E6F72672F627567732F293A0AAA
:10CA500020202020000000003031323334353637BA
:10CA60003839000000000000E4CA04109DE50210FF
:10CA7000CDE50210EDE40210F1E40210F5E402103D
:10CA800009E5021025E5021029E5021035E702103C
:10CA90002DE502100DE7021035E5021079E60210CF
:10CAA0003DE5021000000000ECCA0410B5E50210DC
:10CAB000E9E5021045E5021049E502104DE50210D6
:10CAC00061E502107DE5021081E50210C9E7021060
:10CAD00085E50210E5E602108DE5021005E602107C
:10CAE00095E502107CD30410F4CA04107CD3041022
:10CAF00020CB04105374313562617369635F7374C2
:10CB00007265616D62756649635374313163686142
:10CB1000725F747261697473496345450000000077
:10CB20005374313562617369635F73747265616DEB
:10CB3000627566497753743131636861725F7472EC
:10CB4000616974734977454500000000626173694B
:10CB5000635F737472696E673A3A5F4D5F637265C3
:10CB60006174650062617369635F737472696E6793
:10CB70003A3A5F4D5F7265706C616365000000005A
:10CB800048140310361403101E1403100814031065
:10CB90005014031004180310F2170310DA170310CF
:10CBA000C41703100C1803100C3803102C38031092
:10CBB0003C340310683803109C3303109C3303107B
:10CBC0009C33031050370310983703109C33031025
:10CBD0009C3303109C330310AE3703109C330310B7
:10CBE0009C3303109C3303109C330310F63703105F
:10CBF0001C350310263903109C3303109C3303109B
:10CC00009C330310C03503103C340310043603106A
:10CC10009C3303109C3303109C3303109C3303108C
:10CC20009C3303109C3303105E3503108E340310C5
:10CC3000FE36031008370310723803109C330310BC
:10CC40009C3303108E3403109C3303109C33031069
:10CC50009C3303109C330310B838031002390310BF
:10CC60009C3303109C3303109C3303109C3303103C
:10CC70009C3303100A3403109C3303109C330310BD
:10CC80009C3303101C3903103C340310CC76031082
:10CC90009679031014780310C47803105C7703109E
:10CCA0001C800310E68203106481031014820310B9
:10CCB000AC8003100000000098CF0410F9F10210BE
:10CCC0001DF30210A9F60210C1F7021069F002105C
:10CCD0000000000058CF0410000000000000000019
:10CCE000D5A00310D5A00310D5A00310D5A0031024
:10CCF000D5A00310D5A00310D5A00310D5A0031014
:10CD0000D5A00310D5A00310D5A00310D5A0031003
:10CD100000000000DCCF04104D36011099360110E0
:10CD20004DF0021055F0021031F40210A9F5021076
:10CD300029F5021000000000A4CF0410A9F0021091
:10CD400045F10210254F0310FD4E03102159031029
:10CD5000B55F03105D660310CD6E0310F975031007
:10CD6000E9440310094603102947031085660310A0
:10CD700000000000B0CF0410BDF0021061F10210FD
:10CD8000F1240310D1240310491F031015280310A8
:10CD900089220310052B0310F92D0310691F0310BE
:10CDA0000000000034CF0410D1F002107DF1021019
:10CDB000000000001CCF041015F2021055F2021002
:10CDC00000000000FCCE04100931011055310110A3
:10CDD000E5EF0210EDEF021041F30210E9F5021049
:10CDE00029F6021069F60210F5EF0210FDEF0210AD
:10CDF00025F0021000000000DCCE0410713101109B
:10CE0000BD3101107DEF021085EF0210B9F3021061
:10CE1000A9F40210E9F4021069F502108DEF021076
:10CE200095EF0210BDEF021000000000BCCF04100F
:10CE3000C9F10210E5F1021061F0021079AF0310A0
:10CE400065F002100000000078CF04100000000020
:10CE500000000000D5A00310D5A00310D5A003103A
:10CE6000D5A00310D5A00310D5A00310D5A00310A2
:10CE70000000000014D0041081F002100DF1021027
:10CE8000C1880310758903100000000020D0041031
:10CE900095F0021029F10210E9190310751B031017
:10CEA0000000000008D00410E5F0021091F102101B
:10CEB000A90C031000000000E8CF0410F9F00210E4
:10CEC000ADF102105DF0021099390310653A0310BC
:10CED000510D0310810E031089FB0210D4D40410ED
:10CEE0002CD0041000000000020000000C9D041073
:10CEF000020000006CAF041002000000D4D4041043
:10CF000044D0041000000000020000000C9D04103A
:10CF1000020000006CAF041002000000CC9C041062
:10CF20005CD004100C9D0410CC9C041070D0041034
:10CF30000C9D0410CC9C041088D004100C9D04108F
:10CF4000CC9C0410A4D004100C9D0410CC9C0410A4
:10CF5000C4D004100C9D0410D4D40410E4D00410E8
:10CF600000000000020000000C9D04100200000000
:10CF700098AB041002000000D4D4041004D10410B3
:10CF800000000000020000000C9D041002000000E0
:10CF9000609E041002000000CC9C041030D10410EC
:10CFA0000C9D0410CC9C041040D104100C9D041066
:10CFB000CC9C04107CD104100C9D0410D4D404101B
:10CFC000B8D1041000000000020000000C9D041005
:10CFD0000200000088AF041002000000CC9C041086
:10CFE000C8D104100C9D0410D4D40410D8D104105E
:10CFF00000000000020000000C9D04100200000070
:10D00000A0AF041002000000CC9C041014D2041045
:10D010000C9D0410CC9C041050D204100C9D0410E4
:10D02000CC9C04108CD204100C9D0410537431302D
:10D030006D6F6E657970756E637449774C623045BB
:10D0400045000000537431306D6F6E657970756EF8
:10D05000637449774C6231454500000053743131A7
:10D060005F5F74696D6570756E6374497745000024
:10D07000537431365F5F6E756D70756E63745F6388
:10D080006163686549774500537431375F5F746940
:10D090006D6570756E63745F63616368654977453C
:10D0A00000000000537431385F5F6D6F6E657970FA
:10D0B000756E63745F636163686549774C62304580
:10D0C00045000000537431385F5F6D6F6E65797095
:10D0D000756E63745F636163686549774C6231455F
:10D0E00045000000537432315F5F63747970655F8F
:10D0F00061627374726163745F62617365497745DD
:10D1000000000000537432335F5F636F64656376C1
:10D11000745F61627374726163745F6261736549A5
:10D12000776331305F6D6273746174655F7445005D
:10D13000537437636F6C6C61746549774500000008
:10D140005374376E756D5F67657449775374313901
:10D150006973747265616D6275665F697465726129
:10D16000746F72497753743131636861725F74729E
:10D170006169747349774545450000005374376E03
:10D18000756D5F7075744977537431396F7374724C
:10D1900065616D6275665F6974657261746F72490D
:10D1A0007753743131636861725F7472616974734B
:10D1B00049774545450000005374386D65737361C8
:10D1C00067657349774500005374386E756D7075E7
:10D1D0006E6374497745000053743874696D655FF8
:10D1E0006765744977537431396973747265616D19
:10D1F0006275665F6974657261746F7249775374A2
:10D200003131636861725F74726169747349774523
:10D210004545000053743874696D655F70757449D5
:10D2200077537431396F73747265616D6275665FBF
:10D230006974657261746F724977537431316368D0
:10D2400061725F7472616974734977454545000086
:10D250005374396D6F6E65795F6765744977537480
:10D2600031396973747265616D6275665F69746581
:10D270007261746F72497753743131636861725FA0
:10D280007472616974734977454545005374396D0B
:10D290006F6E65795F7075744977537431396F7348
:10D2A000747265616D6275665F6974657261746FD1
:10D2B00072497753743131636861725F7472616966
:10D2C00074734977454545007374643A3A62616402
:10D2D0005F616C6C6F630000CC9C0410E4D204109E
:10D2E000E0D304105374396261645F616C6C6F63E6
:10D2F0000000000000000000D8D20410A990031024
:10D30000C1900310A19003107374643A3A6261648F
:10D310005F63617374000000CC9C041024D304107C
:10D32000E0D304105374386261645F636173740006
:10D330000000000018D30410E990031001910310BD
:10D34000E1900310CC9C041050D30410F09C041006
:10D350004E31305F5F637878616269763131375F73
:10D360005F636C6173735F747970655F696E666F1C
:10D37000450000000000000044D304106991031030
:10D3800081910310B5150110B5150110FD91031021
:10D3900021910310E1910310A19103105591031005
:10D3A0007374643A3A657863657074696F6E0000EF
:10D3B0007374643A3A6261645F6578636570746936
:10D3C0006F6E00007CD30410E8D304107CD30410EB
:10D3D00008D40410CC9C04102CD40410E0D3041006
:10D3E0007CD3041040D404104E31305F5F637878F2
:10D3F000616269763131355F5F666F726365645F64
:10D40000756E77696E6445004E31305F5F63787882
:10D41000616269763131395F5F666F726569676E27
:10D420005F657863657074696F6E4500537431335E
:10D430006261645F657863657074696F6E00000097
:10D44000537439657863657074696F6E000000000D
:10D4500000000000D4D30410599803106D980310F5
:10D4600065980310B298031066990310169903107B
:10D47000B2980310FC980310989903109899031020
:10D480009899031098990310329903102299031068
:10D49000B2980310FC980310CC9C0410A4D4041080
:10D4A00044D304104E31305F5F63787861626976EF
:10D4B0003132315F5F766D695F636C6173735F7486
:10D4C0007970655F696E666F4500000000000000BE
:10D4D00098D40410DDA00310F5A00310B5150110B9
:10D4E000B5150110FD9103102191031069A50310DA
:10D4F000B1A1031015A10310254C66006C6F636188
:10D500006C653A3A66616365743A3A5F535F637279
:10D51000656174655F635F6C6F63616C65206E61EC
:10D520006D65206E6F742076616C69640000000088
:10D53000CC9C041048D50410C4C50410CC9C041025
:10D5400064D5041078CF0410537437636F64656337
:10D55000767449636331305F6D6273746174655FC3
:10D5600074450000537437636F646563767449775C
:10D570006331305F6D6273746174655F7445000080
:10D580000000000030D5041091A903103DAA03103B
:10D5900049A9031059A9031061A9031071A9031027
:10D5A00075A9031079A9031071A9031000000000E8
:10D5B0003CD50410C5A90310F9A90310E1AA031072
:10D5C00085A9031095AB031011AC03108DA90310AE
:10D5D00041AC03102DAC03102D2B78583031323371
:10D5E00034353637383961626364656630313233D9
:10D5F000343536373839414243444546000000004F
:10D600002D2B785830313233343536373839616222
:10D610006364656641424344454600002D30313223
:10D620003334353637383900474D540048535400A9
:10D63000414B535400000000505354004D535400CC
:10D640004353540045535400415354004E53540027
:10D650004345540049535400454554004A5354002F
:10D66000470000004D0000005400000000000000D2
:10D6700048000000530000005400000000000000BB
:10D68000410000004B000000530000005400000067
:10D690000000000050000000530000005400000093
:10D6A000000000004D000000530000005400000086
:10D6B0000000000043000000530000005400000080
:10D6C000000000004500000053000000540000006E
:10D6D0000000000041000000530000005400000062
:10D6E000000000004E000000530000005400000045
:10D6F000000000004300000045000000540000004E
:10D700000000000049000000530000005400000029
:10D71000000000004500000045000000540000002B
:10D72000000000004A000000530000005400000008
:10D730000000000002030004CC9C041068D7041011
:10D74000E0D30410CC9C041078D7041038D7041010
:10D75000CC9C04108CD7041038D70410CC9C041037
:10D76000A0D70410E0D30410537431316C6F676993
:10D77000635F6572726F7200537431326C656E67ED
:10D7800074685F6572726F7200000000537431320A
:10D790006F75745F6F665F72616E67650000000091
:10D7A0005374313372756E74696D655F6572726F33
:10D7B000720000000000000038D70410E5AF03102D
:10D7C000EDB00310A1AF03100000000044D7041017
:10D7D0006DB003107DB10310A1AF03100000000075
:10D7E00050D70410ADB0031035B10310A1AF031032
:10D7F000000000005CD70410A5AF031025B0031093
:10D80000A1AF0310414D0000504D000053756E64F0
:10D81000617900004D6F6E64617900005475657325
:10D82000646179005765646E657364617900000016
:10D83000546875727364617900000000467269640F
:10D8400061790000536174757264617900000000B1
:10D8500053756E004D6F6E0054756500576564001A
:10D860005468750046726900536174004A616E75B0
:10D87000617279004665627275617279000000001C
:10D880004D61726368000000417072696C000000B5
:10D890004D6179004A756E65000000004A756C792B
:10D8A0000000000041756775737400005365707463
:10D8B000656D6265720000004F63746F626572008F
:10D8C0004E6F76656D6265720000000044656365A9
:10D8D0006D626572000000004A616E00466562007C
:10D8E0004D617200417072004A756E004A756C009D
:10D8F00041756700536570004F6374004E6F76008A
:10D9000044656300250000006D0000002F0000004A
:10D9100025000000640000002F000000250000002A
:10D920007900000000000000250000004800000011
:10D930003A000000250000004D0000003A00000001
:10D94000250000005300000000000000410000001E
:10D950004D00000000000000500000004D000000DD
:10D960000000000053000000750000006E00000081
:10D970006400000061000000790000000000000069
:10D980004D0000006F0000006E0000006400000009
:10D990006100000079000000000000005400000059
:10D9A00075000000650000007300000064000000C6
:10D9B0006100000079000000000000005700000036
:10D9C00065000000640000006E00000065000000BB
:10D9D0007300000064000000610000007900000096
:10D9E0000000000054000000680000007500000006
:10D9F000720000007300000064000000610000007D
:10DA000079000000000000004600000072000000E5
:10DA1000690000006400000061000000790000005F
:10DA200000000000530000006100000074000000CE
:10DA3000750000007200000064000000610000003A
:10DA40007900000000000000530000007500000095
:10DA50006E000000000000004D0000006F0000009C
:10DA60006E0000000000000054000000750000007F
:10DA70006500000000000000570000006500000085
:10DA80006400000000000000540000006800000076
:10DA90007500000000000000460000007200000059
:10DAA0006900000000000000530000006100000059
:10DAB00074000000000000004A0000006100000047
:10DAC0006E000000750000006100000072000000A0
:10DAD0007900000000000000460000006500000022
:10DAE000620000007200000075000000610000008C
:10DAF0007200000079000000000000004D000000EE
:10DB00006100000072000000630000006800000077
:10DB100000000000410000007000000072000000E2
:10DB2000690000006C000000000000004D000000D3
:10DB30006100000079000000000000004A000000C1
:10DB4000750000006E00000065000000000000008D
:10DB50004A000000750000006C0000007900000021
:10DB60000000000041000000750000006700000098
:10DB70007500000073000000740000000000000049
:10DB800053000000650000007000000074000000F9
:10DB9000650000006D0000006200000065000000EC
:10DBA00072000000000000004F0000006300000051
:10DBB000740000006F0000006200000065000000BB
:10DBC00072000000000000004E0000006F00000026
:10DBD00076000000650000006D000000620000009B
:10DBE000650000007200000000000000440000001A
:10DBF0006500000063000000650000006D0000008B
:10DC000062000000650000007200000000000000DB
:10DC10004A000000610000006E00000000000000EB
:10DC200046000000650000006200000000000000E7
:10DC30004D000000610000007200000000000000C4
:10DC400041000000700000007200000000000000B1
:10DC50004A000000750000006E0000000000000097
:10DC60004A000000750000006C0000000000000089
:10DC70004100000075000000670000000000000087
:10DC8000530000006500000070000000000000006C
:10DC90004F0000006300000074000000000000005E
:10DCA0004E0000006F000000760000000000000041
:10DCB0004400000065000000630000000000000058
:10DCC00067656E657269630073797374656D0000D2
:10DCD00064B803105EB803105EB803105EB803109A
:10DCE0005EB803105EB803105EB803105EB8031090
:10DCF0005EB803105EB803105EB803105EB8031080
:10DD00005EB803105EB803105EB8031064B8031069
:10DD10005EB803105EB803105EB803105EB803105F
:10DD20005EB803105EB803105EB803105EB803104F
:10DD30005EB803105EB803105EB803105EB803103F
:10DD40005EB803105EB803105EB803105EB803102F
:10DD50005EB803105EB803105EB803105EB803101F
:10DD60005EB8031064B8031064B8031064B80310FD
:10DD700064B8031064B8031064B8031064B80310E7
:10DD800064B803105EB803105EB8031064B80310E3
:10DD900064B8031064B8031064B8031064B80310C7
:10DDA00064B8031064B8031064B8031064B80310B7
:10DDB00064B8031064B8031064B8031064B80310A7
:10DDC0005EB803105EB803105EB803105EB80310AF
:10DDD00064B8031064B8031064B803105EB803108D
:10DDE00064B8031064B8031064B803105EB803107D
:10DDF00064B8031064B8031064B8031064B8031067
:10DE000064B803105EB8031064B8031064B803105C
:10DE100064B8031064B8031064B8031064B8031046
:10DE200064B8031064B8031064B8031064B8031036
:10DE30005EB8031064B803105EB803105EB8031038
:10DE40005EB8031064B8031064B803105EB8031022
:10DE500064B8031064B8031064B8031064B8031006
:10DE600064B8031064B8031064B8031064B80310F6
:10DE70005EB803105EB803105EB803105EB80310FE
:10DE80005EB803105EB8031064B803105EB80310E8
:10DE90005EB803105EB803105EB803105EB80310DE
:10DEA0005EB8031064B803105EB803105EB80310C8
:10DEB0005EB803105EB803105EB803105EB80310BE
:10DEC00064B803105EB803105EB803105EB80310A8
:10DED0005EB8031064B8031064B8031064B803108C
:10DEE00064B8031064B803105EB8031064B803107C
:10DEF00064B8031064B803105EB803105EB8031072
:10DF00005EB803105EB803105EB80310CC9C04101A
:10DF10002CDF041024DF0410CC9C041058DF041004
:10DF200024DF04107CD3041084DF04102A4E313225
:10DF30005F474C4F42414C5F5F4E5F3132317379E6
:10DF40007374656D5F6572726F725F63617465672C
:10DF50006F727945000000002A4E31325F474C4F06
:10DF600042414C5F5F4E5F31323267656E65726968
:10DF7000635F6572726F725F63617465676F7279F8
:10DF8000450000004E5374335F563231346572726F
:10DF90006F725F63617465676F727945000000009E
:10DFA000000000000CDF0410CDB80310D5B803103A
:10DFB00049B80310EDB8031029B9031051B8031084
:10DFC00081B80310B1B803100000000018DF04107E
:10DFD000D1B80310E1B8031041B80310EDB8031035
:10DFE00029B9031079B8031081B80310B1B8031030
:10DFF0007374643A3A6261645F61727261795F6EF0
:10E0000065775F6C656E677468000000CC9C0410D7
:10E0100018E00410D8D20410537432306261645F87
:10E0200061727261795F6E65775F6C656E67746847
:10E0300000000000000000000CE00410D9B903103B
:10E04000F1B90310D1B90310002020202020202096
:10E050002020282828282820202020202020202098
:10E0600020202020202020202088101010101010A8
:10E0700010101010101010101004040404040404F4
:10E08000040404101010101010104141414141418E
:10E090000101010101010101010101010101010170
:10E0A0000101010110101010101042424242424280
:10E0B0000202020202020202020202020202020240
:10E0C00002020202101010102000000000000000E8
:10E0D0000000000000000000000000000000000040
:10E0E0000000000000000000000000000000000030
:10E0F0000000000000000000000000000000000020
:10E10000000000000000000000000000000000000F
:10E1100000000000000000000000000000000000FF
:10E1200000000000000000000000000000000000EF
:10E1300000000000000000000000000000000000DF
:10E140000000000000000000000000004822002045
:10E150001ACA0310D8C90310DEC90310E4C903109A
:10E16000EAC90310F0C90310F6C90310FCC9031073
:10E1700002CA031008CA03100ECA031014CA0310FF
:10E18000D2C90310504F5349580000002E00000020
:10E190004E6F74206F776E65720000004E6F2073B3
:10E1A0007563682066696C65206F722064697265AA
:10E1B00063746F72790000004E6F2073756368207E
:10E1C00070726F6365737300496E746572727570F7
:10E1D0007465642073797374656D2063616C6C0081
:10E1E000492F4F206572726F720000004E6F2073CE
:10E1F00075636820646576696365206F7220616469
:10E200006472657373000000417267206C697374F7
:10E2100020746F6F206C6F6E670000004578656337
:10E2200020666F726D6174206572726F72000000FB
:10E23000536F636B657420616C72656164792063F0
:10E240006F6E6E6563746564000000004261642057
:10E2500066696C65206E756D626572004E6F206335
:10E2600068696C6472656E0044657374696E61748C
:10E27000696F6E2061646472657373207265717575
:10E2800069726564000000004E6F206D6F7265203A
:10E2900070726F6365737365730000004E6F742056
:10E2A000656E6F75676820737061636500000000BC
:10E2B0005065726D697373696F6E2064656E696510
:10E2C00064000000426164206164647265737300DD
:10E2D000446576696365206F72207265736F75722D
:10E2E000636520627573790046696C65206578699D
:10E2F0007374730043726F73732D6465766963651D
:10E30000206C696E6B0000004E6F2073756368208F
:10E3100064657669636500004E6F742061206469EE
:10E32000726563746F727900486F7374206973202B
:10E33000646F776E00000000436F6E6E65637469F2
:10E340006F6E20616C726561647920696E207072F5
:10E350006F6772657373000049732061206469728E
:10E360006563746F72790000496E76616C69642030
:10E37000617267756D656E74000000004E6574779C
:10E380006F726B20696E7465726661636520697374
:10E39000206E6F7420636F6E6669677572656400C6
:10E3A000436F6E6E656374696F6E2061626F727425
:10E3B0006564206279206E6574776F726B0000006F
:10E3C000546F6F206D616E79206F70656E20666985
:10E3D0006C657320696E2073797374656D0000003D
:10E3E00046696C652064657363726970746F72202E
:10E3F00076616C756520746F6F206C617267650063
:10E400004E6F74206120636861726163746572206D
:10E410006465766963650000546578742066696C8C
:10E42000652062757379000046696C6520746F6FB2
:10E43000206C617267650000486F737420697320F7
:10E44000756E726561636861626C65004E6F207302
:10E4500070616365206C656674206F6E20646576FC
:10E46000696365004E6F7420737570706F727465A8
:10E4700064000000496C6C6567616C207365656BB6
:10E4800000000000526561642D6F6E6C7920666932
:10E490006C652073797374656D000000546F6F2094
:10E4A0006D616E79206C696E6B73000042726F6BE8
:10E4B000656E2070697065004D617468656D61748A
:10E4C00069637320617267756D656E74206F757412
:10E4D000206F6620646F6D61696E206F66206675BF
:10E4E0006E6374696F6E0000526573756C7420748E
:10E4F0006F6F206C61726765000000004E6F206DC9
:10E50000657373616765206F662064657369726502
:10E5100064207479706500004964656E7469666989
:10E5200065722072656D6F7665640000496C6C657C
:10E5300067616C20627974652073657175656E63BF
:10E5400065000000446561646C6F636B000000004F
:10E550004E6574776F726B20697320756E7265619A
:10E56000636861626C6500004E6F206C6F636B00C6
:10E570004E6F7420612073747265616D000000003D
:10E5800053747265616D20696F63746C2074696D7A
:10E59000656F7574000000004E6F207374726561C2
:10E5A0006D207265736F757263657300566972745E
:10E5B00075616C2063697263756974206973206783
:10E5C0006F6E650050726F746F636F6C206572724E
:10E5D0006F720000556E6B6E6F776E2070726F7485
:10E5E0006F636F6C000000004D756C7469686F702C
:10E5F00020617474656D707465640000426164200C
:10E600006D6573736167650046756E6374696F6EDF
:10E61000206E6F7420696D706C656D656E746564D5
:10E62000000000004469726563746F7279206E6F38
:10E630007420656D7074790046696C65206F722076
:10E6400070617468206E616D6520746F6F206C6FEF
:10E650006E670000546F6F206D616E792073796D65
:10E66000626F6C6963206C696E6B73004E6F206221
:10E670007566666572207370616365206176616995
:10E680006C61626C650000004E6F20646174610013
:10E69000416464726573732066616D696C79206E84
:10E6A0006F7420737570706F727465642062792066
:10E6B00070726F746F636F6C2066616D696C790046
:10E6C00050726F746F636F6C2077726F6E67207417
:10E6D00079706520666F7220736F636B65740000DC
:10E6E000536F636B6574206F7065726174696F6ED0
:10E6F000206F6E206E6F6E2D736F636B65740000FC
:10E7000050726F746F636F6C206E6F7420617661EE
:10E71000696C61626C650000436F6E6E656374695D
:10E720006F6E20726566757365640000436F6E6E70
:10E73000656374696F6E20726573657420627920F9
:10E740007065657200000000416464726573732037
:10E75000616C726561647920696E20757365000073
:10E7600041646472657373206E6F742061766169B1
:10E770006C61626C65000000536F6674776172654E
:10E780002063617573656420636F6E6E6563746981
:10E790006F6E2061626F727400000000536F636BD4
:10E7A0006574206973206E6F7420636F6E6E65638D
:10E7B00074656400536F636B657420697320616CCA
:10E7C000726561647920636F6E6E65637465640061
:10E7D0004F7065726174696F6E2063616E63656C02
:10E7E000656400005374617465206E6F74207265F7
:10E7F000636F76657261626C6500000050726576C9
:10E80000696F7573206F776E657220646965640047
:10E810004F7065726174696F6E206E6F74207375CE
:10E8200070706F72746564206F6E20736F636B65B8
:10E830007400000056616C756520746F6F206C6108
:10E8400072676520666F7220646566696E65642014
:10E850006461746120747970650000004D657373A4
:10E8600061676520746F6F206C6F6E670000000039
:10E87000436F6E6E656374696F6E2074696D656455
:10E88000206F757400000000537563636573730037
:10E8900074DF031078DF031070DF03106CDF0310E8
:10E8A00068DF031064DF031060DF03105CDF031018
:10E8B00058DF031054DF031050DF03104CDF031048
:10E8C00048DF031044DF031040DF031026DE03108F
:10E8D0003CDF031038DF031034DF031030DF031098
:10E8E0002CDF031028DF031024DF031020DF0310C8
:10E8F0001CDF031018DF031014DF031010DF0310F8
:10E900000CDF031008DF031004DF031000DF031027
:10E91000FCDE0310F8DE0310F4DE0310F0DE03105B
:10E92000ECDE031026DE031026DE031026DE0310C5
:10E9300026DE031026DE031026DE031026DE03107B
:10E9400026DE0310E8DE0310E4DE031026DE0310EB
:10E9500026DE031026DE031026DE031026DE03105B
:10E9600026DE031026DE031026DE031026DE03104B
:10E9700026DE031026DE031026DE031026DE03103B
:10E98000E0DE0310DCDE0310D8DE0310D4DE03105B
:10E9900026DE031026DE031026DE0310D0DE031071
:10E9A00026DE031026DE031026DE0310CCDE031065
:10E9B00026DE031026DE0310C8DE031026DE031059
:10E9C00026DE0310C4DE031026DE031026DE03104D
:10E9D00026DE031026DE031026DE031026DE0310DB
:10E9E00026DE031026DE031026DE031026DE0310CB
:10E9F000C0DE031026DE0310BCDE0310B8DE0310F9
:10EA0000B4DE031026DE031026DE0310B0DE031092
:10EA100026DE031026DE031026DE031026DE03109A
:10EA200026DE031026DE031026DE031026DE03108A
:10EA3000ACDE0310A8DE0310A4DE0310A0DE03107A
:10EA40009CDE031098DE031026DE031094DE031014
:10EA500090DE03108CDE031088DE031084DE0310CA
:10EA600080DE03107CDE031078DE031074DE0310FA
:10EA700060DE03105CDE031058DE031054DE03106A
:10EA800026DE031050DE03104CDE031048DE0310B8
:10EA900044DE031026DE031026DE031026DE0310FC
:10EAA00026DE031026DE031070DE031026DE0310C0
:10EAB00026DE031026DE03106CDE031068DE031072
:10EAC00064DE031040DE03103CDE031066E1031039
:10EAD00046E1031046E1031046E1031046E103104E
:10EAE00046E1031046E1031046E1031046E103103E
:10EAF00046E1031046E1031046E1031046E103102E
:10EB000046E1031046E1031046E1031066E10310FD
:10EB100066E1031066E1031046E1031046E10310CD
:10EB200046E1031046E1031046E1031046E10310FD
:10EB300046E1031046E1031046E1031046E10310ED
:10EB400046E1031046E1031046E1031066E10310BD
:10EB500066E1031066E1031066E1031066E103104D
:10EB600046E1031046E1031046E1031046E10310BD
:10EB700046E1031046E1031046E1031046E10310AD
:10EB800046E1031046E1031046E1031046E103109D
:10EB900066E1031046E1031066E1031046E103104D
:10EBA00066E103106AE103106AE1031046E1031015
:10EBB00046E1031046E1031046E1031046E103106D
:10EBC00046E1031046E1031046E103106AE1031039
:10EBD0006AE103106AE103106AE1031046E10310E1
:10EBE00046E103106AE103106AE1031046E10310F5
:10EBF00046E1031046E1031046E1031046E103102D
:10EC000046E1031046E1031046E1031046E103101C
:10EC100046E103106AE103106AE1031046E10310C4
:10EC200046E103106AE103106AE103108EE303106A
:10EC300046E2031046E2031046E2031046E20310E8
:10EC400046E2031046E2031046E2031046E20310D8
:10EC500046E2031046E2031046E2031046E20310C8
:10EC600046E2031046E2031046E2031046E20310B8
:10EC700046E2031046E2031046E2031046E20310A8
:10EC800046E2031046E2031046E2031046E2031098
:10EC900046E2031046E2031046E20310A2E303102B
:10ECA000E4E30310C2E703101CE8031046E203107C
:10ECB00074E90310A6E90310A0E20310C2E20310F6
:10ECC00046E2031046E2031046E203105EE803103A
:10ECD00046E2031046E20310F8E2031046E2031096
:10ECE00024E4031046E4031062E403108AE40310F2
:10ECF00014E7031076E703108AE7031098E7031080
:10ED000088E8031046E2031046E2031046E20310CF
:10ED100046E2031046E2031046E2031010E203103D
:10ED200054E303107AE8031072E2031072E2031056
:10ED300046E20310E8E8031054E3031046E2031030
:10ED400018E90310A0E20310C2E203102AE903103D
:10ED500032E9031046E20310F8E2031046E2031022
:10ED6000AAE40310F4E403102AE60310F8E6031003
:10ED700046E203103EE6031056E6031064E6031075
:10ED800078E60310257325302E2A64002573252E7E
:10ED90002A6400002B0000002D000000252E3264A4
:10EDA0000000000025326400252E32642F252E320B
:10EDB000642F252E32640000256C7500592D256DB9
:10EDC0002D2564002E2A7500252E336400000000D6
:10EDD000252E32643A252E3264000000256C6C64C6
:10EDE00000000000252E32643A252E32643A252E8A
:10EDF00032640000252B30336C64252E326C6400A5
:10EE00006E660000696E697479000000616E000032
:10EE10006CEE03109AED03109AED03109AED0310B7
:10EE20009AED03109AED03109AED03109AED03107A
:10EE30009AED03108EEE03108EEE03108EEE03108B
:10EE40008EEE03108EEE03109AED03109AED031070
:10EE50009AED03109AED03109AED03109AED03104A
:10EE60009AED03109AED03109AED03109AED03103A
:10EE70009AED03109AED03109AED03109AED03102A
:10EE80009AED03109AED03109AED03109AED03101A
:10EE90008EEE03109AED03109AED03109AED031015
:10EEA0009AED03109AED03109AED03109AED0310FA
:10EEB0009AED03109AED03109AED031068F7031012
:10EEC0009AED031050F7031086F703106EF7031046
:10EED0008CF9031086F903107AF903106EF703100A
:10EEE00035000000CEFBFFFFCB0300000100000057
:10EEF0000000000034000000CEFBFFFFCB03000049
:10EF00000100000000000000BC89D897B2D29C3CF0
:10EF100033A7A8D523F649393DA7F444FD0FA53200
:10EF20009D978CCF08BA5B25436FAC6428066811A7
:10EF300065256C6400000000C4000410DA000410B1
:10EF4000DA000410DA000410DA000410E003041000
:10EF5000DA000410DA000410DA000410DA000410F9
:10EF6000DA00041066010410660104106601041042
:10EF700066010410660104106601041066010410A5
:10EF8000660104106601041066010410DA00041022
:10EF9000DA000410DA000410DA000410DA000410B9
:10EFA000DA000410DA000410DA000410DA000410A9
:10EFB000DA0004100203041086010410DA000410C1
:10EFC00086010410DA000410DA000410DA000410DC
:10EFD000DA00041046030410DA000410DA0004100A
:10EFE000F0020410DA000410DA000410DA00041051
:10EFF000DA000410DA000410DA000410DA00041059
:10F00000DA0004101E020410DA000410DA00041002
:10F0100014030410DA000410DA000410DA000410FB
:10F02000DA000410DA000410DA000410DA00041028
:10F030002403041006030410860104108601041042
:10F04000860104105803041088030410DA00041029
:10F05000DA00041096030410DA000410B003041060
:10F06000F40204102E030410DA000410DA00041075
:10F0700032030410DA00041038030410DA0004101C
:10F08000DA0004101E020410EC04041050040410F2
:10F09000EC0404105004041050040410060504107D
:10F0A000BE040410BE040410BE040410BE04041008
:10F0B000BE040410BE040410BE040410F6040410C0
:10F0C000F6040410500404105004041050040410FA
:10F0D0005004041050040410500404105004041090
:10F0E0002C0404102C0404102C0404102C04041010
:10F0F0002C0404102C0404105004041050040410B8
:10F10000500404105004041050040410500404105F
:10F11000500404105004041050040410500404104F
:10F12000500404105004041050040410500404103F
:10F13000500404105004041050040410CE040410B1
:10F14000500404105004041050040410500404101F
:10F15000500404105004041050040410500404100F
:10F160002C0404102C0404102C0404102C0404108F
:10F170002C0404102C040410500404105004041037
:10F1800050040410500404105004041050040410DF
:10F1900050040410500404105004041050040410CF
:10F1A00050040410500404105004041050040410BF
:10F1B000500404105004041050040410CE04041031
:10F1C00024080410FA05041024080410FA05041099
:10F1D000FA050410340804109C0604109C06041060
:10F1E0009C0604109C0604109C0604109C06041047
:10F1F0009C0604109C0604109C060410FA050410DA
:10F20000FA050410FA050410FA050410FA050410B2
:10F21000FA050410FA050410AE060410FA050410ED
:10F22000FA050410FA050410DA070410CC070410DC
:10F23000FA050410FA05041028070410FA05041052
:10F24000FA050410FA050410FA050410F806041073
:10F25000FA050410FA050410FA050410FA05041062
:10F26000FA050410EC060410FA050410FA0504105F
:10F27000FA050410FA050410BA060410FA05041081
:10F28000FA050410FA050410FA050410FA05041032
:10F29000FA050410FA050410AE060410FA0504106D
:10F2A000FA050410FA050410DA070410CC0704105C
:10F2B000FA050410FA05041028070410FA050410D2
:10F2C000FA050410FA050410FA050410F8060410F3
:10F2D000FA050410FA050410FA050410FA050410E2
:10F2E000FA050410EC060410FA050410FA050410DF
:10F2F000FA050410FA050410BA0604100A00010009
:10F3000002000300040005000600070008000900D1
:10F310000A000B000C000D000E000F001000000092
:10F3200025612025622025652025483A254D3A256E
:10F330005320255900000000256120256220256505
:10F340002025483A254D3A255320255A2025590095
:10F350006D64000025493A254D3A2553202570005B
:10F36000D8D80410DCD80410E0D80410E4D8041075
:10F3700090D80410E8D80410ECD80410F0D8041089
:10F38000F4D80410F8D80410FCD8041000D90410E4
:10F390006CD8041074D8041080D8041088D80410D5
:10F3A00090D8041094D804109CD80410A4D8041049
:10F3B000ACD80410B8D80410C0D80410CCD80410AD
:10F3C00050D8041054D8041058D804105CD8041035
:10F3D00060D8041064D8041068D804100CD8041045
:10F3E00014D804101CD8041024D8041030D80410E9
:10F3F0003CD8041044D804106CAE041058AE04106D
:10F4000020F3041004D8041008D8041038F30410B2
:10F410006CD8041074D8041080D8041088D8041054
:10F4200090D8041094D804109CD80410A4D80410C8
:10F43000ACD80410B8D80410C0D80410CCD804102C
:10F4400050F3041054F30410449504104495041030
:10F45000449504104495041044950410545A000037
:10F460002531305B5E302D392C2B2D5D256E000053
:10F47000256875256E3A256875256E3A25687525C7
:10F480006E0000004D256875256E2E256875256E69
:10F490002E256875256E00002F256875256E3A2586
:10F4A0006875256E3A256875256E00006A17041088
:10F4B0004A1704104A1704104A1704104A17041078
:10F4C0004A1704104A1704104A1704104A17041068
:10F4D0004A1704104A1704104A1704104A17041058
:10F4E0004A1704104A1704104A1704106A17041028
:10F4F0006A1704106A1704104A1704104A170410F8
:10F500004A1704104A1704104A1704104A17041027
:10F510004A1704104A1704104A1704104A17041017
:10F520004A1704104A1704104A1704106A170410E7
:10F530006A1704106A1704106A1704106A17041077
:10F540004A1704104A1704104A1704104A170410E7
:10F550004A1704104A1704104A1704104A170410D7
:10F560004A1704104A1704104A1704104A170410C7
:10F570006A1704104A1704106A1704104A17041077
:10F580006A1704106E1704106E1704104A1704103F
:10F590004A1704104A1704104A1704104A17041097
:10F5A0004A1704104A1704104A1704106E17041063
:10F5B0006E1704106E1704106E1704104A1704100B
:10F5C0004A1704106E1704106E1704104A1704101F
:10F5D0004A1704104A1704104A1704104A17041057
:10F5E0004A1704104A1704104A1704104A17041047
:10F5F0004A1704106E1704106E1704104A170410EF
:10F600004A1704106E1704106E170410D81904104E
:10F610005E1804105E1804105E1804105E180410C2
:10F620005E1804105E1804105E1804105E180410B2
:10F630005E1804105E1804105E1804105E180410A2
:10F640005E1804105E1804105E1804105E18041092
:10F650005E1804105E1804105E1804105E18041082
:10F660005E1804105E1804105E1804105E18041072
:10F670005E1804105E1804105E180410EE190410D1
:10F68000421A0410141F0410721F04105E18041094
:10F690002A2004104E200410C2180410E818041088
:10F6A0005E1804105E1804105E1804100E1E04107C
:10F6B0005E1804105E180410221904105E1804105D
:10F6C000AC1A0410D21A0410F21A04101E1B0410F3
:10F6D000AC1D041016200410BA1F0410C01F041023
:10F6E0004C1E04105E1804105E1804105E180410FE
:10F6F0005E1804105E1804105E180410161804102A
:10F700008A1904102E1E04108E1804108E1804106E
:10F710005E180410B01E04108A1904105E1804103C
:10F72000E01E0410C2180410E8180410F61E04109D
:10F73000FE1E04105E180410221904105E18041036
:10F74000421B0410801B0410BE1C04108C1D0410EE
:10F750005E180410D41C0410EE1C0410F41C0410D9
:10F76000081D0410250000007300000025000000A3
:10F77000300000002E0000002A000000640000009D
:10F7800000000000250000007300000025000000BC
:10F790002E0000002A0000006400000000000000AD
:10F7A000250000003200000064000000000000009E
:10F7B000250000002E000000320000006400000060
:10F7C0002F000000250000002E0000003200000085
:10F7D000640000002F000000250000002E00000043
:10F7E000320000006400000000000000250000005E
:10F7F0006C000000750000000000000059000000CF
:10F800002D000000250000006D0000002D0000000C
:10F810002500000064000000000000002E00000031
:10F820002A00000075000000000000002500000014
:10F830002E00000033000000640000000000000003
:10F84000250000006C0000006C0000006400000057
:10F8500000000000250000002E0000003200000023
:10F86000640000003A000000250000002E000000A7
:10F8700032000000640000003A0000002500000093
:10F880002E000000320000006400000000000000B4
:10F89000250000002B0000003000000033000000B5
:10F8A0006C00000064000000250000002E00000035
:10F8B000320000006C000000640000000000000046
:10F8C000626C616E6B0000002C2604100826041088
:10F8D0004C2604105C260410142604101426041070
:10F8E0006C26041014260410142604101426041088
:10F8F000142604107C260410142604101426041068
:10F90000142604108C260410142604101426041047
:10F91000A826041014260410B82604101426041077
:10F92000142604101C26041042616C6C6F63207353
:10F930007563636565646564000000002E2E2F2EDC
:10F940002E2F2E2E2F2E2E2F2E2E2F2E2E2F2E2ED2
:10F950002F2E2E2F6E65776C69622F6C6962632F74
:10F960007374646C69622F6764746F612D6765746A
:10F970006865782E630000000000000000000000B1
:10F980000000000000000000000000000000000077
:10F990000000000000000000000000000000000067
:10F9A00000000000000000001011121314151617BB
:10F9B0001819000000000000001A1B1C1D1E1F006B
:10F9C0000000000000000000000000000000000037
:10F9D0000000000000000000001A1B1C1D1E1F007C
:10F9E0000000000000000000000000000000000017
:10F9F0000000000000000000000000000000000007
:10FA000000000000000000000000000000000000F6
:10FA100000000000000000000000000000000000E6
:10FA200000000000000000000000000000000000D6
:10FA300000000000000000000000000000000000C6
:10FA400000000000000000000000000000000000B6
:10FA500000000000000000000000000000000000A6
:10FA60000000000000000000000000000000000096
:10FA700000000000000000008CE104104495041018
:10FA8000502C00202E2E2F2E2E2F2E2E2F2E2E2FAE
:10FA90002E2E2F2E2E2F2E2E2F2E2E2F6E65776C84
:10FAA00069622F6C6962632F7374646C69622F6D75
:10FAB000707265632E6300000500000019000000ED
:10FAC0007D00000000000000BC89D897B2D29C3CA9
:10FAD00033A7A8D523F649393DA7F444FD0FA53235
:10FAE0009D978CCF08BA5B25436FAC642806C80A83
:10FAF0000080E03779C34143176E05B5B5B893462A
:10FB0000F5F93FE9034F384D321D30F94877825AF5
:10FB10003CBF737FDD4F1575000000000000F03F13
:10FB200000000000000024400000000000005940D8
:10FB30000000000000408F40000000000088C3402B
:10FB400000000000006AF8400000000080842E41A0
:10FB500000000000D01263410000000084D79741EC
:10FB60000000000065CDCD41000000205FA00242F2
:10FB7000000000E876483742000000A2941A6D4267
:10FB8000000040E59C30A2420000901EC4BCD6425A
:10FB900000003426F56B0C430080E03779C3414305
:10FBA00000A0D8855734764300C84E676DC1AB437B
:10FBB000003D9160E458E143408CB5781DAF154499
:10FBC00050EFE2D6E41A4B4492D54D06CFF0804474
:10FBD000F64AE1C7022DB544B49DD9794378EA4489
:10FBE00030313233343536373839616263646566B3
:10FBF00000000000286E756C6C290000385104105C
:10FC0000484E0410484E04102C510410484E041065
:10FC1000484E0410484E0410484E0410484E04103C
:10FC2000484E04101A51041012510410484E04108A
:10FC3000FC4D041052510410484E0410465104105B
:10FC4000704F0410704F0410704F0410704F041068
:10FC5000704F0410704F0410704F0410704F041058
:10FC6000704F0410484E0410484E0410484E0410C3
:10FC7000484E0410484E0410484E0410484E0410DC
:10FC8000484E0410484E0410484E04108C51041085
:10FC9000484E0410484E0410484E0410484E0410BC
:10FCA000484E0410484E0410484E0410484E0410AC
:10FCB000484E0410484E04105E4D0410484E041087
:10FCC000484E0410484E0410484E0410484E04108C
:10FCD0003A4D0410484E0410484E0410C850041009
:10FCE000484E0410484E0410484E0410484E04106C
:10FCF000484E0410484E0410484E0410484E04105C
:10FD0000484E0410484E0410B0500410E84F041040
:10FD1000484E0410484E0410484E0410645004101D
:10FD2000E84F0410484E0410484E04109E50041032
:10FD3000484E041074500410664D0410C65204104E
:10FD4000BC520410484E04107E520410484E041059
:10FD5000424D0410484E0410484E04104C520410FA
:10FD60002020202020202020202020202020202093
:10FD70003030303030303030303030303030303083
:10FD800092590410A8590410A8590410A859041035
:10FD9000A85904102C5D0410A8590410A859041087
:10FDA000A8590410A8590410A8590410605A041046
:10FDB000605A0410605A0410605A0410605A04100B
:10FDC000605A0410605A0410605A0410605A0410FB
:10FDD000605A0410A8590410A8590410A859041016
:10FDE000A8590410A8590410A8590410A8590410BF
:10FDF000A8590410A8590410A8590410CC5C041088
:10FE0000A8590410A8590410A8590410A85904109E
:10FE1000A8590410A8590410A8590410E25C041051
:10FE2000A8590410A8590410B65C0410A85904106D
:10FE3000A8590410A8590410A8590410A85904106E
:10FE4000A8590410A8590410A8590410805A041085
:10FE5000A8590410A8590410945C0410A85904105F
:10FE6000A8590410A8590410A8590410A85904103E
:10FE7000A8590410A8590410A85C0410A064041028
:10FE8000A8590410A8590410A8590410065D0410BC
:10FE90001A5D0410A8590410A8590410785C0410C5
:10FEA000A85904102C5C04109A640410705C0410AF
:10FEB000A8590410A8590410E65A0410A8590410AF
:10FEC000F45C0410A8590410A8590410805A0410B6
:10FED000DE5E0410465E0410DE5E0410465E041012
:10FEE000465E0410F85E0410B05E0410B05E0410AC
:10FEF000B05E0410B05E0410B05E0410B05E04107A
:10FF0000B05E0410E85E0410E85E0410465E041063
:10FF1000465E0410465E0410465E0410465E041001
:10FF2000465E0410465E04101E5E04101E5E041041
:10FF30001E5E04101E5E04101E5E04101E5E041081
:10FF4000465E0410465E0410465E0410465E0410D1
:10FF5000465E0410465E0410465E0410465E0410C1
:10FF6000465E0410465E0410465E0410465E0410B1
:10FF7000465E0410465E0410465E0410465E0410A1
:10FF8000465E0410C05E0410465E0410465E041017
:10FF9000465E0410465E0410465E0410465E041081
:10FFA000465E0410465E04101E5E04101E5E0410C1
:10FFB0001E5E04101E5E04101E5E04101E5E041001
:10FFC000465E0410465E0410465E0410465E041051
:10FFD000465E0410465E0410465E0410465E041041
:10FFE000465E0410465E0410465E0410465E041031
:10FFF000465E0410465E0410465E0410465E041021
:020000041005E5
:10000000465E0410C05E04100A00010002000300F6
:100010000400050006000700080009000A000B00A4
:100020000C000D000E000F00100000001F0000006B
:100030001C0000001F0000001E0000001F00000048
:100040001E0000001F0000001F0000001E00000036
:100050001F0000001E0000001F0000001F00000025
:100060001D0000001F0000001E0000001F00000017
:100070001E0000001F0000001F0000001E00000006
:100080001F0000001E0000001F00000049000000CB
:100090004E00000046000000000000006900000063
:1000A0006E00000066000000000000004E0000002E
:1000B000410000004E000000000000006E00000043
:1000C000610000006E000000000000003000000031
:1000D0003100000032000000330000003400000056
:1000E0003500000036000000370000003800000036
:1000F00039000000610000006200000063000000A1
:1001000064000000650000006600000000000000C0
:100110003000000031000000320000003300000019
:1001200034000000350000003600000037000000F9
:1001300038000000390000004100000042000000CB
:10014000430000004400000045000000460000009D
:1001500000000000280000006E0000007500000094
:100160006C0000006C00000029000000000000008E
:100170003000000000000000D26B0410386C041046
:10018000386C041058700410386C0410386C04106B
:10019000386C0410386C0410386C0410386C04107F
:1001A00046700410DA6B0410386C0410EA6B04100B
:1001B000F26F0410386C041064700410586D041051
:1001C000586D0410586D0410586D0410586D0410CB
:1001D000586D0410586D0410586D0410586D0410BB
:1001E000386C0410386C0410386C0410386C04102F
:1001F000386C0410386C0410386C0410386C04101F
:10020000386C0410386C0410386C0410986E0410AC
:10021000386C0410986E0410386C0410386C04109C
:10022000386C0410386C0410AC710410386C041075
:10023000386C0410386C0410386C0410386C0410DE
:10024000386C0410386C0410386C0410386C0410CE
:10025000386C0410386C041092700410386C041060
:10026000386C0410386C0410386C0410386C0410AE
:10027000386C0410386C0410386C0410386C04109E
:10028000386C041070700410446F0410986E0410E1
:10029000986E0410986E0410E66F0410446F0410FA
:1002A000386C0410386C041098710410386C041009
:1002B00068710410467104101E7104107C720410E1
:1002C000386C041008720410386C0410E4710410C7
:1002D000386C0410386C0410B87104102000000051
:1002E000200000002000000020000000200000008E
:1002F000200000002000000020000000200000007E
:10030000200000002000000020000000200000006D
:10031000200000002000000020000000300000004D
:10032000300000003000000030000000300000000D
:1003300030000000300000003000000030000000FD
:1003400030000000300000003000000030000000ED
:100350003000000030000000300000004E614E0010
:10036000496E66696E697479000000002E2E2F2E8A
:100370002E2F2E2E2F2E2E2F2E2E2F2E2E2F2E2E98
:100380002F2E2E2F6E65776C69622F6C6962632F3A
:100390007374646C69622F64746F612E6300000073
:1003A00080030181B0B0AB1000000000D596FE7F45
:1003B000F0800201B0B0B0ABFFFF0158D201048A57
:1003C0000600880204FA0600B80204EA0600E60203
:1003D00004DA0600BE0404CA0600F60404BA0600E5
:1003E000AA0504AA0600DC05049A06009606040085
:1003F00000A606040000B606040000C606040000BD
:10040000D606040000E606040000F6060400008696
:10041000070400006D96FE7FB0B0AA00FF1029010E
:100420001DB40102C00101BA0102CC0101C40104E2
:10043000D80103D00104E00103DC010A000001003F
:100440007F00000000000000000000003596FE7FE5
:10045000F0800201B0B0B0ABFF1059014F4A040068
:1004600000900104F20401E802040000F203028A91
:100470000501B404040000DC0402800501EA040262
:10048000940501EE04029E0501FC0404A805008405
:100490000504B005038E0504BA0503980504B805E4
:1004A00003A20504BC0503AC050C000001007F009D
:1004B0000000000000000000C995FE7FF0800801E8
:1004C000B0B0B0ABFF1075016C5C22A60E01B2019A
:1004D00004CA0E03BC0128A60E01EE0104C80E03D7
:1004E000FA0104A60E01C00204CC0E03CA0204A63F
:1004F0000E01900304C00E039A03AE02A60E018003
:100500000604C40E038A0628A60E01BC0604C20E09
:1005100003C80604A60E018E0704C60E039807043E
:10052000A60E01D80704B40E03E207BA05A60E0111
:10053000B00E2200007F00007D00000000000000DF
:100540004195FE7FB0B0A800FFFF010C12021E0013
:1005500016040000240400002995FE7FB0B0A80016
:10056000FFFF010C120224001604340030040000C6
:100570001195FE7FB0B0A800FFFF010C12021E0013
:100580001604000024040000F994FE7FB0B0A80017
:10059000FFFF010C12022400160434003004000096
:1005A000E194FE7FB0B0A800FFFF010C12021E0014
:1005B0001604000024040000C994FE7FB0B0A80017
:1005C000FFFF010C12022400160434003004000066
:1005D000B194FE7FB0B0A800FFFF010C12021E0014
:1005E00016040000240400009994FE7FB0B0A80017
:1005F000FFFF010C12022400160434003004000036
:100600008194FE7FB0B0A800FFFF0108040412002F
:10061000180400006D94FE7FB0B0A800FFFF010831
:1006200004041200180400005994FE7FB0B0A80022
:10063000FFFF010804041200180400004594FE7F27
:10064000B0B0A800FFFF0108040412001804000065
:100650003194FE7FB0B0AA00FFFF01101A043400ED
:10066000260400002E023200400400001594FE7F94
:10067000B0B0A800FFFF0108040412001804000035
:100680000194FE7FB0B0AA00FFFF01101A043400ED
:10069000260400002E02320040040000E593FE7F95
:1006A000B0B0A800FFFF0108040412001804000005
:1006B000D193FE7FB0B0AA00FFFF01101A043400EE
:1006C000260400002E02320040040000B593FE7F95
:1006D000B0B0A800FFFF01080404120018040000D5
:1006E000A193FE7FB0B0AA00FFFF01101A043400EE
:1006F000260400002E023200400400008593FE7F95
:10070000B0B0A800FFFF01080404120018040000A4
:100710007193FE7FB0B0A800FFFF010C12021E0013
:1007200016040000240400005993FE7FB0B0A80016
:10073000FFFF010C120224001604340030040000F4
:100740004193FE7FB0B0A800FFFF010C12021E0013
:1007500016040000240400002993FE7FB0B0A80016
:10076000FFFF010C120224001604340030040000C4
:100770001193FE7FB0B0A800FFFF0108040412002F
:1007800018040000FD92FE7FB0B0A800FFFF010832
:100790000404120018040000E992FE7FB0B0AA0021
:1007A000FFFF01101A043400260400002E0232005C
:1007B00040040000CD92FE7FB0B0A800FFFF01080A
:1007C0000404120018040000B992FE7FB0B0AA0021
:1007D000FFFF01101A043400260400002E0232002C
:1007E000400400009D92FE7FB0B0A800FFFF01080A
:1007F00004041200180400008992FE7FF0800601B4
:10080000B0B0B0ABFFFF01382E049E05005204BC0F
:1008100005007E04BA0500A80104B805008E020494
:100820000000C00204B60500E40204B40500900311
:1008300004B20500BE0304A80500A6048C01000054
:1008400080100181B0B0AB30000000008010018149
:10085000B0B0AB30000000002992FE7F1080110183
:10086000B0B0B0ABFFFF010822366C007604000088
:100870001192FE7F30801201B0B0B0ABFFFF0109D2
:100880002A3676008001040000000000F591FE7F0A
:10089000B0A80B00FFFF010C121C440040044400F0
:1008A0004E040000DD91FE7FB0A80B00FFFF010C9D
:1008B000121C4400400444004E040000C591FE7F19
:1008C000B0A90E00FFFF010C261C5800540458006C
:1008D00062040000AD91FE7FB0A90E00FFFF010C85
:1008E000261C580054045800620400009591FE7FB5
:1008F000B0B0A800FFFF01008991FE7FB0B0A80052
:10090000FFFF01007D91FE7FB0B0A800FFFF010056
:100910007191FE7FB0B0A800FFFF01006591FE7FDE
:1009200070801501B0B0B0ABFFFF01105004C201E0
:1009300000900132C20100CC010400004591FE7F0D
:1009400070801501B0B0B0ABFFFF01105004C201C0
:1009500000900132C20100CC010400002591FE7F0D
:1009600010800101B0B0B0ABFFFF0122122A0000DD
:100970004412A80200720200007E129E0200AC0126
:10098000020000B60112AA0200A402040000000046
:10099000F190FE7F10800101B0B0B0ABFFFF0129E4
:1009A000122800004212C2020070020000860112EA
:1009B000D60200BA01020000D00172CC0200C802C7
:1009C0000E0000D80204D60200000000B590FE7FA1
:1009D000B0A90200FFFF010C100200001A0A50002B
:1009E000560400009D90FE7FB0A90200FFFF010C9D
:1009F000100200001A0A5000560400008590FE7F85
:100A000010800301B0B0B0ABFFFF012E1232000026
:100A10004C12A003007A0200008601129E0300B46B
:100A200001020000C00112920300EE01020000FA70
:100A300001129C0300A60276000000004590FE7F94
:100A400010800301B0B0B0ABFFFF012E12320000E6
:100A50004C12A003007A0200008601129E0300B42B
:100A600001020000C00112920300EE01020000FA30
:100A700001129C0300A60276000000000590FE7F94
:100A800030800401B0B0B0ABFFFF0145143200006C
:100A90004E12DA03007E020000960112CC0300CA57
:100AA00001020000E20112E403009602020000AC21
:100AB0000212E60300DE02780000D60304CC030035
:100AC000E003040000E80304E60300EC0304E4038D
:100AD00000000000AD8FFE7F30800401B0B0B0ABED
:100AE000FFFF0145143200004E12DA03007E0200BF
:100AF00000960112CC0300CA01020000E20112E4D8
:100B000003009602020000AC0212E60300DE027847
:100B10000000D60304CC0300E003040000E8030453
:100B2000E60300EC0304E40300000000558FFE7FA1
:100B3000B0A80100FFFF010C0E0400001C024600DB
:100B40004C0400003D8FFE7FB0A80100FFFF010CA8
:100B50000E0400001C0246004C040000258FFE7F9E
:100B600010800501B0B0B0ABFFFF01131804000006
:100B70003002A201003A0A9201009E010400000026
:100B8000018FFE7F10800501B0B0B0ABFFFF0113F5
:100B9000180400003002A201003A0A9201009E01EE
:100BA00004000000DD8EFE7F70800D01B0B001AB4F
:100BB000FFFF010F52020000AA01268A02009002E4
:100BC00004000000BD8EFE7F70800D01B0B001AB4F
:100BD000FFFF010F52020000AA01268A02009002C4
:100BE000040000009D8EFE7F70800901B0B001AB53
:100BF000FFFF010E3A0400006002C80100AA0128AC
:100C0000000000007D8EFE7F30800A01B0B001AB95
:100C1000FFFF010E320400005802BE0100A00128AF
:100C2000000000005D8EFE7FAB08B100FFFF019861
:100C3000019801040000A00104DA0900B6012800AF
:100C400000EA0104D80900840204EC09008C021EA9
:100C50000000B40204FA0900CC02040000D8020427
:100C60009C0A00F002660000E403049A0A00FE03F6
:100C7000048C0A008604320000C604048A0A00E0DC
:100C80000404FC0900E804040000F004049E0A00C7
:100C900088052C0000C00504D60900DA0504C8093F
:100CA00000E205B0020000A00804EA0900BA080446
:100CB000DC0900C208340000840904C009009E0950
:100CC00004AA0900A6091A000000000080020181A0
:100CD000B0B0ABF00000000080020181B0B0ABF01A
:100CE000000000009D8DFE7FB0B0A800FFFF010056
:100CF000918DFE7FB0B0A800FFFF0100858DFE7FC3
:100D0000B0B0A800FFFF0100798DFE7FB0B0A80051
:100D1000FFFF01006D8DFE7FB0B0A800FFFF01084E
:100D2000100424002E040000F0800181B0AB08B153
:100D300000000000F0800181B0AB08B100000000AD
:100D4000418DFE7FB0B0A800FFFF0100358DFE7F12
:100D5000B0B0A800FFFF0100298DFE7FF0800C01DC
:100D6000B0B0B0ABFFFF010E1C0400002E04A201C6
:100D700000AC010400000000098DFE7FB0B0A800A7
:100D8000FFFF0100FD8CFE7FF0800A01B0B0B0AB28
:100D9000FF102901203404B6020046049402007EAC
:100DA000048C0201A0016CB80201900204960200BA
:100DB000B202040000010000000000008002018176
:100DC000B000AB1000000000B98CFE7FF080200165
:100DD000B0B0B0ABFF103D01342A04000082010422
:100DE000FC18009601F80EE01800921004C01801DB
:100DF000C21004C81801D2100400008211A807E034
:100E00001800C41804D81800DC18200000010000E5
:100E1000000000006D8CFE7FF0802001B0B0B0AB10
:100E2000FF103D01342A040000820104FC180096E2
:100E300001F80EE01800921004C01801C21004C896
:100E40001801D2100400008211A807E01800C4188D
:100E500004D81800DC182000000100000000000089
:100E6000218CFE7FB0AB1200FFFF010A3E448401DB
:100E7000008E010400000000098CFE7FF08012014A
:100E8000B0B0B0ABFFFF010F1E04000054C00196CC
:100E90000200A00204000000E98BFE7FF0801E012A
:100EA000B0B0B0ABFF106D01622A040000E0013267
:100EB000F00800F202A602D408009A0604F0080026
:100EC000B80620D40800EE06048209019E0704F249
:100ED0000801A807040000BE0732F00800FC070460
:100EE000D40800920804F00800A60804D40800C240
:100EF000080CF00800D00804D40800EC0804000036
:100F0000FE08048809008C090400000100000000AC
:100F1000000000006D8BFE7FF0801E01B0B0B0AB12
:100F2000FF106D01622A040000E00132F00800F2B7
:100F300002A602D408009A0604F00800B80620D4DD
:100F40000800EE06048209019E0704F20801A807C2
:100F5000040000BE0732F00800FC0704D408009229
:100F60000804F00800A60804D40800C2080CF00821
:100F700000D00804D40800EC08040000FE0804882F
:100F800009008C09040000010000000000000000BE
:100F9000F18AFE7F800E9701B0B0ABF0FFFF011128
:100FA000428801960300940266FC0200920304004A
:100FB0000000000080060181B0B0ABF0000000002E
:100FC000800D0181B0B0AB70000000000A97018174
:100FD000B0ABF080000000000A970181B0ABF08058
:100FE00000000000801B0181B0B0AB1000000000C9
:100FF00080250181B0B0AB1000000000802201818B
:10100000B0B0ABF00000000080090181B0B0AB10BF
:101010000000000080090181B0B0AB1000000000AA
:10102000800B0181B0B0AB7000000000558AFE7FDC
:10103000B0B0A800FFFF01080E0418001E04000055
:1010400080100181B0B0AB30000000008010018141
:10105000B0B0AB3000000000298AFE7F70801B0119
:10106000B0B0B0ABFFFF01115004BE02009801A662
:1010700001BE0200C802040000000000058AFE7FD5
:1010800070801B01B0B0B0ABFFFF01115004B00283
:10109000009A019601B00200BA02040000000000AC
:1010A000E189FE7FB0A80B00FFFF010C12264E0065
:1010B0004A044E0058040000C989FE7FB0A90E0002
:1010C000FFFF010C22265E005A045E006804000047
:1010D000B189FE7FB0A80B00FFFF010C1228500061
:1010E0004C0450005A0400009989FE7FB0A90E00FC
:1010F000FFFF010C222860005C0460006A0400000D
:101100008189FE7F30801201B0B0B0ABFFFF0110CB
:101110007404C00100940124C00100CA010400004D
:101120006189FE7F10801101B0B0B0ABFFFF0110EC
:101130006C04BA010090012ABA0100C40104000045
:101140004189FE7FB0B0A800FFFF01003589FE7F16
:10115000B0B0A800FFFF01002989FE7FB0B0A80051
:10116000FFFF01001D89FE7FB0B0A800FFFF010056
:101170001189FE7F10800501B0B0B0ABFFFF0122E6
:10118000122A00004012D601006E0200007612EE14
:101190000100A401020000AA0112E60100E201041C
:1011A00000000000DD88FE7F30800601B0B0B0ABEB
:1011B000FFFF012F142800004012FA01006E020008
:1011C00000800112960200B401020000C601128ADA
:1011D000020086020400009202048A0200980204BF
:1011E000960200009D88FE7FB0AA0700FFFF010E57
:1011F000100200001A608001008C01040000000051
:101200008188FE7FB0AA0700FFFF010E10020000D8
:101210001A769001009C0104000000006588FE7FA2
:1012200010800701B0B0B0ABFFFF012D12320000FB
:101230004812B00200760200007E12CA0200AC0121
:10124000020000B40112C80200E201020000EA013B
:1012500012C0020096022A00000000002588FE7FCE
:1012600010800701B0B0B0ABFFFF012D12320000BB
:101270004812B00200760200007E12CA0200AC01E1
:10128000020000B40112C80200E201020000EA01FB
:1012900012C0020096022A0000000000E587FE7FCF
:1012A00030800801B0B0B0ABFFFF01401432000045
:1012B0004A12E60200780200008C0112880300C086
:1012C00001020000D201128203008602020000988F
:1012D0000212F60200CA022C0000FE0204F602000E
:1012E0008403048203008A03048803009587FE7F39
:1012F00030800801B0B0B0ABFFFF014014320000F5
:101300004A12E60200780200008C0112880300C035
:1013100001020000D201128203008602020000983E
:101320000212F60200CA022C0000FE0204F60200BD
:101330008403048203008A03048803004587FE7F38
:10134000B0A90600FFFF010C100400001E023200CD
:101350003C0400002D87FE7FB0A90600FFFF010CB2
:10136000100400001E0232003C0400001587FE7FBE
:1013700010800F01B0B0B0ABFFFF011322040000DA
:101380003C02D40100466EBA0100D0010400000006
:10139000F186FE7F10800F01B0B0B0ABFFFF0114EB
:1013A000240400003E02CC0100488401DA0100D68A
:1013B00001040000CD86FE7FF0801201B0B001ABC9
:1013C000FFFF011056020000B4018E01C80200D2D6
:1013D00002040000AD86FE7F70801301B0B001AB47
:1013E000FFFF011054020000B201A801DA0200E47C
:1013F000020400008D86FE7F70800D01B0B001AB4D
:10140000FFFF010E3C0400006202B20100A80118B7
:10141000000000006D86FE7F30800E01B0B001AB91
:10142000FFFF010E360400005C02AA0100A00118B3
:10143000000000004D86FE7FAB08B100FFFF019861
:10144000019801040000A00104DA0900B601280097
:1014500000EA0104D80900840204EC09008C021E91
:101460000000B40204FA0900CC02040000D802040F
:101470009C0A00F002660000E403049A0A00FE03DE
:10148000048C0A008604320000C604048A0A00E0C4
:101490000404FC0900E804040000F004049E0A00AF
:1014A00088052C0000C00504D60900DA0504C80927
:1014B00000E205B0020000A00804EA0900BA08042E
:1014C000DC0900C208340000840904C009009E0938
:1014D00004AA0900A6091A0000000000A585FE7FE5
:1014E000B0B0A800FFFF01009985FE7FB0B0A80052
:1014F000FFFF01008D85FE7FF0800C01B0B0B0AB26
:10150000FFFF010E1C0400002E04A40100AE010424
:10151000000000006D85FE7FB0B0A800FFFF010055
:101520006185FE7FF0800A01B0B0B0ABFF103501DD
:101530002D3404CE02005204C802008E01049C0225
:1015400001B0016CD00201A00204A80200A40204B0
:101550009C0201C402040000CA0204C80200010087
:10156000000000001D85FE7FF0802001B0B0B0AB10
:10157000FF104101392C040000840104E417009895
:1015800001E00EC81700FC0F04E61701AC1004EED2
:101590001701BC10040000EC10DA06C81700E017B1
:1015A000040000EA1704FE1700821804000001007E
:1015B00000000000CD84FE7FF0802001B0B0B0AB11
:1015C000FF104101392C040000840104E417009845
:1015D00001E00EC81700FC0F04E61701AC1004EE82
:1015E0001701BC10040000EC10DA06C81700E01761
:1015F000040000EA1704FE1700821804000001002E
:10160000000000007D84FE7FB0AB1200FFFF010AE6
:101610003E448401008E0104000000006584FE7FCA
:1016200070800F01B0B0B0ABFFFF010E1C040000D2
:101630005278CC0100D60104000000004584FE7FF2
:10164000F0801C01B0B0B0ABFF106D0162225200FF
:1016500000C20132D60800D202AA02BA0800FE0572
:1016600004D608009E061EBA0800D20604E8080147
:10167000820704D808018C07040000A60734D608A6
:1016800000E60704BA0800FA0704D608008E08042A
:10169000BA0800A8080CD60800B60804BA0800D298
:1016A00008040000E40804EE0800F2080400000149
:1016B0000000000000000000C983FE7FF0801C01D4
:1016C000B0B0B0ABFF106D016222520000C2013217
:1016D000D60800D202AA02BA0800FE0504D6080005
:1016E0009E061EBA0800D20604E80801820704D844
:1016F00008018C07040000A60734D60800E607049A
:10170000BA0800FA0704D608008E0804BA0800A830
:10171000080CD60800B60804BA0800D20804000075
:10172000E40804EE0800F2080400000100000000D4
:10173000000000004D83FE7F800C9701B0B0ABF03D
:10174000FFFF0111388E01B60200D40160C602000D
:10175000C20204000000000080040181B0B0ABF0C0
:1017600000000000800D0181B0B0AB7000000000EF
:1017700008970181B0ABF08000000000089701815C
:10178000B0ABF08000000000801C0181B0B0AB3035
:101790000000000080260181B0B0AB3000000000E6
:1017A00080200181B0B0ABF0000000008009018111
:1017B000B0B0AB100000000080090181B0B0AB10E8
:1017C00000000000800D0181B0B0ABB0000000004F
:1017D000B182FE7FB0B0A800FFFF01080E04180020
:1017E0001E0400009D82FE7FB0B0AA00FFFF01082A
:1017F0000E041C00180E00008982FE7FB0B0AA0003
:10180000FFFF01080E041C00180E00007582FE7F09
:10181000AB029701B0B0B003FFFF010C340400002D
:10182000420450004C0E00005982FE7FB0B0AA0066
:10183000FFFF01080E041C00180E00004582FE7F09
:10184000B0B0AA00FF1019010C14021E01220428D6
:10185000032C08000001007F0000000000000000D1
:10186000000000001D82FE7FB0B0A800FFFF010055
:101870001182FE7FB0B0A800FFFF01000582FE7F4D
:10188000B0B0AA00FFFF0100F981FE7FB0B0A80050
:10189000FFFF0100ED81FE7FF0800201B0B0B0AB30
:1018A000FFFF010F2004000038C001FE0100FA0113
:1018B0000E000000CD81FE7FF0800401B0B0B0AB1F
:1018C000FF1035012C2A04A802004204B202005283
:1018D00004C20201880104BA0201A00104C202018B
:1018E000A40204A80200AE02040000BE0204CE025C
:1018F00000010000000000008981FE7FB0B0A80058
:10190000FFFF01081A042200280400007581FE7FF1
:10191000B0B0A800FFFF01080E0418001E0400006C
:1019200080060181B0B0ABF000000000800D0181A5
:10193000B0B0AB70000000004981FE7FF0800A016A
:10194000B0B0B0ABFF107D0172140400004404C4B9
:1019500006015404BA06036204E405039A0104A8CC
:101960000603AA0104AA0603B80104A60603E401BB
:10197000049A0603F40104D40603820236CA06035D
:10198000800402DC0603940446CA0603E40402C48D
:101990000601EC0416CA06038C0502DA0603D40518
:1019A00004DE0603DA0504E20603E00504C40601CA
:1019B000960604B20600B6060400000100007D0091
:1019C00000000000BD80FE7FF0800E01B0B0B0AB23
:1019D000FF109C01019101140400007804FC070130
:1019E000880104F00703960104F40603D20104E41D
:1019F0000703E20104B40703F00104AC07039C02EF
:101A000004E20703AC0204E80703BA0204E6070392
:101A1000E60204F20603F60204C8070384034EBE7E
:101A20000703C00402E80603DE0402FC0701E60423
:101A30000E0000FE04029E06038C0502CE070394EE
:101A4000051ABE0703880604D007038E0604D807CC
:101A500003940604DE07039A0604FC0701800804C9
:101A600084080088080400000100007D00000000D8
:101A70001180FE7FF0800E01B0B0B0ABFF109C0172
:101A8000019101140400007804FC0701880104F0AE
:101A90000703960104F40603D20104E40703E201FC
:101AA00004B40703F00104AC07039C0204E207033B
:101AB000AC0204E80703BA0204E60703E60204F2F4
:101AC0000603F60204C8070384034EBE0703C004DE
:101AD00002E80603DE0402FC0701E6040E0000FE35
:101AE00004029E06038C0502CE070394051ABE0766
:101AF00003880604D007038E0604D807039406045F
:101B0000DE07039A0604FC070180080484080088A5
:101B1000080400000100007D000000008026018113
:101B2000B0B0AB3000000000597FFE7FF0801001A4
:101B3000B0B0B0ABFF104D014426040000CE0178D8
:101B40009E0700F402C0018E07008205169E070062
:101B5000A4052A8E0700D20504B00701820604A05E
:101B600007018E060400009C06729E07009A070477
:101B70000000AC0704B60700BA070400000100002B
:101B800000000000FD7EFE7FF0801001B0B0B0AB21
:101B9000FF104D014426040000CE01789E0700F49A
:101BA00002C0018E07008205169E0700A4052A8E3A
:101BB0000700D20504B00701820604A007018E06C3
:101BC0000400009C06729E07009A07040000AC0700
:101BD00004B60700BA07040000010000000000007E
:101BE000A17EFE7F800A9701B0B0ABF0FFFF01122B
:101BF000428201AE030094029801B00300C00304C6
:101C00000000000050800181B0AB08B1000000006E
:101C1000717EFE7FAB08B100FF101D01141E04563B
:101C20000144045E014E0400005A046C007004007C
:101C3000000100000000000008970181B0ABF080B7
:101C40000000000008970181B0ABF08000000000A8
:101C500080080181B0B0AB3000000000089701811E
:101C6000B0ABF080000000000A970181B0ABF080BB
:101C7000000000000E970181B0ABF0800000000072
:101C80000E970181B0ABF080000000000497018145
:101C9000B0ABF0800000000006970181B0ABF0808F
:101CA00000000000801B0181B0B0AB1000000000FC
:101CB00080250181B0B0AB1000000000801C0181C4
:101CC000B0B0ABF00000000080090181B0B0AB10F3
:101CD0000000000080090181B0B0AB1000000000DE
:101CE000A17DFE7FF0800C01B0B0B0ABFFFF013DE5
:101CF0001C1000009201C40AD41200DA0B04000088
:101D00008C0D5AD41200A40E9C020000F61018D4B8
:101D10001200AC11020000BE1104D41200CC110458
:101D20000000DC1138D41200DA12040000000000B8
:101D3000517DFE7F30800C01B0B0B0ABFFFF010BD6
:101D400022D001900200960204000000357DFE7F43
:101D500030800C01B0B0B0ABFFFF010B22D001907E
:101D60000200960204000000197DFE7F30800C0105
:101D7000B0B0B0ABFFFF010B22D001900200960281
:101D800004000000FD7CFE7FF0800E01B0B0B0AB1F
:101D9000FFFF013D1C780000BC0104C40D00C6011A
:101DA000220000E60502C40D00A60698010000947A
:101DB00008EA02C40D00DA0B0200008C0C38C40DD6
:101DC00000DA0C020000EC0C02C40D00CA0D040085
:101DD00000000000800E0181B0B0ABF000000000F8
:101DE000A17CFE7FF0800E01B0B0B0ABFFFF013DE3
:101DF0001CF8040000CE0602E20D00B0070200004D
:101E0000F607CE02E20D00FA0A040000A40B14E269
:101E10000D00900C020000D60C02E20D00E80C024E
:101E20000000F60C1AE20D00E80D040000000000AE
:101E3000517CFE7FF0800E01B0B0B0ABFFFF013DE2
:101E40001CF8040000C20602C60D00A40702000030
:101E5000EA07C802C60D00E60A040000900B14C68B
:101E60000D00F40B020000BA0C02C60D00CC0C02EF
:101E70000000DA0C1AC60D00CC0D040000000000B2
:101E8000017CFE7FF0800E01B0B0B0ABFFFF013DE2
:101E90001CF8040000C20602C60D00A407020000E0
:101EA000EA07C802C60D00E60A040000900B14C63B
:101EB0000D00F40B020000BA0C02C60D00CC0C029F
:101EC0000000DA0C1AC60D00CC0D04000000000062
:101ED000800B0181B0B0AB7000000000A57BFE7FDD
:101EE000F0801801B0B0B0ABFFFF013D1C780000DE
:101EF000BC0104D00F00D60180040000A60702D068
:101F00000F008208020000CC088C04D00F00D00D16
:101F10000200008C0E3CD00F00E60E020000F80E0E
:101F200002D00F00D60F040000000000557BFE7F9A
:101F3000F0801401B0B0B0ABFFFF01481C78000086
:101F4000B80104D80E00C2018C040000A60702D814
:101F50000E008E08020000D4088A03D80E00EC0B95
:101F6000040000960C02D80E00860D020000CE0D73
:101F700002D80E00E00D020000EE0D20D80E00DEAB
:101F80000E040000FD7AFE7FF0801201B0B0B0AB0D
:101F9000FF103D0132200400006A049A110074CC45
:101FA0000B8A1100C40C04FC1001F40C04EC1001A9
:101FB000840D040000B80D8E038A1100F81004820D
:101FC0001100861114000001000000000000000054
:101FD000B17AFE7FF0801201B0B0B0ABFF103D01CE
:101FE00032200400006A049A110074CC0B8A11009C
:101FF000C40C04FC1001F40C04EC1001840D04006A
:1020000000B80D8E038A1100F810048211008611A9
:10201000140000010000000000000000657AFE7F4F
:10202000B0AB0C00FFFF010A3852A00100A601046A
:10203000000000004D7AFE7FF0800C01B0B0B0AB24
:10204000FFFF010F1E04000050C401BA0200C002CD
:10205000040000000A970181B0ABF080000000008E
:1020600030800181B0AB08B10000000030800181F8
:10207000B0AB08B10000000080010181B0B0ABB08E
:102080000000000080020181B0B0AB300000000011
:1020900080020181B0B0ABF000000000E579FE7F66
:1020A000B0B0A800FFFF0100D979FE7FB0B0A80052
:1020B000FFFF0100CD79FE7FB0B0AA00FFFF010055
:1020C000C179FE7FB0B0A800FFFF0100800101814F
:1020D000B0B0AB100000000080010181B0B0AB10C7
:1020E0000000000080010181B0B0AB1000000000D2
:1020F0009179FE7FF0800201B0B0B0ABFFFF010F1D
:102100002004000038C201800200FC010E00000023
:102110007179FE7FF0800201B0B0B0ABFF104101D9
:10212000382A04D402004C04CE02007604A2020134
:10213000B00104B00201C80104A202019E0204D44D
:102140000200AC0204B60200C602040000CA020487
:10215000B00201D00204CE02000100000000000025
:102160002179FE7FB0B0A800FFFF01081A04220009
:10217000280400000D79FE7FB0B0A800FFFF010821
:102180000E0418001E04000080040181B0B0ABF002
:1021900000000000800D0181B0B0AB7000000000B5
:1021A00008970181B0ABF08000000000D578FE7F79
:1021B000F0800801B0B0B0ABFF107D0172140400D4
:1021C000003E04BE04014E04AA05035C04A20503FC
:1021D000B40104C80503C201049A05038202049CE9
:1021E0000503900254900503A80304B80503B20345
:1021F00004C20503C60302CC0503D40302BE0401D6
:10220000E20302C60403EA0308900503B404048A47
:102210000503BA0404FE0403C20404820500860513
:10222000040000B40504BA0503C40504CA0503018B
:1022300000007D00000000004978FE7FF0800E0164
:10224000B0B0B0ABFF10AC0101A101140400006EEE
:1022500004CA07017E049A08038C01048E0803E671
:102260000104D40703F40104DE0703B60204960850
:1022700003C40204980803840304E2070392035092
:10228000EE0703B40404840803BE0404940803C8DE
:102290000404900803D604020000EE0402CA0701F9
:1022A000F6040800008A0502920803980502B007A8
:1022B00003A0050AEE0703B60502A0060390060474
:1022C000EC0603960604B807039C0604BE0703E861
:1022D0000604C20700C607040000D00704E0070395
:1022E000F20704FA0703F60704FC07030100007D68
:1022F000000000008D77FE7FF0800E01B0B0B0AB23
:10230000FF10AC0101A101140400006E04CA070112
:102310007E049A08038C01048E0803E60104D407A6
:1023200003F40104DE0703B60204960803C40204A2
:10233000980803840304E20703920350EE0703B4F2
:102340000404840803BE0404940803C80404900829
:1023500003D604020000EE0402CA0701F6040800D6
:10236000008A0502920803980502B00703A0050A37
:10237000EE0703B60502A00603900604EC060396DA
:102380000604B807039C0604BE0703E80604C20758
:1023900000C607040000D00704E00703F20704FAB0
:1023A0000703F60704FC07030100007D000000009E
:1023B00008B20181B0AB308000000000801C0181B8
:1023C000B0B0AB300000000080260181B0B0AB306F
:1023D00000000000AD76FE7FF0801001B0B0B0AB21
:1023E000FF104D014424500000BE017E9C0700E810
:1023F00002C6018C0700FA04169C07009C052A8C73
:102400000700CA0504AE0701FA05049E0701860607
:1024100004000094065C9C07009807040000AA07CB
:1024200004B40700B8070400000100000000000029
:102430005176FE7FF0801001B0B0B0ABFF104D01BF
:102440004424500000BE017E9C0700E802C6018CB7
:102450000700FA04169C07009C052A8C0700CA0591
:1024600004AE0701FA05049E0701860604000094E5
:10247000065C9C07009807040000AA0704B4070044
:10248000B80704000001000000000000F575FE7FA1
:1024900080089701B0B0ABF0FFFF0112388601EA67
:1024A0000200D8018E01EC0200FE020400000000D0
:1024B000D175FE7F80089701B0B0ABF0FF10290105
:1024C000216ACA010000F40204D803019E0304C675
:1024D0000301A803040000D40304DE0300E20304A4
:1024E000000001000000000080080181B0B0AB30A6
:1024F000000000008D75FE7F800A9701B0B0ABF040
:10250000FF1029012178CA010000840304E80301B7
:10251000AE0304D60301B803040000E40304EE0391
:1025200000F2030400000100000000005575FE7F6A
:10253000AB08B100FF101D011420045A01480462C9
:1025400001520400005E04700074040000010000E9
:102550000000000008970181B0ABF080000000008F
:1025600008970181B0ABF08000000000089701815E
:10257000B0ABF080000000000E970181B0ABF0809E
:10258000000000000E970181B0ABF0800000000059
:1025900008970181B0ABF08000000000801E01812F
:1025A000B0B0ABF00000000080090181B0B0AB100A
:1025B0000000000080090181B0B0AB1000000000F5
:1025C000C174FE7FF0800E01B0B0B0ABFFFF0148D8
:1025D0001C1000009A01FA0AA613009C0C040000CB
:1025E000D00D76A61300A60F8C010000A81104A63A
:1025F0001300B4110A0000E21138A61300B412024D
:102600000000C61204A61300D012040000E012025B
:10261000A61300AC130400006974FE7F30800C0127
:10262000B0B0B0ABFFFF010B22E8018E02009402B4
:10263000040000004D74FE7F30800C01B0B0B0ABE0
:10264000FFFF010B22E8018E02009402040000004B
:102650003174FE7F30800C01B0B0B0ABFFFF010BD6
:1026600022E8018E02009402040000001574FE7F2F
:10267000F0801001B0B0B0ABFFFF01321CAE010022
:1026800000C80504A00D009206020000A607E6039C
:10269000A00D00C40B0C0000A20C0EA00D00C20C7B
:1026A000020000D00C02A00D00E40C460000000067
:1026B000800E0181B0B0ABF000000000C573FE7F5A
:1026C000F0800E01B0B0B0ABFFFF01321C960500E8
:1026D00000DE06C003860D00CC0A040000F80A04E0
:1026E000860D00B80B0C0000900C0A860D00A20CA1
:1026F000160000BE0C02860D00D20C3E0000000049
:102700008173FE7FF0800E01B0B0B0ABFFFF0132ED
:102710001C90050000B806C603DE0C00AC0A0400DD
:1027200000D80A04DE0C00960B0C0000F00B0CDE47
:102730000C00820C020000960C02DE0C00AA0C3E7B
:10274000000000003D73FE7FF0800E01B0B0B0AB22
:10275000FFFF01321C9A050000C206C803F20C00FC
:10276000B80A040000E40A04F20C00A20B0C0000FA
:10277000FC0B0AF20C008E0C160000AA0C02F20CE4
:1027800000BE0C3E00000000800B0181B0B0AB70B9
:1027900000000000ED72FE7FF0801801B0B0B0AB19
:1027A000FFFF013C1C7A0000C40104C20F00DE01DF
:1027B000200000F20504C20F00FE06020000CE0851
:1027C0009A04C20F00BC0D0C0000F00D5AC20F009D
:1027D000E00E020000EE0E02C20F00880F4400005F
:1027E000A172FE7FF0801401B0B0B0ABFFFF013DDD
:1027F0001C7C0000BE0104FA0D00C801A204000008
:102800009607E803FA0D00A80B040000DC0B04FA9D
:102810000D00AA0C0C0000860D0CFA0D00980D029C
:102820000000B20D02FA0D00CC0D380000000000CF
:102830005172FE7FF0801201B0B0B0ABFF104101C9
:1028400037200400006A04A0120074CE0CA212000B
:10285000C80D04C21201F80D04B21201880E040062
:1028600000C40ECC03A21200AE12040000BE12047B
:10287000C81200CC1204000001000000000000009B
:102880000172FE7FF0801201B0B0B0ABFF104101C9
:1028900037200400006A04A0120074CE0CA21200BB
:1028A000C80D04C21201F80D04B21201880E040012
:1028B00000C40ECC03A21200AE12040000BE12042B
:1028C000C81200CC1204000001000000000000004B
:1028D000B171FE7FB0AB0C00FFFF010A3852A001BE
:1028E00000A60104000000009971FE7F70800B01BA
:1028F000B0B0B0ABFFFF010F1C0400004E8C01F420
:102900000100FA010400000080010181B0B0ABB009
:102910000000000080010181B0B0AB100000000099
:1029200080020181B0B0ABF000000000800801819E
:10293000B0B0AB300000000080010181B0B0AB103E
:10294000000000003D71FE7FF0800401B0B0B0AB2C
:10295000FF1019010F480A520196014AE60100EEE4
:102960000104000001000000000000001571FE7F5E
:10297000B0B0AA00FFFF0100F0800181B0AB08B148
:1029800000000000FD70FE7FF0801201B0B0B0AB1F
:10299000FF1019011026C20700008A0804C00901AF
:1029A000D40804000001000000000000D570FE7F84
:1029B000B0B0AA00FF1019010C020608010C0410A7
:1029C000051E08000001007F00007D0000000000DF
:1029D0000000000080040181B0B0ABF000000000F6
:1029E00080140181B0B0ABF000000000800A0181CA
:1029F000B0B0ABF0000000008970FE7F30800201B3
:102A0000B0B0B0ABFF1011010A22049601019A0187
:102A10000800007F00000000000000006570FE7FDD
:102A200030800201B0B0B0ABFF1011010A2204A83F
:102A30000101AC010800007F000000000000000060
:102A40004170FE7FB1308001B0B0AB08FF101101C2
:102A50000A2004A80101AC010800007F000000006A
:102A6000000000001D70FE7FB0B0A800FFFF010C49
:102A70000C041E0016040000280400000570FE7FF0
:102A8000B0B0A800FFFF010C0C041E0016040000EB
:102A900028040000ED6FFE7FB0B0A800FFFF010C1E
:102AA0000C0424001604380034040000D56FFE7FA7
:102AB000B0B0A800FFFF010C0C042400160438007D
:102AC00034040000BD6FFE7FB0B0A800FFFF010816
:102AD00010041A0024040000A96FFE7FB0B0A80003
:102AE000FFFF010810041A00240400008003018184
:102AF000B0B0AB7000000000896FFE7FB0B0A800DE
:102B0000FF100D010802040E01120800007F0000F2
:102B1000000000006D6FFE7FB0B0A800FF100D0137
:102B200008020408010C0800007F000000000000FB
:102B3000516FFE7FB0B0A800FF100D010804040A19
:102B4000010E0800007F000000000000356FFE7FCE
:102B5000AB708000FF100D0108240468016C0800B0
:102B6000007F000000000000196FFE7FAB70800046
:102B7000FF100D0108240468016C0800007F0000AC
:102B800000000000FD6EFE7F10800101B0B0B0AB10
:102B9000FFFF0108224C6E0074040000E56EFE7F0A
:102BA00010800101B0B0B0ABFFFF0108224C6E00F5
:102BB00074040000CD6EFE7FB0A80500FFFF010C7D
:102BC0000C02000014042A003604000074B20181D3
:102BD000B0AB30800000000080080181B0B0ABF0E5
:102BE000000000003F020181B0AB30800000000017
:0C2BF00080060181B0B0ABF000000000D6
:102BFC0000E8FB7FB0B0A88030E8FB7F010000004C
:102C0C00ACE8FB7FB0AB0280DCE8FB7F88D7FF7FB2
:102C1C0070E9FB7FAB08B1808CE9FB7F0100000001
:102C2C00BCE9FB7F7CD7FF7FCCEDFB7FB0B0A880ED
:102C3C00E4EDFB7F0100000008EEFB7FB0B0A88044
:102C4C0024EEFB7F0100000024EEFB7FBCD7FF7F4E
:102C5C0008EFFB7F0100000070EFFB7FE4D7FF7FE4
:102C6C0038F2FB7FAB08B1802CF3FB7F0100000036
:102C7C0040F3FB7F38D8FF7F0CFBFB7F010000008B
:102C8C007CFBFB7FB0B0AA80B4FCFB7FA8D8FF7F95
:102C9C00D8FCFB7FB8D8FF7F0CFDFB7FC8D8FF7F2B
:102CAC0030FDFB7FD8D8FF7F64FDFB7FB0B0AA80DE
:102CBC009CFEFB7FE0D8FF7FC0FEFB7FF0D8FF7F40
:102CCC00F4FEFB7F00D9FF7F18FFFB7F10D9FF7F3D
:102CDC004CFFFB7FB0B0A8808CFFFB7F18D9FF7F27
:102CEC00A0FFFB7FB0B0A880E0FFFB7F1CD9FF7F6B
:102CFC00F4FFFB7FB0B0A8803400FC7F20D9FF7FAD
:102D0C004800FC7FB0B0A8808800FC7F24D9FF7FEE
:102D1C009C00FC7FB0B0AA80D401FC7F28D9FF7F37
:102D2C001802FC7F3CD9FF7F2C02FC7F48D9FF7F27
:102D3C007002FC7F5CD9FF7F8402FC7FB0B0AA805C
:102D4C00BC03FC7F60D9FF7F0004FC7F74D9FF7F3C
:102D5C001404FC7F80D9FF7F5804FC7F94D9FF7F3B
:102D6C006C04FC7FB0B0A8800805FC7F98D9FF7F6D
:102D7C002C05FC7FA8D9FF7F6005FC7FB0B0AA8032
:102D8C00F805FC7FB0D9FF7F1C06FC7FC0D9FF7F04
:102D9C005006FC7FB0B0A8808406FC7FC8D9FF7FAA
:102DAC009806FC7FB0B0A880D006FC7FCCD9FF7F02
:102DBC00E406FC7FB0B0A8808007FC7FD0D9FF7FF1
:102DCC00C407FC7FE4D9FF7FD807FC7FB0B0AA8092
:102DDC007008FC7FE8D9FF7FB408FC7FFCD9FF7F2B
:102DEC00C808FC7F010000003C13FC7F00DAFF7F69
:102DFC00AC16FC7FB0A80180C016FC7FB0AB0A807B
:102E0C00BC17FC7FB0B0A880C017FC7F28DAFF7F0E
:102E1C003418FC7FB0AB0A806818FC7FB0B0A88077
:102E2C007018FC7FB0A80180A018FC7FB0AB0A80A2
:102E3C009C19FC7FB0B0A880A019FC7F04DAFF7F3E
:102E4C00141AFC7FB0AB0A80441AFC7FB0B0A88087
:102E5C004C1AFC7FB0A80180601AFC7FF0D9FF7F70
:102E6C00D81AFC7F00DAFF7F581BFC7F14DAFF7F37
:102E7C00A81BFC7F24DAFF7FF81BFC7F34DAFF7F72
:102E8C005C1CFC7F44DAFF7FC01CFC7F010000004F
:102E9C008420FC7F4CDAFF7FB820FC7F010000000F
:102EAC002021FC7F48DAFF7F5421FC7F4CDAFF7F26
:102EBC008C21FC7F50DAFF7FC421FC7F01000000D5
:102ECC00B823FC7F4CDAFF7F8824FC7F64DAFF7F19
:102EDC005825FC7F010000006425FC7F74DAFF7F1D
:102EEC008C26FC7FA0DAFF7FEC27FC7FB0A801804A
:102EFC001C28FC7FCCDAFF7F7828FC7FDCDAFF7F94
:102F0C00D428FC7FECDAFF7F742AFC7F24DBFF7F64
:102F1C00142CFC7F5CDBFF7F082EFC7FACDBFF7F7F
:102F2C00FC2FFC7FFCDBFF7F4830FC7F0CDCFF7F41
:102F3C009430FC7F1CDCFF7F3831FC7F38DCFF7F5A
:102F4C00DC31FC7FB0B0A8800C32FC7F01AB0A8076
:102F5C005434FC7F44DCFF7F6C35FC7F5CDCFF7FF2
:102F6C008436FC7F74DCFF7F5837FC7F8CDCFF7F62
:102F7C002038FC7FA4DCFF7F543DFC7FB0B0AA80DE
:102F8C009C3DFC7F01000000E43DFC7FB0B0A880BC
:102F9C00543EFC7FAB08B180943EFC7FB0B0A8805F
:102FAC00A03EFC7F01000000A03EFC7F14DDFF7FF3
:102FBC00A43FFC7FB0B0A880CC3FFC7FAB08B180B5
:102FCC004440FC7FB0AA0180E040FC7F010000007F
:102FDC000841FC7FB0B0AA805441FC7FB0A90280AC
:102FEC00A041FC7FAB08B1801843FC7FB0B0A88037
:102FFC004843FC7FAB08B1808C43FC7FB0A80180B8
:10300C00BC43FC7FAB08B1801044FC7FB0B0A880FF
:10301C002044FC7FB0B0AA806844FC7F0100000013
:10302C008844FC7FB0B0A880DC44FC7FAB08B18046
:10303C002045FC7FB0B0A8802C45FC7F010000002F
:10304C002C45FC7F88DCFF7F3846FC7FB0B0A88025
:10305C006046FC7FB0B0AA80A846FC7FAB08B1806C
:10306C00D446FC7FB0AA01807047FC7F01000000B1
:10307C009847FC7FB0B0AA80E447FC7FB0A90280DF
:10308C003048FC7FAB08B180B849FC7FB0B0A88059
:10309C00E849FC7FB0B0AA80284AFC7FB0A8018028
:1030AC00584AFC7FAB108080C04AFC7FB002848001
:1030BC00D44AFC7F01000000D44AFC7F1CDCFF7F5B
:1030CC00FC4AFC7F20DCFF7F1C4BFC7F01000000D6
:1030DC003C4BFC7F1CDCFF7F604BFC7F20DCFF7FCC
:1030EC008C4BFC7FB0AA3F80E04BFC7F1CDCFF7F4D
:1030FC00144CFC7F01000000984CFC7FAB108080CE
:10310C00384DFC7F010000000C4FFC7F10DCFF7F72
:10311C00884FFC7F14DCFF7F0C50FC7F010000000B
:10312C00E052FC7F10DCFF7FF452FC7F01000000BA
:10313C000053FC7F0CDCFF7F1453FC7F10DCFF7F03
:10314C00BC53FC7F28DCFF7FD853FC7F2CDCFF7F3B
:10315C001C55FC7FB0AB0280B859FC7F54DCFF7F60
:10316C003C5AFC7F58DCFF7FB466FC7F9CDCFF7F05
:10317C002C73FC7FE0DCFF7FB873FC7FF0DCFF7FFF
:10318C00D874FC7F08DDFF7F7479FC7F7CDDFF7FCA
:10319C00107EFC7FF0DDFF7FA87FFC7FB0A8058050
:1031AC00E47FFC7F04DEFF7FB481FC7F08DEFF7FC1
:1031BC00C482FC7F0CDEFF7FDC86FC7F10DEFF7F91
:1031CC00748AFC7F14DEFF7FA08BFC7F18DEFF7FF0
:1031DC00188DFC7F1CDEFF7FB898FC7F20DEFF7F04
:1031EC008899FC7F24DEFF7F589AFC7F28DEFF7FC6
:1031FC00809BFC7F2CDEFF7FA09BFC7F01000000EE
:10320C00449CFC7FB0A80180589CFC7FB0AB0A802A
:10321C00549DFC7FB0B0A880589DFC7F18DEFF7FCA
:10322C00CC9DFC7FB0AB0A80009EFC7FB0B0A88028
:10323C00089EFC7FB0A80180349EFC7FB0AB0A8056
:10324C00309FFC7FB0B0A880349FFC7FF4DDFF7F03
:10325C00A89FFC7FB0AB0A80D89FFC7FB0B0A88041
:10326C00E09FFC7FB0A80180F09FFC7FB0AA01809A
:10327C004CA0FC7FD8DDFF7F94A1FC7FB0AA01801D
:10328C00F0A1FC7FECDDFF7F2CA3FC7F08DEFF7F31
:10329C0084A3FC7F18DEFF7FECA3FC7F28DEFF7F7E
:1032AC0048A4FC7F38DEFF7FB4A4FC7F48DEFF7FA0
:1032BC0084A5FC7F60DEFF7F4CA6FC7F0100000034
:1032CC00E4A9FC7F70DEFF7F18AAFC7F01000000E0
:1032DC0048AAFC7F6CDEFF7F7CAAFC7F010000000B
:1032EC00ACAAFC7F68DEFF7FE4AAFC7F6CDEFF7F6C
:1032FC001CABFC7F01000000E4ACFC7F68DEFF7FB0
:10330C00CCADFC7F94DEFF7FE4AEFC7FB0A80180E7
:10331C0014AFFC7FC4DEFF7FA4AFFC7FD8DEFF7F41
:10332C0044B0FC7FECDEFF7F88B1FC7F24DFFF7FA5
:10333C00CCB2FC7F5CDFFF7F58B4FC7FA4DFFF7F47
:10334C00E4B5FC7FECDFFF7F1CB6FC7FFCDFFF7F6E
:10335C0054B6FC7F0CE0FF7F2CB7FC7F28E0FF7F8E
:10336C0014B8FC7FB0B0A88044B8FC7F01AB0A80D5
:10337C008CBAFC7F34E0FF7FE4BBFC7F4CE0FF7F2A
:10338C004CBDFC7F64E0FF7F08BEFC7F7CE0FF7FD0
:10339C00BCBEFC7F94E0FF7FF0C3FC7F010000000B
:1033AC007CC5FC7F2CE1FF7F90C5FC7F01000000F9
:1033BC009CC5FC7F28E1FF7FB0C5FC7F2CE1FF7F23
:1033CC005CC6FC7F44E1FF7F78C6FC7FB0AB02801B
:1033DC00A8C7FC7FB0B0AA8000C9FC7F38E1FF7F92
:1033EC0064CAFC7F74E1FF7F64D6FC7FBCE1FF7F85
:1033FC0064E2FC7F04E2FF7FF0E2FC7F14E2FF7FDB
:10340C00C4E3FC7F2CE2FF7F48E8FC7FA0E2FF7F57
:10341C00CCECFC7F14E3FF7F1CEEFC7FB0A8058096
:10342C0054EEFC7F28E3FF7F10F0FC7F2CE3FF7F42
:10343C0014F1FC7F30E3FF7F30F5FC7F34E3FF7F3A
:10344C0084F8FC7F38E3FF7FACF9FC7F3CE3FF7F23
:10345C0020FBFC7F40E3FF7FB404FD7F44E3FF7F50
:10346C007805FD7F48E3FF7F3C06FD7F4CE3FF7F43
:10347C004007FD7F50E3FF7F6007FD7F01000000E8
:10348C004408FD7FB0B0A8809808FD7FB0B0AA803A
:10349C001809FD7FB0B0A8802009FD7FAB08B18072
:1034AC005C09FD7FB0B0A8808809FD7FAB08B180B6
:1034BC00A809FD7FB0B0A880B009FD7FB0B0AA808C
:1034CC00CC09FD7FB0B0A880040AFD7F01AA018061
:1034DC00CC0AFD7FB0B0A880040BFD7FFCE2FF7F1F
:1034EC002C0BFD7F08E3FF7F540BFD7F14E3FF7F64
:1034FC00B40BFD7F28E3FF7FDC0BFD7F0100000098
:10350C00340CFD7FB0B0AA804C0DFD7F0100000093
:10351C008C0DFD7F1CE3FF7FB80DFD7F01000000CB
:10352C00C011FD7F34E3FF7FD411FD7F010000004B
:10353C00E011FD7F30E3FF7FF411FD7F34E3FF7F6B
:10354C002C12FD7F010000003812FD7FB0B0AA8064
:10355C005812FD7FAB08B1809812FD7F20E3FF7FEE
:10356C00B412FD7FB0A902804015FD7F1CE3FF7FE4
:10357C004C16FD7F34E3FF7FA417FD7FAB108080DA
:10358C00FC17FD7FB0B0AA803418FD7F60E3FF7F8D
:10359C005C18FD7F6CE3FF7F7C18FD7FB0B0A880CA
:1035AC00B418FD7F70E3FF7F841AFD7F74E3FF7F07
:1035BC00941BFD7FB0B0A880CC1BFD7F70E3FF7F18
:1035CC00581FFD7FB0B0A8801020FD7FECE3FF7F7B
:1035DC001424FD7FB0B0A8804C24FD7F88E4FF7FCD
:1035EC005028FD7FB0B0A8808828FD7F24E5FF7FA0
:1035FC003C29FD7F01000000002BFD7FB0AB028059
:10360C00582BFD7FB0A902807C2BFD7F10E5FF7F3E
:10361C003C2FFD7F64E5FF7FFC32FD7FB8E5FF7F2B
:10362C00C434FD7FB0A805800035FD7FCCE5FF7F5D
:10363C007436FD7FB0A902808C36FD7F010000003E
:10364C00B837FD7FC0E5FF7F2C38FD7FE0E5FF7FBD
:10365C00CC39FD7FB0AA0580E439FD7FDCE5FF7F26
:10366C00543BFD7FB0AA05806C3BFD7FD8E5FF7F06
:10367C00D03BFD7FDCE5FF7FA03DFD7FB0AB06803E
:10368C00BC3DFD7FD8E5FF7F443FFD7FB0AB06809E
:10369C00603FFD7FD4E5FF7F6042FD7FB0AB0880CB
:1036AC008042FD7FD0E5FF7F8045FD7FB0AB088079
:1036BC00A045FD7FB0B0AA801046FD7FB0B0A880B9
:1036CC003846FD7FBCE5FF7F7049FD7FC0E5FF7F7D
:1036DC001C4CFD7FC4E5FF7F484DFD7FC8E5FF7F97
:1036EC00C04EFD7FCCE5FF7FA056FD7FD0E5FF7F70
:1036FC007057FD7FD4E5FF7F4058FD7FD8E5FF7FF5
:10370C009C61FD7F20E6FF7FB862FD7F34E6FF7F82
:10371C00D463FD7F48E6FF7FF064FD7F5CE6FF7FAE
:10372C00C06BFD7FB0AB0880E06BFD7F9CE6FF7F3C
:10373C00446FFD7FA0E6FF7F3076FD7FB0AB088045
:10374C005076FD7FE0E6FF7F1C7DFD7FB0AB0880EF
:10375C003C7DFD7F20E7FF7F0884FD7FB0AB0880B8
:10376C002884FD7F60E7FF7F9484FD7F64E7FF7F03
:10377C00748CFD7FB0AB0880948CFD7FA4E7FF7F39
:10378C00F093FD7FB0AB08801094FD7FECE7FF7FDA
:10379C00A49CFD7F30E8FF7F38A5FD7F74E8FF7F98
:1037AC00E4A5FD7F84E8FF7F2CA7FD7FB0B0AA8045
:1037BC0048A7FD7F94E8FF7FD8A8FD7F010000009B
:1037CC00F4AAFD7FB0A902804CABFD7FB0B0A880FD
:1037DC004CABFD7FB0B0AA808CABFD7FB0B0A880A5
:1037EC008CABFD7FAB1C9780D4ABFD7F0100000040
:1037FC0048ACFD7FAB108080E8ACFD7F0100000081
:10380C00F8ADFD7F50E8FF7F64AEFD7F54E8FF7F8D
:10381C00C8AEFD7FB0B0A88010AFFD7FAB708080CC
:10382C0030B0FD7FB0B0A880E8B0FD7FB0A90280B9
:10383C0028B1FD7F38E8FF7FD4B1FD7F0100000087
:10384C0004B2FD7FB0AA01808CB2FD7F2CE8FF7F13
:10385C0038B3FD7F0084028058B3FD7F28E8FF7FDA
:10386C00D8B4FD7FB0AA018024B5FD7FB0B0AA808A
:10387C0068B5FD7F0100000094B6FD7FB0AA018001
:10388C00F0B6FD7F0100000034B9FD7F04E8FF7F36
:10389C0048B9FD7F0100000054B9FD7F00E8FF7FAF
:1038AC0068B9FD7F04E8FF7FA0B9FD7F010000002F
:1038BC00ACB9FD7FAB08B18000BAFD7FAB10808046
:1038CC0050BAFD7FF0E7FF7F6CBAFD7FF4E7FF7F16
:1038DC00DCBAFD7FF8E7FF7F4CBBFD7FFCE7FF7F89
:1038EC00BCBBFD7FB0A90280B4BDFD7FF8E7FF7FB4
:1038FC00C4BEFD7F10E8FF7F28C0FD7F58E8FF7F26
:10390C0050C0FD7F64E8FF7F70C0FD7FB0B0A88021
:10391C00A8C0FD7F68E8FF7F64C2FD7F6CE8FF7F75
:10392C0068C3FD7F70E8FF7FA4C6FD7FB0B0A880A0
:10393C00DCC6FD7F6CE8FF7FD4C9FD7FB0B0A880EA
:10394C008CCAFD7FE8E8FF7FACCEFD7FB0B0A880CD
:10395C00E4CEFD7F94E9FF7F04D3FD7FB0B0A88057
:10396C003CD3FD7F40EAFF7FDCD3FD7F44EAFF7F41
:10397C0004D5FD7F48EAFF7F78D6FD7F010000006B
:10398C0054D8FD7FB0AB0280B0D8FD7FB0A90280C7
:10399C00D4D8FD7F34EAFF7F88DCFD7F88EAFF7F87
:1039AC003CE0FD7FDCEAFF7FC0E1FD7FB0A8058035
:1039BC00F8E1FD7FAB108080ECE2FD7FB0A90280C6
:1039CC0004E3FD7F0100000084E3FD7FD8EAFF7F64
:1039DC006CE5FD7FB0A8058084E5FD7F00EBFF7FE3
:1039EC00E0E5FD7F0100000094E6FD7FFCEAFF7F2F
:1039FC008CE8FD7FB0AA0580A8E8FD7F24EBFF7F53
:103A0C0020E9FD7F44EBFF7FBCEAFD7FB0A8058079
:103A1C00D4EAFD7F40EBFF7F24ECFD7F44EBFF7F7E
:103A2C00E8EDFD7FB0AA058004EEFD7F40EBFF7F43
:103A3C00C8F0FD7FB0AA0780E8F0FD7F3CEBFF7F6C
:103A4C00ACF3FD7FB0AA0780CCF3FD7FB0B0AA80A9
:103A5C0038F4FD7FB0B0A88060F4FD7F28EBFF7FC9
:103A6C0010F8FD7F2CEBFF7F24FFFD7F30EBFF7FF9
:103A7C00E8FFFD7F34EBFF7FAC00FE7F38EBFF7F70
:103A8C005C0AFE7F88EBFF7F740BFE7F9CEBFF7F55
:103A9C008C0CFE7FB0EBFF7FA40DFE7FC4EBFF7F91
:103AAC005014FE7FB0AB08807014FE7FF8EBFF7FE4
:103ABC00CC17FE7FFCEBFF7F5C1EFE7FB0AB08805B
:103ACC007C1EFE7F30ECFF7FE024FE7FB0AB0880D5
:103ADC000025FE7F64ECFF7F782BFE7FB0AB088067
:103AEC00982BFE7F98ECFF7F042CFE7F9CECFF7FD5
:103AFC00D033FE7FB0AB0880F033FE7FD8ECFF7F75
:103B0C00EC3AFE7FB0AB08800C3BFE7F18EDFF7FDC
:103B1C005444FE7F60EDFF7F9C4DFE7FA8EDFF7F40
:103B2C00484EFE7FB8EDFF7F484FFE7F010000003E
:103B3C000450FE7FB0B0A8803C50FE7FB0A902803C
:103B4C007C50FE7FB8EDFF7F3451FE7FB0AA018020
:103B5C00BC51FE7FB4EDFF7F6452FE7F0084028077
:103B6C008452FE7FB0EDFF7F2454FE7FB0AA01800B
:103B7C007454FE7FB0B0AA80B854FE7FB0AA018006
:103B8C001455FE7F010000008C55FE7FB0A9048007
:103B9C00B855FE7F010000005856FE7FAB08B1807F
:103BAC007456FE7F7CEDFF7F1C57FE7F01000000EA
:103BBC006858FE7F78EDFF7F2059FE7F01000000E2
:103BCC00E859FE7FB0B0A880205AFE7F01000000AB
:103BDC00745AFE7F64EDFF7F6C5BFE7F84EDFF7F8C
:103BEC00D85BFE7FB0B0A880605CFE7F0100000057
:103BFC00905CFE7F78EDFF7F9C5DFE7FB0B0A8806F
:103C0C00DC5DFE7FAB08B1806C5EFE7F6CEDFF7FF0
:103C1C002C63FE7F8CEDFF7F4C63FE7F0100000068
:103C2C005463FE7FB0B0A8806463FE7F0100000087
:103C3C007463FE7FB0B0A880A063FE7F010000001B
:103C4C00E463FE7FB0B0AA801064FE7FB0B0A880A1
:103C5C007864FE7F01000000B064FE7F6CEDFF7F96
:103C6C004465FE7F70EDFF7FF468FE7F74EDFF7F8F
:103C7C005C6AFE7F78EDFF7F086BFE7F94EDFF7F23
:103C8C00C86BFE7FB0EDFF7F8C6CFE7FB0B0A88060
:103C9C00A46CFE7F01000000EC6CFE7FBCEDFF7F8E
:103CAC00186DFE7FCCEDFF7F446DFE7FDCEDFF7F5A
:103CBC00806DFE7FECEDFF7FBC6DFE7FFCEDFF7F2A
:103CCC00E46DFE7F08EEFF7F0C6EFE7F14EEFF7F2F
:103CDC00B86EFE7F010000002C6FFE7F10EEFF7FA0
:103CEC00406FFE7F24EEFF7F4C6FFE7F01000000D3
:103CFC009C71FE7FB0AA01806472FE7FB0B0A88078
:103D0C007C72FE7F20EEFF7F8C72FE7F0100000034
:103D1C00A874FE7F2CEEFF7F1475FE7FB0B0A880D8
:103D2C003077FE7F38EEFF7F9C77FE7FB0B0A880A7
:103D3C00B879FE7F44EEFF7F387AFE7FB0B0A88062
:103D4C00587AFE7F4CEEFF7FD87AFE7FB0A80180B8
:103D5C00E47AFE7F01000000887BFE7F4CEEFF7F43
:103D6C00BC7BFE7FB0AB02801C7CFE7F01000000A0
:103D7C00B4D2FA0FB0A9028048D3FA0FB0B0A88021
:103D8C009CD3FA0F01000000A8D3FA0FB0B0AA80A0
:103D9C00DCD3FA0F2CEEFF7FA4D4FA0F0100000045
:103DAC00A0D4FA0FAA3F3980ECD4FA0FB0B0A88097
:103DBC00F8D4FA0FB0B0AA8038D5FA0FB0B0A880FA
:103DCC004CD5FA0F0100000048D5FA0FB0B0A8800E
:103DDC0050D5FA0F01000000E0D5FA0FAA0FB280FF
:103DEC0048D6FA0FE8EDFF7F2CD9FA0FB0B0A880B7
:103DFC0048D9FA0FE4EDFF7FA8DBFA0F01000000B1
:103E0C0018DDFA0F0084048028DDFA0FB0B0A8800A
:103E1C0028DDFA0FD0EDFF7F10E0FA0F008404804C
:103E2C0030E0FA0FB0B0A88048E0FA0F01000000B3
:103E3C00AC020010A002001094020010389A04107A
:103E4C0088020010449A0410509A04108C9A0410A2
:103E5C0030B50400101E0AD00A000D180221E368C8
:103E6C001942FCD013780132A3609542F7D1E36874
:103E7C005B0704D50421A368E3681942FBD1102128
:103E8C00E3681942FCD1E3685B0704D50421A368FD
:103E9C00E3681942FBD10123236230BDF0B54746DC
:103EAC00CE4605008846180080B5002B17D01E00A2
:103EBC001C0002239C4602339946002E13D033007B
:103ECC0008336146EF6839421AD0A34218D94346E9
:103EDC00013EAB603300002C14D1002BEDD1C0BCE3
:103EEC00B946B046F0BD002CF9D04946EB681942F2
:103EFC00F9D0AB68013C1370230001323343ECE77B
:103F0C00002CDED04946EB681942D6D0F1E7C0460A
:103F1C0010B5002406E00368BFF35F8F1C6081F3CB
:103F2C00108820BF0268EFF3108172B61368002B63
:103F3C00FCD0BFF35F8F0422835E002BEBDD013BD3
:103F4C0083800368BFF35F8F00221A6081F31088AF
:103F5C0010BDC04610B50268EFF3108172B613683D
:103F6C00002BFCD0BFF35F8F0422835E0624025F1C
:103F7C009A420BDD013383800368BFF35F8F00220D
:103F8C001A6081F3108840BF012010BD0368BFF395
:103F9C005F8F00221A6081F310880020F5E7C0467D
:103FAC000268EFF3108C72B61368002BFCD0BFF3D1
:103FBC005F8F0422835E81808B4208DA0368BFF333
:103FCC005F8F00221A608CF3108840BF7047036823
:103FDC00BFF35F8F00221A608CF31088F6E7C0469F
:103FEC00D02330B500251B0600245D5706E003687E
:103FFC00BFF35F8F1C6081F3108820BF0268EFF362
:10400C00108172B61368002BFCD0BFF35F8F03795D
:10401C007F2BECD905710368BFF35F8F00221A6008
:10402C0081F3108830BDC04603000068EFF3108C9C
:10403C0072B60268002AFCD0BFF35F8F04229A5636
:10404C00002A0BDB00290FD000200A601B68BFF38D
:10405C005F8F00221A608CF310887047D0221206F2
:10406C00126801201A71F1E70020EFE7F0B5C6469F
:10407C00150000B504001E000268EFF3108172B643
:10408C001368002BFCD0BFF35F8F0423E356002B87
:10409C002DDB2268BFF35F8F0020106081F3108846
:1040AC00D0221206127852B290469A4203D10020C6
:1040BC0080BCB846F0BD00270BE02368BFF35F8FD0
:1040CC001F6081F310882800310001F069FE002880
:1040DC00EDD12268EFF3108172B61368002BFCD07F
:1040EC00BFF35F8F23797F2BE7D9434602E0D023C0
:1040FC001B061B6823712368BFF35F8F00221A60B5
:10410C0081F310880120D3E7F0B5C64600B50D0049
:10411C00040001F07DFEFA2206000F0000232800A7
:10412C000021920001F02CFE36184F41002F2CDBA1
:10413C00D0231B061B68002598460BE02368BFF3B1
:10414C005F8F1D6081F310883000390001F028FE6C
:10415C00002818D12268EFF3108172B61368002B77
:10416C00FCD0BFF35F8F23797F2BE7D943462371B4
:10417C002368BFF35F8F00221A6081F3108801203F
:10418C0080BCB846F0BD0020FAE70126014F76420C
:10419C00CEE7C046FFFFFF7F0268EFF3108172B6D7
:1041AC001368002BFCD0BFF35F8FFF2303710368F0
:1041BC00BFF35F8F00221A6081F3108840BF7047F5
:1041CC00084810B50378002B0AD180230649074A0A
:1041DC005B051C68CC5004339342FAD10123037065
:1041EC0010BDC04601590320AC3C03100001001067
:1041FC0010B5024B0133984710BDC046AC3C0320B0
:10420C00034B1A68C0239B009343024A1360704708
:10421C000C8001400C900140054B1A6880239B00D8
:10422C005340C02292001340024A13607047C046AC
:10423C000C8001400C9001401423F0B5D6464F463B
:10424C0046469A46814618880433C0B598460E00F7
:10425C001B88274914009847534607001888434683
:10426C0024491B8898475346050018884346224921
:10427C001B8898478046FFF7A3FFB847A847FFF76E
:10428C00CBFF002C1BD0C02122000827022049059F
:10429C003D008B6A1D4018420BD0002C09D0131B1B
:1042AC000D2B1FD84B461B78013C0B6601239C46FB
:1042BC00E1442300002D0CD11343002BE8D1FFF770
:1042CC009FFFC047FFF794FFE0BCBA46B146A84633
:1042DC00F0BD002AF1D00B6E013A33701300013699
:1042EC002343EAE7002DD3D0002AD1D0F3E7C04610
:1042FC0049460000455800004643000000231C4A74
:10430C0010B59360D3601B4A00219360D3601A4AA6
:10431C001A489360D3601A4A9360D360194A936029
:10432C00D360194A9360D360184A9360D360184ADB
:10433C009360D360174A9360D360174A9360D3603D
:10434C00164A9360D360164A9360D360154A936003
:10435C00D360154A9360D360144A9360D360F02203
:10436C00920001F03DFD124B124A1A6010BDC0467E
:10437C00000010500800105010001050F03E0320A8
:10438C001800105020001050280010503000105011
:10439C003800105040001050480010505000105081
:1043AC0058001050600010506800105070001050F1
:1043BC00FC4C032080011050F0B55746DE464E46AB
:1043CC004546E0B5234B87B09F6D002F23D0224B81
:1043DC000024994601239846204B01269A4604E076
:1043EC0001347600E4B2202C15D03E42F8D04B4676
:1043FC009E65434665086D00A343ED186D01554459
:10440C00280000F0A1FB00280CD10134B743E4B222
:10441C007600002FE7D107B0F0BCBB46B246A946E8
:10442C00A046F0BDAB7808229B46EB8A002103A87E
:10443C00019301F0D5FC0723594602AA5371019B45
:10444C00117203A80121059300F0A6FB280000F0CF
:10445C0013FBDAE70000115000301150B03E03207E
:10446C009823D14A70B5D55880232C009B02102676
:10447C0084B01C401D4278D0CC4BCD4C9A6ACD4BAD
:10448C0000261A603B23E35C022B00D1D7E07B2390
:10449C00E35C022B00D11AE2BB23E35C022B00D1BC
:1044AC0003E2FB23E35C022B00D1ECE13C23FF3362
:1044BC00E35C022B00D1D1E17C23FF33E35C022BC4
:1044CC0000D1B6E1BC23FF33E35C022B00D19BE1AE
:1044DC00FC23FF33E35C022B00D14FE1B64BE35CD2
:1044EC00022B00D136E1B54BE35C022B00D11DE170
:1044FC00B34BE35C022B00D104E1B24BE35C022B27
:10450C0000D1EBE0B04BE35C022B00D1D2E0AF4B1F
:10451C00E35C022B00D1B9E0AD4BE35C022B00D184
:10452C009EE0AC4BE35C022B00D1E2E1002E08D103
:10453C00A94B1B78002B04D18021A84A9033890207
:10454C00D15001AE984B0C22002130009C6C01F034
:10455C0047FC03236405640D737030000294012141
:10456C00802400F019FB9E4EA402EB0663D480233A
:10457C005B021D4214D0012223211C438C4B5A5444
:10458C00DA70C023974ADB00019302AB03CA03C362
:10459C00012101A800F000FB8022904B92021A65C9
:1045AC0080235B011D422FD18023DB011D421AD1D8
:1045BC0080231B021D4204D1AC4200D0B3E104B0F5
:1045CC0070BD01AE0C22002130001C4301F008FC30
:1045DC00052301217370300000F0DEFA80227F4B3E
:1045EC0012011A65E8E701AE0C22002130001C43D1
:1045FC0001F0F6FB042301217370300000F0CCFABB
:10460C001022764B1A65D3E700221C43664B01AE91
:10461C001A60FFF773FE0C220021300001F0E0FB62
:10462C00012301217370300000F0B6FA80226B4B2D
:10463C0012031A65B8E7FFF7BFFE340097E738336B
:10464C00E65C002E00D122E70233E25C002A00D1A6
:10465C001DE700222000E254203000F03FFA16E75C
:10466C00614BE35C002B00D15BE7EF239B00E25C2A
:10467C00002A00D04FE1574BE35C022B00D060E7DF
:10468C005A4BE35C002B00D038E15AE7584BE35C03
:10469C00002B00D140E7DF229200A15C1E00002914
:1046AC0000D139E70023A354D8239B00E01800F075
:1046BC0015FA31E74F4BE35C002B00D127E7CF22F3
:1046CC009200A15C1E00002900D120E70023A35416
:1046DC00C8239B00E01800F001FA18E7464BE35C96
:1046EC00002B00D10EE7BF229200A15C1E00002916
:1046FC0000D107E70023A354B8239B00E01800F077
:10470C00EDF9FFE63D4BE35C002B00D1F5E6AF2263
:10471C009200A15C1E00002900D1EEE60023A354F8
:10472C00A8239B00E01800F0D9F9E6E6344BE35CD3
:10473C00002B00D1DCE69F229200A15C1E00002918
:10474C0000D1D5E60023A35498239B00E01800F079
:10475C00C5F9CDE62B4BE35C002B00D1C3E68F22D1
:10476C009200A15C1E00002900D1BCE60023A354DA
:10477C0088239B00E01800F0B1F9B4E6F933FF335D
:10478C00E35C002B00D1A9E6FE225200A15C1E00C6
:10479C00002900D1A2E620000023E130A354FF3011
:1047AC0000F09CF99AE6C04600001150004005400C
:1047BC00B03E03208C3E03203B0200007B02000035
:1047CC00BB020000FB0200003B0300007B03000067
:1047DC00BB030000FB030000005903200030115004
:1047EC001000020000001050BA030000FA03000091
:1047FC007A0300003A030000FA020000BA0200003B
:10480C007A0200003A020000B933FF33E35C002B5C
:10481C0000D15DE6DE225200A15C1E00002900D111
:10482C0056E620000023A130A354FF3000F056F9C7
:10483C004EE67933FF33E35C002B00D142E6BE2217
:10484C005200A15C1E00002900D13BE62000002391
:10485C006130A354FF3000F041F933E63933FF33B4
:10486C00E35C002B00D127E69E225200A15C1E00C7
:10487C00002900D120E6200000232130A354FF3072
:10488C0000F02CF918E6F833E35C002B00D10DE6B0
:10489C00FC22A15C1E00002900D107E600232000A9
:1048AC00A354E03000F01AF900E6B833E35C002BB7
:1048BC0000D1F6E5BC22A15C1E00002900D1F0E578
:1048CC0000232000A354A03000F008F9E9E5783368
:1048DC00E35C002B00D1DFE57C22A15C1E000029EB
:1048EC0000D1D9E500232000A354603000F0F6F885
:1048FC00D2E50F4BE35C002B00D117E6FF239B00A6
:10490C00E25C002A00D11CE60022E2541C3BE018B9
:10491C0000F0E4F815E60022E254E8239B00E018CE
:10492C0000F0DCF8A7E621000248694001F050FADB
:10493C00FA030000449B0410084A0300126C002088
:10494C00920703D49A78D209012A00D07047D87EF6
:10495C00023843425841C0B2F8E7C046000011503B
:10496C0010B5FFF7E9FF00280CD00749074B8C4620
:10497C00074A9B6A126863449B1A0020C6229A421B
:10498C004041C0B210BDC046E0FCFFFF00400540F6
:10499C008C3E0320F8B5028B838A04000F00161C92
:1049AC009A4200D91E1C8025B6B29B1BE2789BB2A2
:1049BC00ED00A3823543002A02D09025AD0135438A
:1049CC0001214A40E2706278002A09D0002B02D102
:1049DC008023DB011D43002F00D02D042800F8BDDF
:1049EC00E368B8019C4632006044216901F000FA8A
:1049FC0023699C46802366441B021D432661A38ABF
:104A0C00E4E7C046836870B504001D68002900D037
:104A1C002D0C6378AD05AD0D002B09D1E38AEB1895
:104A2C00E382238BAB4201D90023A382280070BD03
:104A3C00E36889019C462A002069614401F0D8F999
:104A4C00E38AEB18E38223695B192361E9E7C0462B
:104A5C0010B50400836800211B68FFF7D3FF63685F
:104A6C001B685B0002D5238B834200D010BD012153
:104A7C002000FFF7C7FFF9E700238376436103614A
:104A8C007047C04610B58368002901D01C682140CE
:104A9C00002A11D08024E400114322420CD01A6861
:104AAC0022420BD10A4A0A401A60FFE7FFE7FFE7F0
:104ABC00FFE7FFE7FFE78368196010BD7F2281786D
:104ACC000448CB091140044A9B009A5801F080F924
:104ADC00FFFBFFFF589B041088210020436870B532
:104AEC00002180251E680400FFF754FF134B6D0155
:104AFC001B6C05439B070FD5A3785B060FD0104B9F
:104B0C001E4080239B053343626800211360200004
:104B1C002A00FFF7B7FF70BDA378DB09EFD0A38A9B
:104B2C00002BECD001212000FFF734FFA023054A15
:104B3C00DB05324005431343E6E7C0460000115045
:104B4C00FFFFFFAFFFFFFFDF70B5857E0400002D78
:104B5C0013D0FFF77DFFA38A002B01D1280070BD75
:104B6C002000FFF7FDFE051E03D00123002523774F
:104B7C00F4E72000FFF7B2FFF0E77F2281780448CA
:104B8C00CB091140034A9B009A5801F021F9C04609
:104B9C00789B041088210020F0B54378050085B07F
:104BAC00042B00D175E046D8022B00D183E0032BF7
:104BBC0055D1504E504A00243378002A00D192E04F
:104BCC004E4F03E00134E4B29C4214D8A342F9D90D
:104BDC00396862008C461219D2006244002AF1D066
:104BEC005269002AEED028786968904701343378EE
:104BFC00E4B29C42EAD9424B1A78520747D50421B9
:104C0C001A7801A88A431A7000210C2201F0E8F8E6
:104C1C006A462B781371052353713A4B1C686269F1
:104C2C00EFF3108172B61368002BFCD0BFF35F8FCB
:104C3C00A16101A920E0052B11D1314B1A78D207C3
:104C4C0025D504211A788A431A702E4B1C68626988
:104C5C00EFF3108172B61368002B09D1FBE7294BD7
:104C6C001C686269EFF3108172B61368002BFCD0DC
:104C7C00BFF35F8FA1612900200001F099F86269F0
:104C8C00A369BFF35F8F0021116083F3108805B017
:104C9C00F0BD1B4B1A78D207F9D504211A780A43B8
:104CAC001A70184B1C686269EFF3108172B61368A6
:104CBC00002BDDD1FBE70120114A117881431170E3
:104CCC0011789943002311700421537013788B438E
:104CDC0013700C4B1C686269EFF3108172B6136889
:104CEC00002BC5D1FBE700220132D2B29A42FBD98C
:104CFC0081E7C046FF580320F9F000102438032048
:104D0C004C3B0320A43B03207047C04603685A0069
:104D1C0004D5802212061343C01870475B005B0851
:104D2C00FAE7C046F8B557464546DE464E4690462D
:104D3C00E0B50700002924D04B1E9A469946002363
:104D4C009B465B464B44DC0FE4186410E5007E196F
:104D5C003000FFF7DBFFA2450CD040450CD82800F3
:104D6C0008303818FFF7D2FF013840450AD2631CCF
:104D7C009B46E6E7404505D9A34502D0631E9946FC
:104D8C00DFE700263000F0BCBB46B246A946A04681
:104D9C00F8BDC0460300012805D0022807D000202A
:104DAC00002B02D070470348FCE70348FAE703489E
:104DBC00F8E7C0462D1700202117002039170020D6
:104DCC0030B5234B050083B08C1E002B26D0200061
:104DDC0001A900E000BF00281CD001992200FFF7B8
:104DEC00A1FF041E16D0FFF791FF6368A864012B86
:104DFC002AD0201D002B23DBFFF788FF0023E8645B
:104E0C002B650368002B0FDBFFF780FF2861002068
:104E1C0003B030BD002309202B61F9E70D480E4982
:104E2C00091AC9100191D9E71801000FFFF7B2FF59
:104E3C002861431E98410823404298430930E7E714
:104E4C000123E8642B65DCE7002305202B61DFE7F9
:104E5C0000000000FC2B05103C3E0510036810B54B
:104E6C000400DA0705D49B070AD5483000F080FC13
:104E7C0023685A070AD51A070FD5DB0615D510BDBE
:104E8C00483000F071FC23685A07F4D42000D0306D
:104E9C0000F072FC23681A07EFD420005130FF3069
:104EAC0000F06EFC2368DB06E9D42000D130FF3023
:104EBC0000F06AFCE3E7C046092070470300006875
:104ECC00002800D0C01870477047C04670B5040069
:104EDC000D002000296CFFF773FF002811D12B6CFB
:104EEC002A00636121000120236998470828F0D02B
:104EFC00072806D10020296CFFF7E6FF281D00F0DB
:104F0C001DFC00F045FFC046F0B5CE46474680B5C7
:104F1C00C368304C9846A5448369040016000431DC
:104F2C00402205A8994600F063FF0023049325E076
:104F3C00F022149B5200636104A97CA8039300F037
:104F4C0057FF2100280023697CAA98478A9B0500FB
:104F5C00039315934B46019304AB0093220023005B
:104F6C0031000120C047002822D1F0227CA9520038
:104F7C0004A800F03DFF0026082D22D1149B200030
:104F8C0019000393FFF71CFF09360700F5B2002840
:104F9C00CED0129B1021039315934B46019304AB77
:104FAC0000932200230001202943C047002800D091
:104FBC0009273800F5239B009D44C0BCB946B04678
:104FCC00F0BD072DF4D130001499FFF77DFF05A833
:104FDC0000F0B4FB2CFCFFFF406C704770B5CB6B42
:104FEC00FAB00B6405000E004022043103A800F057
:104FFC00FFFE01235B42029306E029002B6902AA03
:10500C009847040008280AD1129B28001900019324
:10501C00FFF7D6FE0028F0D009207AB070BD02A8A8
:10502C00FFF71CFF062CF7D131002800FFF74EFFCD
:10503C0010B58261DA6BC1601A6419000022FFF7A7
:10504C0063FF10BD436970B50B64C36804000D00A9
:10505C00002B13D10A00236901000220984707286E
:10506C0005D008280FD129002000FFF72FFF0020C2
:10507C00296CFFF729FF281D00F060FB0122FFF7C8
:10508C0043FF00F085FE00F083FEC046C36810B5F8
:10509C00002B05D0CB6B00220B64FFF735FF10BD46
:1050AC00FFF79CFFFBE7C0467047C04683680100D2
:1050BC0010B5002B01D00120984710BD012915D047
:1050CC000AD8002B10D10F2A0ED8920082185268E1
:1050DC00009B00201A6006E001200339C9B2884207
:1050EC0080414042013070470220FCE70120FAE782
:1050FC0000B585B003AB0A00009300210023FFF735
:10510C00DDFF039805B000BD012915D00AD8002B8E
:10511C0010D10F2A0ED8009B92001B688218536086
:10512C00002006E001200339C9B288428041404288
:10513C00013070470220FCE70120FAE700B585B08A
:10514C0003AB039200930A0000230021FFF7DCFF5E
:10515C0005B000BD70B51A4CD36BA54413640500A3
:10516C000C0019A8111D402200F042FE01235B42E5
:10517C00189314E00C2118A802AAFFF7DFFF2100F6
:10518C0018A8A847002812D1069B18AA02A9083013
:10519C0001939847060005280AD0092807D0289BB8
:1051AC0002A819000193FFF70BFE0028E2D0092694
:1051BC0018A8FFF753FE300090239B009D4470BD50
:1051CC00C0FDFFFFF0B557469246032245464E46BA
:1051DC00DE4699461300E0B58846CD6C494689B049
:1051EC000340009308CD0695002900D180E01A0CED
:1051FC001B040593022304A90B73FD3313409B007E
:10520C004A73ED18009B022B01D143469D6B43461C
:10521C001B6DDB070FD5504605A900F05BFB002882
:10522C0001D1082000E0092009B0F0BCBB46B24611
:10523C00A946A046F0BD2F68002FECD008230340F0
:10524C00029300230193013354469B464646BA46CB
:10525C004B46022B49D02B886F889A4604355A4608
:10526C003B009343B26C0F21904620009844FFF70B
:10527C003FFF0023804506D853465A469343434488
:10528C0098429B415B4202227F001740594652468E
:10529C000A401743012F30D0022F4CD0002FC2D11F
:1052AC00009A002A02D0002B00D09BE004352B681A
:1052BC009A46002BCCD1200005A9A24600F00AFB8F
:1052CC000028B0D1019B002BABD00F215046FFF72B
:1052DC000FFF0E2102005046FFF730FF50460F2102
:1052EC00724AFFF72BFF07209EE76F680835B6E779
:1052FC001B02059304AB9A8184E7009A002A49D1DA
:10530C00002B16D02B68DF0F6B689A1C00D18AE734
:10531C00320058320492013300D1B6E0281DFFF759
:10532C00CDFD3A00010004AB300000F069FD00280F
:10533C006CD10835BBE72A68009957007F08002913
:10534C000DD1002B04D0029B002B72D0002F3CD02F
:10535C00002A00DA04350137BF00ED19A7E7336ADC
:10536C000D2120009846FFF7C3FE804501D02A6826
:10537C00EEE7B36A9D42FAD10023F3620433336340
:10538C002B1DB76273632B68002B00DA87E00123B7
:10539C000193E0E70D212000376AFFF7A9FE874251
:1053AC00C7D1B36A9D42C4D1B046A2462800FFF7CC
:1053BC00ADFC0F2102005046FFF7C0FE504642469E
:1053CC000021FFF7BBFE07202EE7B046A2460D21B9
:1053DC005046FFF78DFE4346049A18625A62062027
:1053EC009D6221E72800FFF791FC0435A246B563C6
:1053FC000400300000F0E4FC002800D113E7504614
:10540C0022000F21FFF79AFE07200DE7A2460D217F
:10541C0004005046FFF76CFEB04633003062022C9D
:10542C0039D1049A2C33F2627362434606209D6292
:10543C00FAE62B1D9A460023984658339C462100C9
:10544C004A46B4445446A9468A463D000392474610
:10545C00E0460EE0434620000493FFF72FFD0022A8
:10546C00010004AB300000F0CBFC01370434002801
:10547C0004D1AF42EED14D46B046A8E72F004D46C1
:10548C00039B544699462A6862E70D212000FFF7DA
:10549C002FFEB04630624346049A5A62C5E7781C28
:1054AC008000B046A246281881E7C04651960310EA
:1054BC0010B50023FFF786FE10BDC04610B50123C2
:1054CC00FFF780FE10BDC04610B50223FFF77AFE31
:1054DC0010BDC046F0B5CE46474680B50500140059
:1054EC001E00C3B0032944D020D8002949D001297B
:1054FC0041D1130C14049846230C9946012E00D16B
:10550C007AE0052E37D144464C44202C33D8434600
:10551C000F2B00D8B5E04C46002C00D0C2E04A4618
:10552C00A96B20AF002A22D000247FE0042922D1CD
:10553C00002B20D1102A1ED8102203681A4200D04A
:10554C00C7E020AF380000F021F901263900002314
:10555C00AA6B30009840044201D001CA08600133A4
:10556C000431042BF5D13800AA6300F00DF90020AA
:10557C0002E0032B1CD0022043B0C0BCB946B0469D
:10558C00F0BD002BF7D1002301271604826B360CDB
:10559C00011D38009840064201D001CA0860013351
:1055AC000431102BF5D10020A304E5D4AA63E3E762
:1055BC001404160C240C3319102BDCD808220368A5
:1055CC001A4200D08CE020AF380000F0DBF8F60077
:1055DC00AB6B002C0AD0F61AE400321F1C19BA1857
:1055EC001900096804339950A342F9D13800AB6310
:1055FC0000F0C6F80020BFE743464B44102BBAD846
:10560C0043460F2BB7D82B681E4206D00322280026
:10561C0093432B60483000F0A9F820AF380000F01D
:10562C00A5F84A460024A96B002A61D04346DB004A
:10563C00FF180023D200C858F85004339A42FAD10C
:10564C008918002C0FD06F464046102800D210202D
:10565C0000231038C0003818E200CF58C75004336C
:10566C009342FAD1C918012E41D04346A9630F2B9E
:10567C0045D9002C00D17AE7684600F07DF800206F
:10568C007AE7102C46D9103C01222B681A4207D01D
:10569C0093430222280013432B60483000F06AF831
:1056AC00002C39D004222B681A422CD143460F2BE4
:1056BC0003D820AF380000F05DF86F46380000F0DA
:1056CC005DF810224346A96BD21A002ABCDD20AF2C
:1056DC00ACE793430360D130FF3000F057F830E76C
:1056EC00934303605130FF3000F04CF86BE720AF70
:1056FC0004313800A96300F037F800203CE720A8FB
:10570C0000F036F8B5E7280093432B60D03000F05A
:10571C0035F8CBE70024B7E743460F2B00D9FEE65C
:10572C0020AF380000F026F84A46A96B002A00D0BA
:10573C00FAE6380000F01CF800201DE701003431B7
:10574C0038C9043B9C461D60A646010020313CC96B
:10575C0090469946A246AB4601000831FCC9416807
:10576C000068E54600BDC0467047C0467047C0465D
:10577C007047C0467047C0467047C0467047C04629
:10578C007047C0467047C0467047C0467047C04619
:10579C0001B401A801B585B0FFB408A841464A463A
:1057AC0053465C4665463EC001A83EC80F98009023
:1057BC0000230CB401A9FFF711FC109B12B0184781
:1057CC0001B401A801B585B0FFB408A841464A460A
:1057DC0053465C4665463EC001A83EC80F980090F3
:1057EC0000230CB401A9FFF72DFC109B12B0184735
:1057FC0001B401A801B585B0FFB408A841464A46DA
:10580C0053465C4665463EC001A83EC80F980090C2
:10581C0000230CB401A9FFF739FC109B12B01847F8
:10582C0001B401A801B585B0FFB408A841464A46A9
:10583C0053465C4665463EC001A83EC80F98009092
:10584C0000230CB401ABFFF7F3FB109B12B018470D
:10585C0001B401A801B585B0FFB408A841464A4679
:10586C0053465C4665463EC001A83EC80F98009062
:10587C0000230CB401AAFFF76DFC109B12B0184763
:10588C00027A0300002A0BD1427A002A0FD0013A87
:10589C0042724268111D416003211268017202E0DC
:1058AC00013A02720268100E12021A607047B020A0
:1058BC00FCE7C04600B585B003AB00930C22002377
:1058CC000021FFF7FBFB039805B000BD10B5FFF7F7
:1058DC00F1FF10BDF0B54E4645465746DE46002357
:1058EC00E0B587B003930F339846083B9946802365
:1058FC001B0305000E009A463000FFF7C1FF0400A1
:10590C00B02800D1C1E0030629D5030042469343D9
:10591C00DBB2802B53D0902B3DD0A02B6BD0B02B77
:10592C0000D17EE0C02B00D195E003004A469343A2
:10593C00DBB2D02B0AD15346024001321A43052365
:10594C0001212800FFF7C6FD0028D5D0092420002E
:10595C0007B0F0BCBB46B246A946A046F0BDFF233B
:10596C00820013401F1D05AB9B4600930D220023A4
:10597C0000212800FFF7A2FB630639D4059B9C4647
:10598C0067445B460597009300230D2200212800F5
:10599C00FFF7BAFBB0E7833B03400D2BD6D005AF26
:1059AC0002400023002128000097FFF787FB00230B
:1059BC000D22002128000097FFF7A6FB9CE70402AC
:1059CC003000FFF75DFF802720433F02B842BDD077
:1059DC0004010005020C002300212800FFF77AFDCA
:1059EC000028B3D13C4200D186E70123039383E71F
:1059FC00059BDF1BC5E7FF234A461B0119008243A9
:105A0C0011410A001A40030702D58023DB011A4317
:105A1C00002300212800FFF75DFD002800D16BE773
:105A2C0094E7B12845D0B22800D19FE0B32855D0D7
:105A3C00FC230340B42B00D188E74A46534602406E
:105A4C0001321A43012101232800FFF743FD0028EE
:105A5C0000D151E77AE7C6284BD0C7285DD00300A8
:105A6C004A469343DBB2C02B6CD0C82871D0C928EE
:105A7C0000D06BE73000FFF703FFF02302031B039A
:105A8C00134042460240013258E7039B0024002B8E
:105A9C0000D05CE705AE0E22002128000096FFF72F
:105AAC000DFB00230F22002128000096FFF72CFB92
:105ABC004DE73000FFF7E4FE021E00D146E703007D
:105ACC0041468B43DBB2002B00D03FE7002128007E
:105ADC00FFF700FD002800D10EE737E73000FFF795
:105AEC00CFFEF02302031B03134042460240013257
:105AFC00A7E73000FFF7C4FEF02302031B0313409B
:105B0C004246024001321A43032303212800FFF7C7
:105B1C00E1FC002800D1EFE618E73000FFF7B0FEFB
:105B2C00021E00D112E7030041468B43DBB2002B6F
:105B3C0000D00BE704212800FFF7CCFC002800D193
:105B4C00DAE603E74346A0221C4001341203224349
:105B5C00DAE73000FFF794FE434602009A43D2B2D4
:105B6C0010321840120301300243E8E605AB0093F3
:105B7C009B460D22002300212800FFF79FFA3000DE
:105B8C00FFF77EFE03061AD57F27B03C059B3840F5
:105B9C00A0409C466044059030000734FFF770FE2F
:105BAC000306F3D481217F2389008C460340A34054
:105BBC00059A62449B1805935B460093E4E6022425
:105BCC00F0E7C046030000B5DA6C85B053680800F6
:105BDC000832190201910292694603221B0E0A73C4
:105BEC004B7301A9FFF776FE05B000BD10B5FFF7AA
:105BFC006DFE806C10BDC04610B5FFF767FEC26C21
:105C0C00D07902308000101810BDC04610B500F0DD
:105C1C00BFF810B5FFF7FAFF70B5CCB283070DD003
:105C2C00531E002A0FD0032504E00130284206D071
:105C3C00013B08D30278A242F7D170BD1300032BAD
:105C4C000CD8002B01D10020F7E7C31802E001307B
:105C5C008342F8D00278A242F9D1EEE7FF25294021
:105C6C000D0229430D04074E0D43026806496A4094
:105C7C00511891433142E8D1043B0430032BF4D842
:105C8C00DFE7C04680808080FFFEFEFE30B5032A31
:105C9C000CD903000B439B0719D103680C68A34272
:105CAC0015D1043A04300431032AF6D8551E002AC3
:105CBC000BD0002303E05A1C9D4206D01300C25C9B
:105CCC00CC5CA242F7D0101B00E0002030BD551E6A
:105CDC00EFE7C046F0B588420AD98B18984207D234
:105CEC00531E002A03D0CA5CC254013BFBD2F0BD48
:105CFC000F2A0BD80500561E002AF8D00023CC5CC6
:105D0C001A00EC5401339642F9D1F0E703270D0049
:105D1C003E0005430C0003002E402F422BD11500F2
:105D2C00103D2D09AC462F013F1825681D60656894
:105D3C005D60A5689D60E5681034DD601D00103362
:105D4C00BD42F2D165460F230C2401352D014919B2
:105D5C0013404519144211D08C59AC5104369C1B7C
:105D6C00032CF9D8043B9B0801339B00ED18C91890
:105D7C0003231A40BFE70500561EBFE71A00BAE717
:105D8C0001B40248844601BC604700BF15E5001011
:105D9C0001B40248844601BC604700BF11BA03102D
:105DAC0001B40248844601BC604700BF69B00010D2
:105DBC0001B40248844601BC604700BFA510011025
:105DCC0001B40248844601BC604700BFE59403104F
:105DDC0001B40248844601BC604700BFEDBF00100F
:105DEC0001B40248844601BC604700BF95EA00102C
:105DFC0001B40248844601BC604700BFA1EA001010
:105E0C0001B40248844601BC604700BF25940310CE
:105E1C0001B40248844601BC604700BF11B20010B7
:105E2C0000000000000004400D00000000000440D1
:105E3C0009000000CD3E9F3EC3F51C41CDCCCC3CAF
:105E4C00CDCC4C3F0AD7233CCDCCCC3C7077D6BDC7
:105E5C00FE987E3FC712D6BDCDCCCC3DCDCC4C3DB3
:105E6C00010000000000803F0000344310000000DF
:105E7C000000000000000100000000000000000015
:105E8C000000020000000000000000000000030001
:105E9C0000000000000000000000FF0000000000F7
:105EAC0001B5486801318E460047704609380149F2
:105EBC00884701BDC5A8001040210020000000004B
:105ECC00902E0020083E032000000000000000007F
:105EDC00183E03200000000000000000100000002D
:105EEC00503300004C330000543300005233000098
:105EFC004D5300004D430000533400004334000068
:105F0C0041F2001000000000B1F1001039F1001056
:105F1C000000000000010000A49B04104096041037
:105F2C00A83B032010000C00000000000000000043
:105F3C00000000000000000000000000FF01000055
:105F4C00719F031000D60410D8D504101CD6041071
:105F5C0028D604102CD6041030D6041038D60410D1
:105F6C003CD6041040D6041044D6041048D6041075
:105F7C004CD6041050D6041054D6041058D6041025
:105F8C0040D604105CD6041060D6041070D60410F1
:105F9C0080D6041094D60410A4D60410B4D60410E1
:105FAC00C4D60410D4D60410E4D60410F4D60410CD
:105FBC0004D7041014D70410B4D6041024D704103A
:105FCC00A8DF0410D0DF041011BA03100000000089
:105FDC0048220020000000000000000034250020B2
:105FEC009C2500200426002000000000000000007A
:105FFC000000000000000000000000000000000095
:10600C000000000000000000000000000000000084
:10601C000000000000000000000000000000000074
:10602C000000000000000000000000000000000064
:10603C000000000000000000000000000000000054
:10604C000000000000000000000000000000000044
:10605C000000000000000000000000000000000034
:10606C000000000000000000000000000000000024
:10607C000000000000000000000000000000000014
:10608C0001000000000000000E33CDAB34126DE6B1
:10609C00ECDE05000B00000000000000000000001A
:1060AC0000000000000000000000000000000000E4
:1060BC0000000000000000000000000000000000D4
:1060CC0000000000000000000000000000000000C4
:1060DC0000000000000000000000000000000000B4
:1060EC0000000000000000000000000000000000A4
:1060FC000000000000000000000000000000000094
:10610C000000000000000000000000000000000083
:10611C000000000000000000000000000000000073
:10612C000000000000000000000000000000000063
:10613C000000000000000000000000000000000053
:10614C000000000000000000000000000000000043
:10615C000000000000000000000000000000000033
:10616C000000000000000000000000000000000023
:10617C000000000000000000000000000000000013
:10618C000000000000000000000000000000000003
:10619C0000000000000000000000000000000000F3
:1061AC0000000000000000000000000000000000E3
:1061BC0000000000000000000000000000000000D3
:1061CC0000000000000000000000000000000000C3
:1061DC0000000000000000000000000000000000B3
:1061EC0000000000000000000000000000000000A3
:1061FC000000000000000000000000000000000093
:10620C000000000000000000000000000000000082
:10621C000000000000000000000000000000000072
:10622C000000000000000000000000000000000062
:10623C000000000000000000000000000000000052
:10624C000000000000000000000000000000000042
:10625C000000000000000000000000000000000032
:10626C000000000000000000000000000000000022
:10627C000000000000000000000000000000000012
:10628C000000000000000000000000000000000002
:10629C0000000000000000000000000000000000F2
:1062AC0000000000000000000000000000000000E2
:1062BC0000000000000000000000000000000000D2
:1062CC0000000000000000000000000000000000C2
:1062DC0000000000000000000000000000000000B2
:1062EC0000000000000000000000000000000000A2
:1062FC000000000000000000000000000000000092
:10630C000000000000000000000000000000000081
:10631C000000000000000000000000000000000071
:10632C000000000000000000000000000000000061
:10633C000000000000000000000000000000000051
:10634C000000000000000000000000000000000041
:10635C000000000000000000000000000000000031
:10636C000000000000000000000000000000000021
:10637C000000000000000000000000000000000011
:10638C000000000000000000000000000000000001
:10639C0000000000000000000000000000000000F1
:1063AC0000000000000000000000000000000000E1
:1063BC0000000000000000000000000000000000D1
:1063CC0000000000000000000000000000000000C1
:1063DC0000000000000000000000000000000000B1
:1063EC0000000000000000000000000000000000A1
:1063FC000000000000000000000000000000000091
:10640C00430000000000000000000000000000003D
:10641C000000000000000000000000000000000070
:10642C00430000000000000000000000000000001D
:10643C000000000000000000000000000000000050
:10644C0043000000000000000000000000000000FD
:10645C000000000000000000000000000000000030
:10646C0043000000000000000000000000000000DD
:10647C000000000000000000000000000000000010
:10648C0043000000000000000000000000000000BD
:10649C0000000000000000000000000000000000F0
:1064AC00430000000000000000000000000000009D
:1064BC0000000000000000000000000000000000D0
:1064CC00430000000000000000000000000000007D
:1064DC0000000000000000000000000000000000B0
:1064EC00D525041065D303100000000048E004100B
:1064FC008CE1041044950410449504104495041048
:10650C0044950410449504104495041044950410CB
:10651C004495041044950410FFFFFFFFFFFFFFFF9D
:10652C00FFFFFFFFFFFF00000100415343494900FB
:10653C00000000000000000000000000000000004F
:10654C0000000000000000000000415343494900D6
:10655C00000000000000000000000000000000002F
:10656C00000000000000000000000000FFFFFFFF23
:10657C00000002000000000000000000E4270020E2
:10658C00E4270020EC270020EC270020F427002033
:10659C00F4270020FC270020FC27002004280020E2
:1065AC00042800200C2800200C280020142800208F
:1065BC00142800201C2800201C280020242800203F
:1065CC00242800202C2800202C28002034280020EF
:1065DC00342800203C2800203C280020442800209F
:1065EC00442800204C2800204C280020542800204F
:1065FC00542800205C2800205C28002064280020FF
:10660C00642800206C2800206C28002074280020AE
:10661C00742800207C2800207C280020842800205E
:10662C00842800208C2800208C280020942800200E
:10663C00942800209C2800209C280020A4280020BE
:10664C00A4280020AC280020AC280020B42800206E
:10665C00B4280020BC280020BC280020C42800201E
:10666C00C4280020CC280020CC280020D4280020CE
:10667C00D4280020DC280020DC280020E42800207E
:10668C00E4280020EC280020EC280020F42800202E
:10669C00F4280020FC280020FC28002004290020DD
:1066AC00042900200C2900200C290020142900208A
:1066BC00142900201C2900201C290020242900203A
:1066CC00242900202C2900202C29002034290020EA
:1066DC00342900203C2900203C290020442900209A
:1066EC00442900204C2900204C290020542900204A
:1066FC00542900205C2900205C29002064290020FA
:10670C00642900206C2900206C29002074290020A9
:10671C00742900207C2900207C2900208429002059
:10672C00842900208C2900208C2900209429002009
:10673C00942900209C2900209C290020A4290020B9
:10674C00A4290020AC290020AC290020B429002069
:10675C00B4290020BC290020BC290020C429002019
:10676C00C4290020CC290020CC290020D4290020C9
:10677C00D4290020DC290020DC290020E429002079
:10678C00E4290020EC290020EC290020F429002029
:10679C00F4290020FC290020FC290020042A0020D8
:1067AC00042A00200C2A00200C2A0020142A002085
:1067BC00142A00201C2A00201C2A0020242A002035
:1067CC00242A00202C2A00202C2A0020342A0020E5
:1067DC00342A00203C2A00203C2A0020442A002095
:1067EC00442A00204C2A00204C2A0020542A002045
:1067FC00542A00205C2A00205C2A0020642A0020F5
:10680C00642A00206C2A00206C2A0020742A0020A4
:10681C00742A00207C2A00207C2A0020842A002054
:10682C00842A00208C2A00208C2A0020942A002004
:10683C00942A00209C2A00209C2A0020A42A0020B4
:10684C00A42A0020AC2A0020AC2A0020B42A002064
:10685C00B42A0020BC2A0020BC2A0020C42A002014
:10686C00C42A0020CC2A0020CC2A0020D42A0020C4
:10687C00D42A0020DC2A0020DC2A0020E42A002074
:10688C00E42A0020EC2A0020EC2A0020F42A002024
:10689C00F42A0020FC2A0020FC2A0020042B0020D3
:1068AC00042B00200C2B00200C2B0020142B002080
:1068BC00142B00201C2B00201C2B0020242B002030
:1068CC00242B00202C2B00202C2B0020342B0020E0
:1068DC00342B00203C2B00203C2B0020442B002090
:1068EC00442B00204C2B00204C2B0020542B002040
:1068FC00542B00205C2B00205C2B0020642B0020F0
:10690C00642B00206C2B00206C2B0020742B00209F
:10691C00742B00207C2B00207C2B0020842B00204F
:10692C00842B00208C2B00208C2B0020942B0020FF
:10693C00942B00209C2B00209C2B0020A42B0020AF
:10694C00A42B0020AC2B0020AC2B0020B42B00205F
:10695C00B42B0020BC2B0020BC2B0020C42B00200F
:10696C00C42B0020CC2B0020CC2B0020D42B0020BF
:10697C00D42B0020DC2B0020DC2B002028D604108C
:10698C0028D60410000000000100000000000000E8
:10699C004A000000000000000000000000000000A1
:1069AC0000000000000000000000000000000000DB
:1069BC0000000000000000004A0000000000000081
:1069CC0000000000000000000000000000000000BB
:1069DC0000000000000000000000000000000000AB
:1069EC00FF0000003032002000000000000000001A
:1069FC00000000000000000085EA001079D60010AD
:106A0C001DDE001045E700103103001029040010B2
:106A1C00C95E001075700010A9950010919C0010B3
:106A2C00B59C001069F50010A5CD0110E53B0210D6
:106A3C009DE002107D8A0310ED93031091B90310B1
:04000005100001E9FD
:00000001FF
